1469609400,6.583448611234701,1.0E-6,2.2172264814024818E-5,1.0E-6
1262742,6.70475430957395,1.0E-6,1.0E-6,1.0E-6
431904090,3.515478835531021,1.0E-6,1.0E-6,1.0E-6
13299395,0.9916369837747905,0.21948871203272308,1.0E-6,0.09401300067413432
467814133,0.47452017294882887,1.0E-6,1.0E-6,0.5527600372978582
1114970510,0.5777566308651668,3.37799668704106E-4,1.0E-6,1.4836648885930613E-4
546998530,0.05654131211268593,1.0056799593636748E-4,1.0E-6,2.1288822729414973E-4
1971402599,0.07528839178086003,7.03083463791662E-4,1.0E-6,3.0407770830369226E-4
267906357,6.401729001292569,5.428797264077724,1.0E-6,9.004283829399306E-5
1676703,8.629908399614882,0.5752476681620534,1.0E-6,5.218146340260382
1542462653,5.150594094357421,8.594445576611445E-5,3.1774899455185177,1.0E-6
385182586,4.39634414449865,4.608560775419672E-4,1.0E-6,8.071824002609867E-4
1354076618,6.381037370094145,0.14552597294422245,0.6257070193087996,1.0E-6
1827621887,5.017928959435251,1.0E-6,1.0E-6,2.55603786475736E-4
15318279,5.602482390659594,1.0E-6,6.109752460816094E-5,1.0E-6
1112056,2.881861974055606,0.21075238941143382,1.0E-6,0.21789291647591844
2183178290,2.0482298172571274,1.9198736666665322E-4,4.432043757749942,1.0E-6
1551859751,2.404729334845545,1.0E-6,1.0E-6,1.0E-6
1714328,0.8945482309213882,8.187947314553427E-5,1.0E-6,0.010314931151929342
962785815,0.9569447005378491,0.6531836324362458,1.1544120049109092,1.0E-6
24211166,0.9535548075294457,0.5921137794270717,1.1251556158781961,1.0E-6
221758078,0.8769989967501288,1.0E-6,0.737901220303335,1.0E-6
1088969,1.7791817752685801,1.0E-6,5.500183177559129E-4,0.46579153190528183
2516898,0.7506542548630546,0.470473199268322,1.0E-6,0.11054821804561242
1406894013,0.5860904355837105,1.0E-6,1.0E-6,0.9092622930752724
1537191,0.7118823464846633,0.3648137459188162,1.0E-6,0.0834059856866509
2948999,0.4505997340812737,0.020127255393202613,2.88297641611992,1.0E-6
15343745,1.3598208061347365,4.434947050128068,1.0E-6,1.653398549694139E-4
15412975,0.7681406242252382,4.9859820637675725E-5,5.773660414318663E-4,1.0E-6
1545775,0.39726048197460057,1.4462003693160872,1.0E-6,0.18835324034814735
1696627228,0.0011720484964738067,6.0184867862666565,1.0E-6,0.0012143294505170198
1480704938,0.3080123183736604,1.0E-6,4.738530601766485,8.171660678975961E-5
278477371,0.39191709494443494,2.2627138836184333,1.3050849496841217E-4,1.0E-6
2031970835,0.3650876136704309,1.0E-6,1.0E-6,1.0E-6
787724071,0.39850465403855234,1.0E-6,2.024797199851574E-4,0.18682294531649676
26913335,0.23025153615588684,1.0E-6,3.2733809567092247E-6,0.3901078288389569
21751548,0.10843500414269291,1.0E-6,1.0E-6,5.333599848516045E-5
61691,0.06504192450745122,7.836548138526898E-5,1.0E-6,0.02340279258489296
1456330238,0.02762068262742307,1.9586330096331526,0.21484849806152959,1.0E-6
50474234,0.03507109163586802,1.0E-6,1.0E-6,0.24983391559962492
2645075,0.01284890768399821,1.4852898542718231,1.0E-6,0.34853270316756907
1722971411,0.12312508848505266,2.4678695692256775E-4,2.276454009751187E-4,1.0E-6
368237438,0.003237068353892022,2.0599508909254716E-4,1.0E-6,1.2599195058607455
1394586531,6.1760745370733545,1.0E-6,4.2005381892351904E-5,1.1631654369199319E-4
215014211,5.2417236966537395,0.09778607370837299,0.14396181046234677,1.0E-6
43580430,6.05464867438072,1.0E-6,1.0E-6,0.3520904110317362
264345969,1.3235449769563882E-4,1.0E-6,1.0E-6,3.95214166206269
25905206,2.4595031388529955,0.10709067916184016,1.0E-6,0.6909841292683677
1335967334,9.489383038381754E-4,1.0E-6,1.3076682688559042E-4,3.699023249347446
1534227225,5.442844838679984,0.0012966321752934985,4.759411911222557E-5,1.0E-6
2015349687,2.8073216667498664,4.098231267112148E-5,1.769128355589504,1.0E-6
245568716,1.4958840696257187,0.5611178928130192,1.0E-6,0.4571062359033902
922892,5.013134658901477,3.806730810930582E-4,1.0E-6,7.33035607456114E-4
1485590798,5.066092790152842,1.0E-6,3.5283744426833967E-4,3.19957990093082E-4
13429220,5.861317123447869,1.2478829784731926E-4,1.0E-6,0.8250653078307599
478780012,3.1312397341046645,1.9442418053575123E-4,1.0013848462226803E-5,1.0E-6
1549937221,0.9908259111365839,1.0E-6,1.0E-6,0.543234563878285
216497038,1.020281854996507,0.8466518299865456,0.09259527461175245,1.0E-6
30386835,0.7810192123413038,1.0E-6,1.4196195210138183E-4,3.689320514326898E-4
31533162,1.1621721518683845,1.0E-6,1.1998492048766825E-4,7.553777532946547E-4
21552360,0.4819546282944715,0.18665632237375368,1.479155048983743,1.0E-6
282674163,0.41101152810614805,1.0E-6,1.0E-6,3.988194223806779E-4
253875188,0.44409615634791993,1.0E-6,1.0E-6,0.7290000373411009
1593757006,0.07998428099003368,0.4374972079456018,1.0E-6,1.287755351699246
1470941396,0.26585910011606895,1.267827470247767,1.0E-6,0.2799615360848873
1227972770,0.06948520128708649,5.899120093900881E-5,1.0E-6,1.801127522671916
2063174114,0.0807470478951961,1.0E-6,1.0E-6,6.871433158767438E-5
1263811512,0.021514918750842223,4.514021363956782,2.3031257693611523E-5,1.0E-6
1427159752,0.04008059477952982,0.0018923577720072213,1.0E-6,3.624119665131672E-4
287467149,0.019792455158587276,0.8682568342771582,1.0E-6,0.24353625204626028
177274122,0.09391327926780918,2.1958667936291789E-4,1.0E-6,0.04603599316543318
328294485,0.036228099350492995,2.6872421922690095,1.0E-6,1.0E-6
1177786565,0.016046024905505076,1.0E-6,6.779659238209954,1.0E-6
1375412714,0.004438289280051604,4.1264132403645055,1.0E-6,1.0E-6
1856554,15.423440214929236,0.8656360690900596,1.0E-6,3.9375381696023526
1943148216,6.074697803983418,0.7356006939292333,1.0E-6,8.35836667924547E-4
54285677,16.543275061016228,1.0E-6,0.12965872920988047,0.3438401046885255
25839290,11.388861538327433,0.2093035647669434,1.1221005686612078,1.0E-6
360608500,11.316755720448583,1.0E-6,0.28159529085245194,3.0685927013004055
1531968802,6.155071938351899,4.7153049682797705E-5,1.0E-6,2.2258243679966163E-4
55153,10.196303923490037,1.0E-6,1.0E-6,1.0E-6
232933340,2.815531418981798,0.17429944026937544,1.0E-6,3.216452103287256
1649781242,11.543604315083567,1.0E-6,1.0E-6,1.0E-6
1386808,4.711388235619396,6.812312513831956E-4,8.034503802851806E-4,1.0E-6
317303826,5.6343929752897575,1.0E-6,1.0E-6,0.447272148643443
539308758,4.026458189402301,1.0E-6,1.0353302957621509,0.21584285456763566
8029226,2.0352286031667397,0.6185155300820057,1.0E-6,0.08271715780766507
419591776,1.2517823010836742,1.0E-6,1.0E-6,1.0E-6
42141295,3.154973647745268,1.0E-6,2.003235077512061E-4,0.09297382306770353
1442509122,1.0756206472375576,3.805856270039746E-4,1.0E-6,0.8330954734529785
686394932,0.8886201139718131,0.23050992795111264,1.0E-6,0.2402420546152473
33322378,0.611056150250434,0.514052695606999,1.0E-6,0.2873915826771151
14851693,0.38932531974493206,5.019645244680198E-4,2.8779317714095933,1.0E-6
1422773575,0.44131608334215144,0.006130988443735989,1.0E-6,0.7235934356698701
2176671300,0.6145634671441966,1.389950830656186E-4,1.0E-6,3.976296231819949
1476988950,0.49728964201599785,8.168051195951012E-4,1.0E-6,5.910277249566458E-4
5767799,0.04515284734300198,1.0E-6,3.3859081377752216,1.0E-6
25496,0.13816734184179086,4.7802464377347183E-4,1.0E-6,9.609052610823224E-5
25614620,0.051528610601361505,1.0E-6,0.18643657380486,1.0E-6
373669853,0.017226983547232563,1.0E-6,0.8731487201227255,0.22986593833853652
1517348844,0.026575518098863885,0.5339209119679984,1.0E-6,0.1107129415310145
358871966,0.013984205709898423,0.8269556081487935,5.5451941063665,1.0E-6
6239422,0.03480743281665722,6.614263617364691E-4,7.272159543464887E-4,1.0E-6
1153902371,0.015408450547383254,1.0E-6,5.051476768686531,1.0E-6
18454432,1.0E-6,1.2576958125284878,1.0E-6,0.06279416190652917
2126560010,5.373561919173501,6.948510930318617E-5,1.0E-6,5.140762330927407
793489,4.496944476332158,0.6570568621563376,1.0E-6,0.006368481869395375
1819997118,12.34409531414041,0.2084416885259561,1.0E-6,0.18249725523996552
1491152429,4.980683544728107,0.1508313153177172,1.890952869309996E-4,1.0E-6
2245324,4.7883529812916965,1.0E-6,2.0109332548428778E-4,0.6938222905592303
1278495445,4.689812748032209,3.32384236272188E-5,2.062736306297314,1.0E-6
577750387,6.566818633199258,1.0E-6,2.106161628884308E-4,1.0E-6
621297654,4.513047043826888,1.0E-6,2.703560851344365E-4,0.001365834669761311
1382916558,2.823389965088224,0.0012816572557964915,1.0E-6,2.6464205709330426
192974291,2.4397112920841124,0.18263656093524006,1.0E-6,0.08750070050621783
1331715096,1.842522340302869,1.0E-6,3.4692457528412446E-4,4.0164791785719486E-4
506234210,0.898192024771527,1.0158538890578437E-5,1.0E-6,7.021983742744534E-5
496776266,1.0384199626291997,7.65768457018793E-4,1.0E-6,3.840293989552066E-4
221252982,0.7720087494338395,4.070651048789352,1.0E-6,1.917875047407053E-5
9370272,0.695812969757276,0.460624397532578,1.0E-6,0.09550117207936908
721435072,0.5610618031204758,1.0E-6,1.0E-6,0.17115800155942887
789852986,0.5163846157154882,1.0E-6,4.766393069440722E-5,1.0E-6
1543999939,0.30419026263136395,1.0E-6,0.5097192888732244,0.3931790205276445
553038838,0.30413374365056123,1.0E-6,1.0E-6,0.27215805924604314
232007553,0.3528257940764473,0.872269440794779,4.7472842155596976E-4,1.0E-6
1499377514,0.27666567956709376,1.0E-6,1.0E-6,1.0E-6
280453972,0.06280139781645948,5.044381483735463E-4,1.0E-6,0.10308074517109042
2101001175,0.029783783781616103,1.0E-6,1.1923900027175238E-4,0.5033896701103341
1106052273,0.044004305457735586,1.0E-6,4.260227007133528E-4,0.058583412371807156
1555268,0.008795738036923816,1.0E-6,2.0154479273838204,0.0804904090773017
185147318,0.011166098590628554,1.0E-6,0.6309974565410861,0.34062976464109096
473769076,0.06622389553292006,9.504430052708238E-5,2.182397379595301E-4,1.0E-6
17504456,0.019453604899975697,0.6956011896632414,0.0031323151842982404,1.0E-6
35901338,0.01551451902917753,1.0E-6,1.0E-6,0.2874651097810514
499091330,0.06086387486578274,4.015016048157613E-4,1.0E-6,0.057396835143236236
489094581,0.025065104059298123,3.73823821901372E-4,3.4630670147094833E-4,1.0E-6
430746774,6.254328910436493,1.0E-6,3.111715893033329,0.0010328925833780341
698241691,4.972163380915242,0.1447938486209506,1.0E-6,0.952262103971523
2047152,6.306381489722991,1.0E-6,0.37204055163596966,0.8595854396285838
484426217,14.149340176769522,1.0E-6,1.0E-6,1.0E-6
1649551881,3.8183068562946243,1.0E-6,1.0E-6,1.0E-6
1144469368,4.395614766926403,1.2519796203893795E-4,1.0E-6,1.0E-6
1326277,5.796744264187897,1.0E-6,1.439213229805017,0.052690449029926145
959837397,3.772391981817091,1.0E-6,0.20190548592827787,0.08759034929390437
3125808665,4.616157155715893,1.3766684421292452E-4,1.0E-6,8.805602430994293E-5
392938880,6.4038000219720645,0.08216150740469003,0.404702396247993,1.0E-6
38275398,2.5351465060586764,0.15860913005485253,1.0E-6,0.18773849106200696
246114379,1.6340844341798357,0.1167472784449939,1.0E-6,0.5874521514570766
1904819173,0.987038114488134,1.0E-6,1.0E-6,1.0E-6
498198797,1.0826689178229125,2.790267065715466,1.0709457041940902E-4,1.0E-6
1218141950,0.4002037579509451,0.15442185213235143,1.0E-6,0.20449397683362552
1271676860,0.17444827613376318,1.6664625014124697,1.0E-6,0.1719099306302456
1676453981,0.18570467981183175,1.0E-6,1.0E-6,0.8741324367316416
425079374,0.2581540938308386,1.0E-6,1.0E-6,0.11856781715170087
1516785452,0.08884072864609657,1.0E-6,1.0E-6,9.265395881967324E-4
289565787,0.04452334615753617,1.0E-6,0.8984701392483218,1.0E-6
1045930117,0.04940493535974115,2.315088081327901E-6,0.0011449666797341655,1.0E-6
1480533045,7.401806523508786E-4,1.0E-6,1.0E-6,0.4566901247984364
1000424281,0.018479952407942906,1.4056516707164874,1.0E-6,0.3044022901768888
243496184,0.06475171188691523,4.017892969550079,4.819842890982035E-5,1.0E-6
1364311150,0.003631238612600195,1.0E-6,1.5608836528427405E-4,2.690905564577016
2968323592,0.1090609820781727,1.2951363520946531E-4,1.0E-6,0.06934461412013286
24513535,0.02536288607007714,1.0E-6,0.21022423134143692,0.2401705033986526
717886418,0.01976410057064841,1.0E-6,1.0E-6,0.3171308124447724
853689,0.07045654001619207,5.30482772034088E-5,1.0E-6,2.6023789019790733E-4
1490431958,0.003769563506072911,2.7010009623344695,1.0E-6,1.0E-6
1169719950,0.007073510063701321,1.0E-6,1.0E-6,0.38946502165962765
261196906,0.031562236246711436,0.09114098437192635,1.0E-6,5.717033476702004E-4
4331446,24.50265823282023,1.0E-6,1.332192447263435,1.0E-6
8938946,5.33159994711016,3.9419125351580035,0.018333035627489544,1.0E-6
45925025,10.123618468288862,0.18179369788210598,1.0E-6,0.5514192618042151
1491416138,4.397273308022837,1.0E-6,6.642349301095809E-4,3.965086129239794E-4
1401016,4.839743890191127,1.0E-6,1.8166909324537466E-4,1.0E-6
2025788866,5.127324759273785,1.0E-6,1.7275689008825776,0.0011949708650794203
1654614889,3.1175651222996246,1.0E-6,3.104634942945828E-5,0.6339356505976902
229136978,6.290380091217992,1.0E-6,1.0E-6,1.0E-6
1424109226,3.0487602668520655,1.0E-6,9.081924690711842E-5,1.0E-6
1215887186,3.5982930742908015,1.0E-6,1.0447298317654331E-4,0.31539762826411977
276680597,3.341686287029457,1.0E-6,1.0E-6,1.0E-6
449299746,1.6817091916867943,1.7751341423281175E-4,1.0E-6,0.005977796594199119
818729,1.4461376388721163,0.23955213714404977,1.0E-6,0.09646914944022934
2186924131,0.12553429798529658,5.926531545301248,0.0010112326513619185,1.0E-6
670609188,1.5870262896598528,1.0E-6,1.0E-6,0.410759827769367
752373297,0.0017023650388563708,1.0E-6,1.0E-6,3.3281819294235353
177821977,0.6831085434853651,1.0E-6,1.0E-6,1.0E-6
419425480,0.6176321407096147,1.0E-6,2.9738614376306135E-5,0.49249253186082853
2280568248,0.7164319199530506,1.0E-6,1.0E-6,2.3007492215034785E-5
91415,0.45241628269148415,1.0E-6,1.0479476207622747,0.28067268703035847
1751791049,0.5253367573207395,3.1208729908245483E-4,1.6365740910320004E-4,1.0E-6
1567628479,0.2950260295688691,0.28342530990448195,1.0E-6,0.1969126718234976
79286,0.2977975006409467,1.0E-6,1.0E-6,0.4748231157067979
637389737,0.2707069910514365,1.0E-6,1.0E-6,0.2789955381290289
1139660770,0.2539330160533483,4.199640768476763E-4,1.0E-6,0.42630655400426665
1175334097,0.08524241965913534,0.0034303027250564893,1.0E-6,0.18352293893306315
45207098,0.029451366922011946,1.0E-6,0.0631327755844831,0.32446340710265925
2809647,0.006536855238792285,5.430300495656801,1.0E-6,0.2292407824818579
1636331635,0.00872022265315403,0.806423343203118,1.0E-6,0.5446426764782611
459180955,0.017037572404437686,3.735111151120895E-4,1.0E-6,0.3767931929921545
48067105,0.02833627894425404,0.16612271563922199,1.0E-6,0.001567950467931521
300562191,0.11586170438616283,2.1059037551711022E-4,1.0E-6,3.2796137150314366E-4
1435651265,0.023821554329546156,1.0E-6,1.2418967803939874E-4,1.3921643749552177E-4
2397254,0.02014848006765585,1.421964898801601,1.0E-6,0.09822114675925879
1773556180,0.001379839392002248,1.0E-6,5.525842591494985,4.6410805566944054E-5
1435018358,0.010127753138825324,1.0E-6,3.0701836192229335,7.192490501349878E-4
1636712716,0.0028511948203442626,2.6503292555498628,1.0E-6,0.5185248289736903
325307068,22.97586624373631,1.0E-6,1.0E-6,1.0E-6
286776930,19.515253288774975,0.44453098840505884,0.12301416413332682,1.0E-6
3357667,16.98913805114613,0.5659898023630929,1.0E-6,3.154178844398915
1524747123,9.21730302121322E-4,4.600677019434684,1.0E-6,8.137902460566442
5540769,21.23501531396308,0.4864148964771878,1.0E-6,1.0E-6
1956431,20.443748521309804,0.19502984091963402,1.0E-6,0.4306930324228234
2073559080,4.560019694973342,1.0E-6,1.3405354936531265E-4,5.497951385451145E-4
45816005,1.1462905624720257,2.0996971343060928E-4,1.0E-6,1.1644909524991306E-4
233899409,2.535636629326056,2.943525006160767E-4,1.0E-6,0.1758103277011957
1691802,1.702535313812789,1.0E-6,1.6504500656526317,0.07304402860281052
1288083675,1.56964613243942,1.0E-6,1.0E-6,0.18156071972670204
1478180863,2.3943443175244834,2.8202677031581764E-4,1.0E-6,1.0E-6
2942141729,0.0013065980782108815,1.0E-6,1.621554131293584E-4,2.377250250223727
1565173930,0.07444628214458221,4.701982438834218,1.0E-6,0.0018623225171032788
1355986145,0.8089145985805026,5.453288717229304E-4,1.0E-6,0.0010844741706787365
387826753,0.8673729148719339,1.0E-6,0.306835195725249,0.13949884577882568
445583504,1.836522406709465,5.933381661093694E-5,1.0E-6,2.7475437685368307E-4
973423826,0.24643754187014785,2.6534330378213875,1.0E-6,0.1354937553419781
1501575,0.5830212887610748,4.264628375604644E-4,1.0E-6,3.91570784242377
616930563,0.3388918114757819,1.0E-6,0.45256423820849906,0.6837787055690261
31314909,0.45590219504999185,1.0E-6,3.272137678652441E-5,1.548120060737055
2821360,0.4044139483368219,1.0E-6,1.0E-6,0.3447136156504034
1304193556,0.48220955144561434,9.844190570380343E-5,2.8610545157426975E-5,1.0E-6
2308975565,0.6932246251629203,1.0E-6,2.6514791118404247E-4,4.711710542899633E-4
3999606,0.2330491870635915,1.0E-6,3.159295666441334E-4,0.3352773690861869
465923525,0.10197326780248933,2.35874589810145E-4,1.0E-6,2.0103192642963966E-4
1373831958,8.530491293457011E-4,1.0155213388885094,1.0E-6,1.3739693591074902
1264037986,0.24923989256954335,1.0E-6,1.0E-6,5.957228843053858E-4
16467772,0.1042738845207249,1.0E-6,0.15765685683639863,5.541990193598103E-4
1414182837,0.03221517344871867,1.0E-6,1.0E-6,0.24191652803936015
440174189,0.038223066760795406,1.0E-6,3.0457472398156942E-5,2.757530192860856E-4
3599657,0.036960282992999874,1.0E-6,1.0E-6,0.09581491427640164
1837920954,0.07970241654188305,1.0E-6,4.1239169030127876E-5,8.876724425648032E-5
1300620796,0.0037855403265328793,2.54055126117672,3.690586854331871E-4,1.0E-6
180442293,0.04629055258069164,1.0E-6,0.28361575969353514,2.3858694816939777E-5
1328039922,0.029761164703536215,1.0E-6,2.309799379615927,4.296041298115032E-4
466158442,0.14001048271217853,8.712678810505863E-4,1.0E-6,5.295180458644271E-5
367027130,0.013424178542238388,3.375677674763276,1.0E-6,1.0E-6
327925714,0.015145422139174304,1.0E-6,0.023806014204879395,0.0024660009149472225
1985920060,50.08651865894473,1.0E-6,0.3130427974914516,1.0E-6
1183567008,34.00747448744352,3.170903903403993,1.0E-6,1.0E-6
1856150,27.768287050497786,1.0E-6,0.646734743989508,0.09082222695459928
1962233829,4.928230159367503,0.002760364036078088,1.0E-6,1.8289770412136122
1516472907,0.008037169513850553,1.0E-6,1.84845982112311E-4,4.39548332988317
144499478,6.353834938601155,1.0E-6,1.0E-6,0.12126991646696321
1116592402,2.9394215757629536,8.903095664076719E-5,1.0150837636949402E-4,1.0E-6
13436270,2.779139076662967,1.392065100008699E-4,1.0E-6,2.9948412121111475E-4
233923718,0.5685633844709576,1.0E-6,8.740585571211031E-4,0.6179545101671599
1412514814,0.42391846760719265,5.005471446283216E-5,1.0E-6,0.8316397658575171
38291410,0.18156774936545642,2.7795851396386153,1.0E-6,0.6891707472954478
2210447,0.681987536982042,1.0E-6,1.0E-6,4.1791557036903237E-4
1579010136,0.574994274128209,9.987113700351575E-4,1.0E-6,7.406464012150591E-4
1209532996,0.2715280884384452,1.0E-6,1.0E-6,0.2674079312268968
1492725998,2.4086369807981305E-4,5.916468224416983,1.0E-6,5.7244375582599624E-5
1918162045,0.12548923807343587,1.0E-6,4.244223743426115E-4,1.2143870562813317E-4
223279297,0.06272773706590139,2.3813275048127266E-6,1.0E-6,1.0E-6
816927414,0.08194823431290886,0.001115530509443398,1.0E-6,8.077048861779397E-5
1017038,0.03742605488169967,1.0E-6,2.5498027016728884,1.0E-6
673326824,0.06832358239059984,1.0E-6,6.785107239822729E-4,2.5382075284768754E-4
755662980,0.07520353636673896,0.001225807271751533,1.0E-6,1.8325535994592472E-4
185953913,0.017396724883389093,1.0E-6,0.32005421174731485,0.4179359989179885
410823480,0.034834885217029724,1.0E-6,1.0E-6,1.0E-6
416747483,0.015452527931176257,0.010045158164611408,1.0E-6,0.614429865540751
1576395300,0.007192248805826995,1.0E-6,1.0E-6,1.3032875550418608
237178974,0.051680251369032565,8.50867345611022E-4,1.0E-6,2.0199623688009724E-4
434113701,0.059548741321197016,1.0E-6,1.2033242891967483E-4,1.0E-6
1553062,0.005389077180388972,1.0E-6,2.531216854807042,0.47909907870837565
1691605549,6.663813832772527,3.2960261980793324E-4,1.0E-6,7.454110781069845E-4
1032744242,17.144273339840254,0.025404497849267967,1.4280123073671653,1.0E-6
305293405,24.9471714690235,0.7603399749401507,1.0E-6,3.0695376004193324
477795958,5.061236746173678,1.0E-6,2.147309470625973,0.7049984267060729
698951556,4.512514604748399,1.0E-6,2.603627839051555E-4,0.015343392555547446
1296293073,3.182521997422913,0.4383580421545376,1.0E-6,0.6960802303793553
532940651,4.949434089954459,1.0E-6,6.300688029747895E-4,1.1739378408005463E-4
1409019759,3.017213823168704,0.0014256975194839264,1.0E-6,5.856479172805202E-4
288415648,3.0710073751191342,0.14605053525579786,1.0E-6,0.1886684065210896
2196844247,3.2833356829585023,1.0E-6,1.0E-6,1.0E-6
1083349321,1.6730093648143296,2.848841479216828E-4,1.0E-6,5.411493176679902E-5
1869324,1.7590492031754064,6.144721022378352,1.0E-6,6.603522493931837E-5
10217226,1.315794906887294,1.6833100674519083E-4,1.0E-6,0.49941748156568144
1651870031,1.6254962748416377,1.0E-6,2.2610017655367943E-5,1.0E-6
587003481,0.4544155617790346,1.0E-6,1.0E-6,0.21198998295951837
1568310191,0.416774714435816,1.0E-6,2.1175860354588708E-4,0.16902144726391
1706203427,0.3224559111101295,2.1003047012256592E-4,1.0E-6,0.0014010332238753238
14869619,0.03593395684156771,0.0019283106055407273,1.0E-6,0.09215190569445857
317988743,0.04006409255417022,1.0E-6,0.001386598887464319,0.006001311656077143
798491561,0.012340452007324832,0.16364687297427322,1.0E-6,0.4803751668121391
1833036267,0.008222528091100908,0.9732244362896744,1.0E-6,0.6394455849574066
1734853732,0.03662282049255096,1.0E-6,7.065545581425146E-4,0.008919797653724646
217639909,0.07351153211909005,4.970016471819562E-5,4.0808618434497035,1.0E-6
20049903,0.062351241721087886,2.2944108632341786E-4,1.0E-6,0.08384446714446056
31283052,0.016422379799625794,0.7452733990607009,1.2443723342533985,1.0E-6
198442710,0.014113327736355014,0.0019279771170825385,1.0E-6,0.5742590275739113
326759817,0.017051707807030157,4.0265566759935846E-5,1.0E-6,1.0E-6
632452757,0.06700660793734295,9.964628935315925E-4,2.5572758166610555E-4,1.0E-6
44605115,1.2019678705010474E-4,2.5994657113933198E-5,1.0E-6,0.5953628251842628
8429742,0.020420839449376935,1.0E-6,1.0E-6,0.09526992680325916
54793988,32.367447162506686,0.7830746693910985,0.6482077804515817,1.0E-6
3429244,12.94685734567409,1.0E-6,0.15272579422055613,8.318690332352073
1481096959,11.463806073878464,0.3593232317987025,1.0E-6,1.0E-6
2641062,9.379330533320251,0.16762783859707242,1.0E-6,2.666266488157257
1770922172,5.537138582593773,9.053167402903177E-4,1.0E-6,1.0E-6
536175077,0.07264933917874285,8.464157914999466E-4,1.0E-6,5.436154119066261
363140498,2.7648519342375724,1.0E-6,1.0E-6,1.0E-6
203244119,2.1925219930872317,1.0E-6,2.0673947348018307,1.0E-6
421383221,1.5648005602289088,1.0E-6,1.0E-6,1.0E-6
13763185,1.19720588995295,1.0E-6,1.0E-6,0.08740882681134371
457199627,1.2550586856470503,6.517168330000592E-4,1.0E-6,2.9423905530142735E-4
1955404609,0.7590364490472191,1.0E-6,1.0E-6,0.43499045106466944
399747591,1.426994992432758,3.244801921923725E-5,1.1180486715771395E-4,1.0E-6
258055186,0.4900297642022927,2.4858308918645377E-4,1.0E-6,6.839306014007751E-4
554792230,0.4675767425885261,0.40176413892076357,1.0E-6,0.2905445219975103
1443314383,0.7511237252986983,1.0E-6,2.850819850068333E-4,1.0E-6
530897843,0.16869288474187746,1.432181340888063E-4,1.0E-6,1.3164638608695234
23788064,0.33946473205141164,7.466822351344324E-4,1.0E-6,6.339649295822752E-4
234122468,0.3486931673719232,0.41554894277495624,0.09092023872245997,1.0E-6
32329455,0.3462933185674351,0.28276480635984275,1.0E-6,0.14626802738488176
1482864011,0.2972425753213879,1.0E-6,1.0E-6,1.0E-6
1573031,0.05942247717748259,9.45178723973957E-5,1.0E-6,0.0824717841334505
308479058,0.023955948476039324,1.0E-6,2.076578049085083,3.6241311723806877E-4
228131766,0.02975383139989326,1.0E-6,0.09824760411499016,0.002211258878483813
188294184,0.020809609852731028,0.45805615417305934,0.6412169048524423,1.0E-6
242298165,0.022782429538554423,1.0E-6,0.8670711691171425,1.0E-6
399496791,0.011872614709469318,1.0E-6,1.0E-6,0.3010674844618341
189380759,0.005806010922725249,0.584478406732977,1.0E-6,0.582236435091549
2049694412,4.796912357434674,3.8072878313956176E-4,1.0E-6,1.475413573884747E-4
1495967240,4.71047041845255,1.4485147906752134E-4,1.0E-6,1.4222602672965857E-4
1016338314,4.5401067794354235,1.0E-6,0.38853191317564667,0.2498309235689939
976955592,1.0799002335375585,0.3342603146975212,1.0E-6,0.33613922978695315
46879111,0.8049142756080587,1.0E-6,1.0E-6,1.0E-6
785790431,0.30164730559555236,1.0E-6,1.3441582969559185,0.04630533352052469
602639885,0.31724909800414053,1.0E-6,1.0E-6,1.0E-6
409147008,2.514393592721409E-4,1.0E-6,6.111491081728044E-5,4.2433745404986025
325951115,0.07479386624244988,2.0935546803663093E-4,1.0E-6,1.0E-6
1171396364,0.048495013354523914,1.0E-6,1.0E-6,3.4102350054117007E-4
274978867,0.019597798893252926,4.122823097107608,1.0E-6,3.602187344369434E-4
1691535053,0.037769735852532946,1.0E-6,1.0E-6,1.0E-6
1302497498,0.05238070500851226,1.0E-6,3.2139576718835547,5.749586377861196E-5
416576311,0.010520580528182031,1.7651447181403437,1.0E-6,0.06359195600235006
1082428988,0.0062150003831433,1.0E-6,1.0E-6,0.536852966272893
311231643,0.006521587813736059,1.0E-6,1.0E-6,0.3439394721829857
24693259,0.007639008937369367,1.0E-6,3.111956069071153,5.287736397540987E-4
1454352926,11.095643033644922,0.4759519800259956,1.0E-6,7.599978783315111
1605254150,17.019466566263972,1.0E-6,1.0E-6,8.41648440296057
422169964,2.360244965273855,1.0E-6,1.0E-6,0.5492082795409952
35168079,3.4310710481010878,0.18042509259787698,1.0E-6,0.14758272904498754
193880636,3.302181029063795,1.0E-6,1.0E-6,0.32967641312516993
600642819,2.3875682677568677,1.0E-6,1.0E-6,0.09977295010318964
208471870,1.2920123988050263,1.0E-6,0.21018700039008897,0.11411626696060372
1753558959,0.9752125984782355,6.904493745578044E-5,1.0E-6,0.0015201573093786872
470262620,0.6442771789630998,1.6188609821885627,1.0E-6,1.0E-6
1555906765,0.7378279084277433,9.77318500264867E-4,1.0E-6,5.107716631491828E-4
1507156742,0.5289976326475259,3.18203672952153E-4,1.0E-6,1.2692974836292448
1484325420,0.8750956740910245,7.818467317109123E-5,1.0E-6,8.379914485920012E-5
557687018,0.8015760543939289,1.0E-6,1.0E-6,6.0573663951079186E-5
557637002,0.41327198504340895,1.0E-6,0.0015634182457084044,0.003915434040922061
1679620202,0.5177309647088209,3.662133118665185E-5,1.0E-6,1.0E-6
360644987,0.16393698516617156,1.0E-6,0.5838300324033178,0.643829511840968
3081667,0.5416033563455201,7.614952505383989E-4,1.0E-6,0.0019069109081122485
14226171,0.15367380690369084,1.0E-6,0.17620535149786137,0.15262616036011278
320887137,0.01739762551490075,0.6883760260323449,4.93535373494788,1.0E-6
1520545325,0.05152951765331196,3.997291570589082E-4,1.0E-6,0.0538066429442868
787034200,0.11672783955795622,1.9191010401679133E-4,1.0E-6,8.727543144202655E-4
6878507,0.039230459896580125,1.0E-6,1.0E-6,1.0E-6
200486085,0.01361479545108859,0.3932567785263394,1.0E-6,0.3059748032901234
975715980,0.02590927080725287,1.0E-6,1.0E-6,0.11713062745277872
1086907885,0.02104363841281002,5.059326540715908E-4,1.0E-6,0.08426085185103616
1326449464,41.616447712502136,2.9317730979137617,1.0E-6,1.0E-6
855086,6.764918462320852,1.0E-6,1.0E-6,1.1028631646129317E-4
600462354,6.297218901250304,0.003803429358387453,1.0E-6,0.22045807708650791
1515586953,3.1686457064160263,5.395534352444375E-4,1.0E-6,3.785009564264949
1818706836,2.604192093644042,0.14631828723312362,1.0E-6,0.3574401433557125
4584966,5.525579621995265,1.155950466905867E-4,1.0E-6,1.0E-6
565062187,1.6047906476031204,1.0E-6,1.0E-6,0.1751500836348559
796936457,0.9290718269769013,3.9216959584095376E-5,1.746735407762471E-4,1.0E-6
362626626,0.5969512188580034,0.07467782608966964,1.0E-6,0.056341832869118334
1522027594,1.298209656817736,1.4654896249533032E-4,9.184005495892938E-6,1.0E-6
224608307,0.9922278230657425,8.410880321578502E-5,1.0E-6,0.19977037847073983
1659033973,0.16876626928305474,1.365912188199653,1.0E-6,1.1693579284595776
607866507,0.9240105334641839,0.165704102510155,1.0E-6,4.0956791486721996E-4
1914530079,0.19607423026042703,0.18710890164005933,1.0E-6,1.135566279823299
1465362960,0.3383090519196805,1.0E-6,1.0E-6,5.144025229415389E-5
1532131743,0.04999339516442887,4.829440999920309E-4,1.0E-6,0.0029434845554566443
4567477,0.004093218769494525,6.197820345069868,3.0654047895955907,1.0E-6
28893179,32.04780925068707,1.145849177673693,0.32525055402484915,1.0E-6
504504226,3.2064348497720153E-4,3.29354239668658E-5,1.0E-6,6.698388276978477
44111646,4.591971625269375,8.796925301530138E-5,1.0E-6,1.135046246855573
1320835879,4.770334513977561,0.13217574917147795,1.0E-6,1.3315234256117727
1178430872,5.750024454180135,4.115602523833072E-4,1.0E-6,0.2369293452079661
266954200,4.0158367358451255,3.7995929804036314E-4,1.0E-6,0.06916169517309055
245980254,0.7415213517307196,1.0E-6,1.0E-6,0.15736286823105822
1228619,0.5380534843233983,0.18079918268768874,1.0E-6,0.19245432768287662
902199,0.8659722036891827,4.399317134472201E-4,1.0E-6,0.6941646306630452
5497777,0.39489814628954784,0.1590933714994297,1.0E-6,0.1281225417565137
1398219140,0.24825633571290895,1.7454409907691692E-4,1.0E-6,2.887032327194494E-4
7326258,0.4406612111939645,7.433927924273647E-4,1.6915538373136902,1.0E-6
1389152936,0.5534802781627678,1.0E-6,0.001758453946730373,0.002469659490155513
12294825,0.34704658993443216,1.0E-6,1.0E-6,1.0E-6
37418852,4.912754052788304E-4,1.0E-6,4.4333641448189585E-5,2.3882492388804426
202233073,0.0461206342126258,1.0E-6,1.0E-6,1.0E-6
4277286,0.04415181993344205,1.0E-6,1.0E-6,1.0E-6
513777862,0.05509155582987619,5.578639722735913E-4,1.0E-6,0.03358893680404923
6339155,0.025161345511510093,1.0E-6,0.6635960790755737,0.1384087692265845
598953104,0.0873286722744655,1.0E-6,1.0E-6,5.474395949392587E-4
1036313865,5.467383540026697E-4,3.736202278020403E-5,1.0E-6,0.20275922175653716
292541916,0.02221910478114498,1.0E-6,1.0E-6,1.0E-6
549914473,0.005450262759998809,1.81761819239501,1.0E-6,0.29045073445933534
1507355199,10.04669750175298,3.9824941758057934E-5,1.0E-6,0.0010130687677925468
28249774,6.001616033711293,0.0018189874553289189,1.0E-6,0.0022585702885299166
25969892,3.452726001194649,0.09689792776104768,1.0E-6,0.11679233053469777
1153093183,4.629038405756407,1.0E-6,0.004598498390302575,0.0012658541989994574
1649486146,4.615090123403244,0.0017540226271323964,4.733150948256328E-4,1.0E-6
422202887,0.7306623166308961,1.0E-6,1.8766497772641736E-4,1.0E-6
527605791,1.4934986501721805,1.0E-6,1.0E-6,1.0E-6
1757730544,0.8319883280763699,1.0E-6,8.294790222212943E-4,2.7174312696951516E-4
278969024,0.36175987652812447,1.0E-6,1.0E-6,0.009060396955730125
56061555,0.328741234314993,0.2781435124568618,1.0E-6,0.1618124079250826
3925743,0.049548371309603816,0.01838636779800922,0.0035539645309605314,1.0E-6
239723074,0.0535260220165921,1.0E-6,1.0E-6,1.0E-6
267960956,0.02320568283479802,1.0E-6,1.0E-6,0.6283985208410988
661565659,0.004041601231148553,1.6500022035035634E-4,1.0E-6,3.642533220728788
431007701,0.01584717949504391,1.0E-6,2.291754503937135,0.1770868953729586
262061359,0.012639405156725137,0.4730239740106633,1.0E-6,0.30998557756264844
1674727,0.00875102080075395,1.0E-6,7.008763686490853,1.0E-6
562986421,4.395871235026932,5.39684090683818E-4,1.0E-6,2.535194898312687E-4
307212206,5.917057359358486,3.227525615048442E-4,1.0E-6,6.578874495855117E-4
329032009,1.5465896925112383,0.12333632001557567,1.0E-6,0.30310289341517954
1499366709,0.9473136316542241,1.0E-6,0.0019035568738790531,0.2961243357400075
1277491366,1.1910789038375609,3.070623806437022E-4,1.0E-6,4.4539279421101306E-4
315377927,0.39050706809981456,1.2946566860829993,1.0E-6,0.13462577292526032
1400344254,0.5125315191709806,0.4770931781619822,1.0E-6,0.658230882125122
395692372,0.3657312395088071,0.32637970348493145,1.0E-6,0.5408817657971033
7251090,0.2889930863641015,1.0E-6,1.0E-6,0.2144047820518622
602163313,0.2657164354566825,1.0E-6,1.0E-6,0.22846523816310677
976675492,0.21843304448619952,0.0013441486310286333,1.0E-6,0.19577169678524228
528372598,0.05497304897966921,1.0E-6,1.0E-6,0.14328951640533494
1776159778,0.04648816143117103,0.0018755133299276714,1.0E-6,1.0E-6
2138705146,0.03041950967375649,2.866087436308389E-4,1.0E-6,0.18571975765708434
1467334728,0.017612352183250624,1.0E-6,1.0E-6,0.5307490805261841
905890985,0.025237357284521676,1.0E-6,1.0E-6,0.0892423970508122
1490671767,6.336055102066655,0.007265316939126718,1.0E-6,0.06728702166033425
517406675,5.231231762039177,1.3108394967734888E-4,1.0E-6,3.7943429527864465
262385842,8.65460706296306,1.0E-6,1.0E-6,5.4288245802253
1627581574,4.797948443573659,6.59900624878855E-4,1.0E-6,0.006763271685800858
1293482,1.488590883093409,0.3178598561502515,1.0E-6,0.0868845520311932
21142246,0.8048769747521478,3.915329746504485E-4,1.0E-6,1.6682465199681686
1175253,0.07112112341238414,1.081907137533017E-4,1.0E-6,1.0E-6
29574323,0.025216065482220967,1.0E-6,1.0E-6,1.0289200665923889E-4
1677872605,4.797379440166047,1.0E-6,1.0E-6,9.33955854172372E-5
315420407,7.847104431051135,1.0E-6,1.0E-6,5.526706234971395
367792890,4.287856759670865,1.0E-6,1.1659901537437312,6.0480497962244556E-5
18382607,4.7966051638212095,1.0E-6,1.8175397576848014E-4,5.334693210185095E-5
252220691,4.804998688917328,9.351634525378456E-5,1.0E-6,1.0E-6
1720320675,2.2788768561701946,0.2812177918397048,1.0E-6,0.9188070596671271
596888605,3.9531954066720445,1.0E-6,2.7504960531833285,0.08172806651197925
356916851,2.0671503959781075,0.5529179569595986,1.0E-6,0.15515480169758536
3398876,2.6312158974912974,0.12298337204088083,1.0E-6,0.2465896267586594
13889052,1.1951328704779243,0.017103149444965566,1.0E-6,0.024146484333726233
1522963042,0.9269518914241541,1.0E-6,1.0E-6,0.19805772288993737
536515954,0.8070138844837935,1.0E-6,1.0E-6,3.7712548133119745E-5
1239547647,0.7572409103611377,1.0E-6,1.0E-6,0.003608818510212192
660530792,1.138993378841029,3.969325103912688E-4,1.0E-6,1.010424298279222
13114092,0.4740243990355222,2.26319454104684,1.0E-6,0.23399976597662794
227342221,1.3059421475289128,1.0E-6,1.0E-6,1.0E-6
490407155,0.8045315334224008,1.0E-6,1.0E-6,2.529487551408538E-5
1964604447,1.0350726014894691,1.0E-6,8.882591271801784E-5,4.596550509898142E-4
145795748,0.33731083755043767,1.0E-6,1.1599227756277783,0.1518051312580802
216469060,0.04588823528251511,1.160268469359376E-4,0.9761390603352406,1.0E-6
1293951323,0.045196258957546434,1.0E-6,1.0E-6,1.0E-6
234623250,0.02653710512464029,1.316552434445551,1.0E-6,0.19010685433145103
558684145,0.01900485569871685,0.02863977275983345,1.0E-6,0.002480931241953494
4623497,0.061815454510723455,2.3151742391673004E-5,1.0E-6,2.91635480342683E-4
249061491,0.034845645437111536,0.37890220075193437,1.0E-6,0.03984426676868821
1702552003,0.026744919453306877,5.27437606534726E-4,1.0E-6,2.5513159818708967E-4
47525,30.982717111811596,1.0E-6,1.0E-6,6.458883497376309
53960967,6.115333402689912,2.429778432111604E-5,1.0E-6,1.0E-6
183636049,4.710974631909035,2.517407615276563E-4,1.0E-6,0.005683932925403305
1543676122,4.796896109480897,1.0E-6,1.0E-6,3.245300010097854E-5
196778200,6.315097662852194,1.0E-6,0.3739890289183481,0.4158751826793759
400235601,6.030648255219982,0.11485044158575537,1.0E-6,0.13145277761283392
263832221,4.001076314233661,1.0E-6,1.0E-6,0.3718863069250304
883349757,1.6103475402424308,0.002505409265445505,0.0010619008636367057,1.0E-6
1265783821,1.729394515788507,1.0E-6,1.0E-6,5.323973561863706E-5
449067455,1.316492028890759,1.0E-6,1.0E-6,0.2190073590494844
31836700,0.8173554125686551,0.29202374517088797,1.0E-6,0.32144520669053556
207765407,0.4758685254392021,1.8458344090841525,1.6419719859823312,1.0E-6
646795831,0.6489430149915555,1.0E-6,1.2306108629560681E-5,0.2149645541211423
1227476,0.2899749257812414,0.6979665964403893,1.0E-6,0.9762333653055033
466438858,0.41957244072590955,1.0E-6,8.025862830737717E-5,9.062609282397614E-5
303310424,0.05243448483088861,5.849575832649762E-4,1.0E-6,1.7967357508237753
745141012,0.0523567676180901,2.2019080665371167,1.0E-6,3.641733125616189E-5
459486971,5.589221095041154E-4,1.0E-6,5.497458543693257E-6,1.7889759701369488
1244851794,0.051389648489556065,1.0E-6,1.0E-6,1.1265939942738989E-4
930783860,0.03366729312840677,1.0E-6,1.0E-6,1.0E-6
726342021,0.02119798897176542,0.0017350449445625725,1.0E-6,0.05594408923953847
295032399,17.110461890999865,0.6096038332619793,1.0E-6,5.108779396316802
54194045,4.335231720395227,0.0028066678181327357,1.0E-6,0.19306856465845307
349509147,3.628225923920895,1.0E-6,0.18511941939120097,0.16071025935879793
28946283,2.4842721199917,1.0E-6,0.9510448301139802,2.9802644934342104E-4
8615719,1.8437004223833178,0.18437910457708623,1.0E-6,1.0E-6
489759486,0.9865791640070933,1.0E-6,1.8623002816074066,0.0012328118785838635
213089330,1.1458501138441313,2.509456580536524,0.016781458509721514,1.0E-6
316964053,0.8613493305593468,1.0E-6,3.171602624665479,0.006935004035198264
1027212419,0.9181438905424465,3.883477825192806E-5,1.0E-6,0.4428772430046459
2316813039,0.6801074143592578,3.8817426435785844E-5,1.0E-6,0.43400566002410784
205179636,0.4415562293508073,1.0E-6,2.8407165602022474E-4,7.337700927607563E-4
179649326,0.21934439594974406,0.0016229564713529474,1.0E-6,2.848573036170968E-4
467702658,0.03491799703349327,1.0E-6,0.0023330817564257427,0.13862903483373717
1172289835,0.0410122118844001,1.0E-6,1.0E-6,1.0E-6
1030664219,0.015149513371926113,4.3347991005370624E-5,3.849843316058644,1.0E-6
468098413,0.053461308710465116,9.856797432336853E-5,1.0E-6,3.2597461635243023E-4
1466683017,10.482770705189367,0.1314768395724412,1.0E-6,1.0E-6
1380723642,9.74562026853731,0.1742336198736648,1.0E-6,4.561322984974294
22628170,1.5037125372631466,0.37616375789434536,1.0E-6,0.13446500205437265
1435070648,0.9681383736385982,1.0E-6,1.0E-6,0.10502660066153127
357757604,0.5922316346772996,1.0E-6,1.0E-6,4.320407380144445E-6
749668537,0.4715335122366357,1.0E-6,1.0E-6,1.0E-6
905938824,0.25905191186750937,1.0E-6,1.0E-6,1.7044966573615124E-5
1473393,0.04134464572727976,0.11299379919641683,1.386968687765614,7.389215561258049E-4
1460711082,0.00533751181084773,1.0E-6,1.0E-6,0.9302552775071804
238380518,0.024071852779106964,1.0E-6,1.0E-6,0.2087148312156105
11743588,0.015684674775382667,2.2809469703587317E-4,1.0E-6,0.47947073907552024
276603658,0.030275477753876928,1.0E-6,8.975653087606836E-4,6.637698779538022E-4
1557895756,37.0043704722716,1.0E-6,1.0E-6,3.9581993108448557
202670502,6.338142936986855,6.096310370070705E-4,1.0E-6,2.034356365905163E-4
198854466,8.445398563528627,0.08813431436586741,0.22981846683063,1.0E-6
1929380441,4.901963709949854,0.0031386840461086613,1.0E-6,2.1645100048191432
572377614,0.07490107251068738,0.0020992716989427745,1.0E-6,3.034225973768142
1359231784,2.1184120120252485,1.0E-6,1.0E-6,1.0965821894457109E-4
495379863,1.5409897725923787,1.0E-6,1.0E-6,0.10846197706731284
40366309,1.8644200157720878,0.21234955505980752,1.0E-6,1.0E-6
8907823,3.397630458697211,1.0E-6,1.0E-6,1.393575222082002E-4
564835471,0.7013254528516082,1.0E-6,8.62107662378084E-5,1.0E-6
1988504894,0.6622111523693263,7.942816024639031E-4,1.0E-6,1.0E-6
643911676,7.763601545639706E-4,1.3440962214735972E-4,1.0E-6,0.18338198514239765
425194107,3.93487825173466,0.0012431553363439994,1.0E-6,4.074230384884832
253454704,4.0787938761263804,7.701885826140898E-4,1.0E-6,6.071638220724136
963680216,4.860516376349894,6.500656022842415E-4,1.0E-6,1.4215864900667166
526751220,4.49259394983651,1.0E-6,3.8313026076516764E-5,0.265095830955183
362614946,4.796583683692864,3.5271849381829636E-5,0.002915966814134191,1.0E-6
605276364,2.367388513797041,1.0E-6,1.0E-6,1.0E-6
1523737196,1.4630308738485247,0.20460516886126873,1.0E-6,0.11362653470913216
1499566990,0.8766493910899639,1.0E-6,1.0E-6,1.0E-6
201037829,0.4127780128968946,0.5026595068187707,1.0E-6,0.5558466612390289
256497809,0.8058220308135643,5.755894450760036E-4,1.0E-6,1.0507359787850043E-4
6091652,0.2050564555868667,1.0E-6,2.379518081226627,0.307062641766093
216662596,0.12340653290442147,4.7138983205058325E-5,1.0E-6,1.0E-6
211895754,0.030617303720899786,0.9546298377335507,2.1013769530362283,1.0E-6
218139189,5.490390106130341,1.0E-6,1.0E-6,4.330031069747886
2077774514,5.486184688905125,6.973376994529522E-4,1.0E-6,9.288027727218411E-4
55995087,6.590844573040788,1.0E-6,0.2585511040133109,0.8873776814332286
222066767,7.661140915099156,1.0E-6,1.0E-6,0.9310864124458101
267621951,5.059723945417824,1.0E-6,1.0E-6,0.7266425755576199
177795215,1.8458279708794207,0.21044887178476035,0.08991043851533287,1.0E-6
4562165,1.155555869880168,0.8046549224391664,1.0E-6,0.01406994576943325
332326823,0.9147701886830468,1.0E-6,1.0E-6,0.2590070767550546
1512211528,1.1508387812843275,1.0E-6,1.0E-6,0.16947767613947798
228667981,1.154529624013081,0.15657524751873558,1.0E-6,0.13796448527665844
271239922,0.33118292459004,1.1238025074077083,1.636083800959229,1.0E-6
1501539660,0.43601062950205133,1.0E-6,0.21163864315585185,0.0811197039634267
1513088920,0.4558272311273348,0.5475188839137831,1.0E-6,1.0E-6
1360848222,0.4014834739131652,1.0E-6,1.0E-6,0.6399251757345787
1538102375,0.3910643216812931,1.0E-6,1.0E-6,1.0E-6
864453698,0.23833983152492752,1.0E-6,0.0010366402022980725,0.4364329095052469
1178456903,0.46743427157509976,1.8188632303865857E-4,1.0E-6,4.3624891376468016E-4
199158775,0.0060374551007733425,1.0E-6,1.0E-6,0.6739421694143503
870166,11.358547988616978,1.0E-6,1.0E-6,1.0E-6
741575740,3.19329984396936,1.0E-6,1.0E-6,1.0E-6
2869768,3.782445489448862,1.0E-6,0.5404274240644246,0.41720962643359466
864009,1.6189847593143278,1.0E-6,4.531210655416348E-5,9.825896901999231E-4
1320005854,2.7492349046894606,1.3015963968411723E-4,1.0E-6,1.8151123976297006E-4
240383262,1.0853152820605225,1.2341155191508646,1.0E-6,1.0E-6
20362787,0.7481729565404126,1.0E-6,1.0E-6,0.47340913348483665
3384273,7.784070089698572,2.5920683944580117E-4,1.0E-6,5.042255785954327
1297589,12.941181599679892,1.0E-6,1.0E-6,1.0096682695529466
3868576,6.701050870656395,1.0E-6,1.0E-6,1.050453225154432
1505821325,3.8485371392127194,2.643988343467283E-4,1.0E-6,0.2622788377215009
869170233,5.318830617970124,0.4634616696222916,1.0E-6,1.3272151392039466
478494954,2.6764461875388266,1.0E-6,0.4887955595017794,0.13747956828683744
1056489708,4.359314982567432,1.0E-6,0.006926316788718492,1.0E-6
2805685,2.3794884058897265,1.7362764177449692E-4,1.0E-6,2.8345652028252395E-4
457726539,0.3751768670784862,1.0E-6,0.0016989771622982813,0.03023443883069538
10792760,0.037615689469051895,1.0E-6,1.0E-6,0.08327897612261151
237513364,0.03391940825732686,0.006502044370614554,1.0E-6,1.0E-6
476132155,0.01736527553884229,1.0662856099082365,1.0E-6,1.0E-6
1430565170,0.013024324814498394,1.0E-6,1.0E-6,3.6938049133258506
1198017,4.5452004152933645,0.1274344688762329,1.0E-6,0.7929611911079235
247538574,2.4839187392153823,4.7207729079288855E-5,6.462562418924821E-4,1.0E-6
561748977,1.0911974181566915,1.1912978624180068,1.0E-6,0.18666153167713578
25485637,1.5697814671202015,3.994236027370065E-4,1.0E-6,8.324622934068103E-5
507532621,0.9695260244482484,0.5714627883654072,1.0E-6,7.376138290060782E-4
188531337,0.7138185466319581,1.0E-6,1.0E-6,0.07668598942149737
538891745,0.7830486043692307,7.254869498817339E-5,1.0E-6,7.509664007188874E-4
309256667,0.4429774674296683,1.0E-6,1.0E-6,0.3180490869809858
1268586529,0.03834929784575019,1.0E-6,1.0E-6,1.0E-6
205697930,0.02551490395662918,0.16627156231186777,1.0E-6,0.05392729749201795
2493785,0.011251221994279022,0.00937714450885912,2.045687686654589,1.0E-6
1637893417,0.009226838340005254,4.044702726781515,1.0E-6,1.3717113126908442E-4
1225970901,14.769858924483533,1.4591027636954952,1.0E-6,7.016862283564314
42374887,11.841055898130769,0.412847618488278,1.0E-6,0.0791107169035386
1217669213,11.021650651644928,1.0E-6,1.0E-6,1.0E-6
249463098,5.347755245958708,1.0E-6,0.0012349093336405665,2.5286871889035236
186892618,5.914261376112087,0.09929886524459053,6.496538770526473E-4,1.0E-6
3014331,0.4330863013378641,0.9474484306812834,1.0E-6,0.010343326989280473
303982408,0.2461909221492886,1.0E-6,0.004899789077945821,1.721016405516356E-4
1325596464,11.031685109702636,0.1041483506004787,1.0E-6,1.5438856125675045
1351903609,1.7160964606142897,5.2666507842721645E-5,3.211391088975899E-5,1.0E-6
48805145,1.557489176480014,1.0E-6,0.3787432341302569,0.08093187204122551
373615074,1.4052673921382253,1.0E-6,0.447708698233737,0.12639691797344482
179192602,0.9440289769830927,0.2574343174115391,0.16986111797070408,1.0E-6
1585494956,1.8248894987497424,3.147616405107853E-4,1.0E-6,4.4459609922251834E-4
178448614,0.6402354285221652,1.0E-6,4.232242780384668E-4,7.999021768657756E-4
11936494,0.45115378704792863,1.0E-6,1.0E-6,0.2722702920070122
361863289,0.03380718268030755,1.0E-6,1.0E-6,1.0E-6
310091193,4.820362856887644,0.08663719531683939,1.0E-6,1.1408852597904269
1198417,3.769890285387012,0.20586504194769115,1.0E-6,0.45174419961933615
794087,2.3288294001055623,1.0E-6,1.0E-6,0.27567985793996286
530770006,0.4293910908112472,1.0E-6,1.0E-6,0.597752864909616
530899937,0.04444149754159372,5.576391084345673E-4,0.001187935711062396,1.0E-6
353020539,0.02275468663283104,0.06514501434045568,1.0E-6,0.15199748757812673
1515197396,6.870133070793426,0.4760919311254436,1.0E-6,4.959189405693845
1217807468,4.479785346524595,8.767582563439414E-4,1.0E-6,0.4649731128127982
812059436,2.880957669560727,1.0E-6,1.0E-6,1.0E-6
711882506,2.866950408965163,1.0E-6,1.0E-6,1.0E-6
233379621,0.5445457997867367,1.0E-6,1.0E-6,1.0E-6
642020385,0.28544154320592147,0.16958685382874344,1.0E-6,0.4458253538412517
21413848,0.06172017395096046,6.571381734608364E-5,1.0E-6,1.0E-6
1517665571,4.5120542328938225,8.00241584756692E-5,9.957757004759482E-5,1.0E-6
250649733,6.609562432619094,0.22232299431194724,1.0E-6,4.487518877709941
1513962184,4.710402462720804,1.9103656743273297E-4,1.0E-6,0.002740881725615455
1080490214,4.963377801256667,1.0E-6,1.0E-6,0.3586942622067159
342135320,1.167103507985881,1.0E-6,1.0E-6,0.3978873779797305
406131785,1.3133797789634127,1.0E-6,1.5968716365061516E-4,0.675527597572587
415340009,0.6777252744654754,1.0E-6,1.0E-6,1.0E-6
23640688,0.4179564474005829,0.6337622457611232,1.2608363945248284,1.0E-6
1557097025,0.4024563101999516,1.0E-6,1.0E-6,1.0E-6
300551308,0.3319729193149866,1.0E-6,1.0E-6,0.40482640262231295
1676477,0.053827926028051955,0.027602756667792838,1.0E-6,0.017400733500349475
185524037,0.013227146841010465,1.2878745465358834,1.0E-6,0.3864015957826009
197868268,0.009128292095056473,3.082540719604294,1.0E-6,2.035754204155348E-4
637296152,11.050334217856813,1.0E-6,1.0E-6,9.272444357218898
1530338851,3.4352297710623563,1.6968170075545532E-4,1.0E-6,3.9330279736897817
2382136,2.27844080117565,0.00346621994939991,1.0E-6,0.4194801906837559
1068757954,1.0125342629607728,1.0E-6,1.0E-6,2.402242364456996E-5
259362248,0.5075005203381142,5.638207797325077E-4,1.0E-6,1.0E-6
1968021964,0.029527888095349168,1.0E-6,1.0E-6,0.08238391259832942
257610297,13.231715811159566,1.0E-6,1.0E-6,2.1408213104276173
1347197698,5.303830105233476,1.0E-6,3.6160167888682583E-5,9.091950530148746E-4
9539073,9.391650346017947,1.0E-6,0.13237802623448602,0.24176666248825746
1381400840,5.1990398825731985,3.321372916731776E-5,1.0E-6,4.322939515732791E-4
744313691,3.429760661433164,1.0E-6,1.0E-6,0.5304156190453171
376424344,3.2367341320175105,0.004793895063737563,0.0018651805391267668,1.1798197762665322E-4
342018260,2.2369078440143717,1.0E-6,0.1520146961938208,1.0E-6
208265659,1.553593600867173,2.655503160546537E-4,1.0E-6,0.11448196929086513
845519,0.9960575399677758,0.5489161811481822,1.0E-6,1.0E-6
16262285,0.7393777617863312,2.182235439466207E-5,1.173122108651642,1.0E-6
1567992975,11.410980460960761,0.003199403817555081,1.0E-6,7.117594172894267
12906914,13.513685762235967,1.0E-6,1.1147226693652974,0.33596591787567476
407092217,6.948028676340058,2.6936138423025116E-4,1.0E-6,1.812793837814351E-4
979633571,3.968195866494412,0.3285177345986155,1.0E-6,0.11830576907568904
523025192,1.1183903422559283,0.790746091313262,1.0E-6,0.5784113985391236
752099318,1.0597102368860445,1.0E-6,1.0E-6,0.2681155662628949
322100534,1.277349489661687,3.0073011056336525,1.0E-6,1.0591641293128759E-4
1661597304,0.3795887305183552,1.0E-6,1.0E-6,1.2662525523504393
1721619967,0.0629561773125393,0.11520388600014533,2.8255720163071236E-5,1.0E-6
1788508,7.505396884079829,0.13972464888346062,1.0E-6,1.4654221040261848
33747063,4.395973576483453,1.0E-6,1.0E-6,4.236210336532452E-4
208808122,2.946158718009246,1.0E-6,1.0E-6,1.0E-6
26795042,1.7605960049971916,0.21909905076001301,1.0E-6,0.1017330521865197
192231307,1.9614650760781795,1.0E-6,0.8627119608898587,1.0E-6
535887615,1.0852814805906428,1.0E-6,0.0014644961671698663,0.7368361553871168
241421428,0.9602515628964342,1.0E-6,1.0E-6,0.6459942229631807
235476465,0.040183228371232074,0.08688333004006235,1.0E-6,0.0014638468171137686
271156627,0.03369488025133275,1.0E-6,1.0E-6,0.14724156999108226
582416280,4.61676672447948,5.574730585968275E-4,1.0E-6,1.0E-6
382170702,4.265670368799979,1.0E-6,1.0E-6,1.1313586294360078
175485485,4.543786792770154,1.0E-6,1.0E-6,0.4422849814279146
1484014000,2.2918966485822665,1.0E-6,7.810873749082047E-4,1.0E-6
1119840252,0.2913727889324117,0.012160695301199044,1.0E-6,0.6440710635560946
200888797,0.17759925915159497,1.1334012084705501E-4,0.013436396502285055,1.0E-6
831038,13.692701959567897,5.6163991369728565,1.0E-6,0.0062109345447688286
37077380,4.403877825942626,2.83351714363075E-4,1.0E-6,0.0013279853115618933
467481116,9.813878355314216,1.0E-6,1.0E-6,1.0E-6
224888618,3.261519870384542,1.0E-6,1.0E-6,1.0E-6
266084535,4.124972607611027,1.0E-6,0.33378582936884105,0.36209026305040554
363087494,1.6302633240328568,0.23478672649780313,1.0E-6,1.0E-6
335036925,0.599413664753857,3.9663912035745556E-4,1.0E-6,0.2587455411233031
1528450183,0.33811989972869044,1.0E-6,1.0E-6,1.0E-6
1038393,0.03055843276708108,0.0058037554664444315,1.0E-6,1.0E-6
460386136,7.447922017428846,5.710320570570441E-5,1.0E-6,3.794143735771425E-5
471877964,14.245136401131488,1.0E-6,1.0E-6,1.5002471622999487
267653965,15.659828874452383,1.0E-6,1.0E-6,1.400017782575516
50844490,13.491856666094264,0.1766255246538796,0.21377257477902306,1.0E-6
26926343,0.23053957801394132,1.1911767812192666,1.0E-6,1.839354815454637E-5
1991366,0.03730709494613528,1.0E-6,1.0E-6,1.0E-6
372958001,16.609056194467083,1.0E-6,1.0E-6,3.888459470316597
224984506,5.017859513607067,2.7500207849508515E-4,5.631530984585174E-4,1.0E-6
30412871,3.445286777087324,0.09156110353817241,3.3041455587079976E-4,1.0E-6
239380550,1.024184167669952,1.0E-6,3.12945987084687,0.20678889402541648
23732334,0.04477552298586587,1.0E-6,1.0E-6,1.0E-6
976262961,4.462580365435719,0.14082020355556765,1.0E-6,0.7021543749280386
44272785,5.684646358150602,1.0E-6,0.26794836733150534,0.67196112648704
5175130,1.0406598301390981,1.0E-6,1.525393928989894E-4,0.0024094831856056142
1465001512,0.06737577431588457,1.0E-6,1.0E-6,1.0E-6
359509471,16.73956407348919,1.0E-6,1.3305749947470553,1.7197405626111708
43373288,5.485207139180583,1.0E-6,1.0E-6,1.6513820329595962E-5
769582,2.4616030134982503,1.0E-6,1.0E-6,0.2651310256973971
1484212212,3.351713548162397,1.0E-6,0.9212755418595786,0.255691585776029
16838282,0.3513560622479997,0.0010283831588318157,1.0E-6,0.003553744366722452
366564420,14.253673866670722,1.0E-6,0.30752595908934377,2.1938320767237944
856125062,4.953882546525249,1.0E-6,9.9518626710691E-5,9.728897855760944E-5
1477732293,6.093023694127087,1.0E-6,1.0E-6,1.0E-6
778228762,2.4252302705844866E-4,1.0E-6,1.0E-6,5.172910565649292
495410610,2.4063469571898564,8.812232913080886E-5,1.0E-6,0.05019136007658553
2061161,13.476125231208565,1.0E-6,1.0E-6,1.0E-6
635537849,5.017800332177648,0.022975904988109936,1.0E-6,3.4211454588071395
9688438,0.3410229519245011,0.058047719369180184,1.465517942949262,1.0E-6
2076190,3.164185646832455,0.11185158615157928,1.0E-6,0.42573591377904774
387804605,3.5233808219696896,1.042587011173561E-4,1.0E-6,0.17541679588726547
299889819,1.5333243559273058,2.7908743953636034E-4,1.0E-6,0.6290132970095894
526363172,0.3054007943538869,0.008303019422706899,0.009969045671808426,1.0E-6
341934645,8.017223175257657,0.1718544015598302,1.0E-6,3.8595664617637944
12462327,8.211278339150711,1.0E-6,1.0E-6,1.0E-6
1392836448,4.507438503708147,0.09031035606097362,1.0E-6,0.9523980247349286
1066901,8.902617947162812,1.0E-6,1.0E-6,1.993656473928128
527909974,5.625590991754566,0.08886020675300402,1.0E-6,0.7694682711401667
781876,4.947677281693828,1.0E-6,1.0E-6,0.024825888466638062
242343983,2.5594427868806324,1.0E-6,2.2407109597267274,4.8619085279398946E-4
42050086,0.9133762567010787,1.0409967608360838E-4,1.0E-6,3.477318972912358E-4
208695603,0.5577793583381574,4.454883189653062E-4,1.0E-6,1.5951441868655963E-4
1603709979,0.029365333420987832,1.0E-6,0.0142160388275761,5.9288110548553824E-5
12823531,5.822465080171584,0.0021887613124720573,1.0E-6,4.0743153681968325
2479803,5.442903530506797,1.3548444038909106E-4,1.0E-6,4.5923517265232457E-4
240442515,1.8873587618554872,1.0E-6,0.14096026258834987,0.09616043130414849
269922335,1.2536085508672965,1.0E-6,1.0E-6,1.0E-6
1215437540,0.8269708453309541,7.230145354128334E-4,1.0E-6,3.1065223433451608
196677619,0.07464752183653563,1.0E-6,1.0E-6,1.130964175329513E-4
211739830,0.025306313666121107,1.0E-6,0.0012055926695149742,0.7757150476086982
309194749,0.021883107506209473,0.6802619772847438,1.0E-6,0.0010028376017676194
1424701184,5.565272915315156,1.0E-6,1.0E-6,0.5926779162607716
78648,4.511942850796,1.708471181509501E-5,1.0E-6,2.130497586756845E-5
343614888,1.9174158734324491,1.0E-6,1.0E-6,0.5911111946425825
206367606,1.50205047925907,2.2928034546959912E-6,1.0E-6,4.500198453857083E-5
329678610,6.887643315546428,9.275970717932601E-4,1.0E-6,4.446217426248751
22440645,2.506068006967034,0.10617455316116725,1.0E-6,0.2488941771429911
29859151,3.68991194478062,0.17651647487631558,1.0E-6,0.39273428476367184
788005,0.04104940001666266,1.0E-6,1.0E-6,1.0E-6
23461186,0.038693386178416604,0.1046693200789773,1.0E-6,0.0019464265298843005
13059005,7.289962751401147,0.20542496534737528,1.0E-6,4.402298743310523
251584954,3.022246069497388,1.0E-6,1.0E-6,5.9216222848309E-4
248522344,1.7335854474714492,1.0E-6,4.744274850307234E-5,1.0E-6
544012526,11.048793515101693,1.0E-6,1.0E-6,16.852996668948673
345586825,7.85366891168324,3.3026378233102653E-4,1.0E-6,0.02975950457547489
18854090,6.624280095474597,0.12091345334265267,1.0E-6,2.2620325293021315
1449596183,16.105319126873436,1.0E-6,0.3409490568042187,0.6931797816239921
526172948,0.007005550483581502,2.492624374589401E-4,1.0E-6,4.796290039853269
211165873,4.202616633666738,1.0E-6,0.4707603034418277,0.24234605396865697
24958698,2.034827212546981,0.15865497905248407,1.0E-6,0.12037435141315492
9456650,1.4105463223781032,1.0E-6,1.0E-6,1.0E-6
39609231,0.8315746391963267,7.412403746030627E-5,0.2777863181372554,1.0E-6
47783190,0.46966674045799134,0.155354591014019,1.0E-6,0.45592254059646903
218496931,0.07523911599491134,2.1442922049891964E-4,1.0E-6,6.7213448898294E-5
2602391,4.796601060046863,8.930112272340544E-6,1.0E-6,3.381718274807554E-5
1340118021,6.8559371291858735,1.0E-6,1.0E-6,1.072826602961283
297317271,1.8710376587431743,1.0E-6,1.0E-6,3.25755923864111E-4
276862452,1.0149133980133804,0.23695052072056935,1.0E-6,0.5329167590655731
1105797835,0.8523219341175275,0.2019241405255759,1.0E-6,1.0E-6
8829552,0.016779174657495278,9.577251797962964E-5,1.0E-6,0.2136707798264734
273275256,6.756489339979923,1.0E-6,2.8660929135326952E-5,5.814224804510069E-5
4270959,14.158647154031051,1.0E-6,1.0E-6,3.8199076824657965
23626351,5.178997260813162,1.582454799564416E-4,1.0E-6,0.5503159528540431
2308135,4.78278498131621,1.0E-6,0.32384191694414227,1.0E-6
233986127,7.248768495748005,1.0E-6,1.0E-6,1.0E-6
976963157,5.638705740404925,1.9712145909836425E-4,1.0E-6,7.202678024554643E-5
497665067,0.4736531419068291,0.5891868643102152,1.0E-6,1.0E-6
187634975,4.299864859324463,0.13523781624231124,1.0E-6,1.5736145706810771
208367668,1.3358277964297545,1.0E-6,1.0E-6,0.37874655305921684
258102864,0.00426840672445062,1.0E-6,0.1070153669727697,0.9763750644247595
3890255,1.453778025391903,1.0E-6,1.5536919977037185,1.0E-6
1358376686,1.177418942184504,1.9810210163960957E-5,1.0E-6,1.0E-6
29950685,0.24653701804806533,1.0E-6,1.0E-6,1.0E-6
218585478,7.699084365664302,0.09309817153992396,1.0E-6,0.1552211455002441
1370119083,8.882694106023676,0.1259767070664664,1.0E-6,6.428748128826931
21420093,2.979870113329846,0.1496699086007782,1.0E-6,0.2311797516056407
12152779,4.149709530742182,5.484749521607112E-5,1.0E-6,7.641096056861872E-4
337358922,0.902258317796082,1.0E-6,1.0E-6,1.0E-6
447587670,0.7400076203793705,0.14896918289553937,1.0E-6,0.07636356475172804
178043101,4.796598037722811,1.0E-6,1.0E-6,4.687952512389628E-5
5755715,2.4090746837375767,1.0E-6,1.0602629300090886E-4,0.12918381183012237
1387411024,3.5747645575229456,0.1894834108860555,1.0E-6,7.10594658129101
176016306,6.970332724459913,0.11185144722281089,1.0E-6,0.9499646132661127
3044909,2.5996204479728418,0.004426136630513716,1.0E-6,0.18015985258386466
204847429,0.027562585478948666,0.023974179074288355,1.0E-6,1.0E-6
4360687,0.3463612060727231,1.0E-6,0.5419043049756508,0.6661757966371344
1271707178,0.4288199181200901,0.164767386574218,1.0E-6,1.0E-6
190439839,8.093414276208946,4.794157067010348,1.0E-6,0.020251397498230603
187151842,6.304486637422876,1.0E-6,1.0E-6,1.3592047921849433E-4
241151788,15.831851834771824,1.0E-6,0.47316832452651136,2.4830565594563323
4787785,4.626470684276735,0.006458099882441975,1.0E-6,0.0015433214964334261
10185510,2.4686071773688494,1.0E-6,1.0E-6,0.23668075530865104
31633728,1.3691049675141125,0.07799838945419899,1.0E-6,3.381862322335704E-4
10004059,2.8764697543214535,0.21597615918059798,1.0E-6,0.2559139014773596
3373974,0.9419305155631004,1.0E-6,1.0E-6,1.0E-6
273114450,0.7200282550793305,0.11769605531141349,1.0E-6,0.10292480505558446
3879158,0.5090730862340094,1.0E-6,1.0E-6,0.24924096945936658
628103579,5.602499940705649,5.393090520157533E-5,1.0E-6,3.842927270630752E-4
192121043,24.776396893247668,1.673591349807368,1.0E-6,3.525568099125952
1312221,4.410552774680297,0.07695456508439548,1.0E-6,1.0E-6
145308730,4.7104090712288444,5.0203702757372024E-5,1.0E-6,1.0E-6
646862038,2.496395898185434,3.991811022627054E-5,1.0E-6,6.360691187950169E-4
294631191,0.018789213911242594,0.003667361758769285,1.0E-6,0.0660344083470599
8946560,0.27676678854880526,1.0E-6,1.0E-6,0.2307776503988263
198762295,12.017968279588509,1.0E-6,0.5288676059038804,1.0E-6
2007924,4.511920612137665,2.4849343660704595E-4,1.0E-6,2.4112739995026233E-5
1683745,1.8057064568388115,1.4533129941613538E-5,1.0E-6,4.295993235658635E-5
230727846,2.3346504285003205,0.020672429967340596,1.0E-6,0.004042481569649475
217782915,1.5565601282280055,1.0E-6,1.0E-6,1.0E-6
31768160,24.45404724750914,0.4385546734399165,1.0E-6,4.783360859879902
237776406,6.176075614744914,3.753966764094504E-5,1.0E-6,1.483669500493823E-4
224336487,4.949408423692228,1.9363811615116973E-4,1.0E-6,1.0E-6
331302998,4.937619169042962,3.5385408357701224E-4,1.0E-6,1.397972484224046
407307136,6.360442979078007,1.0E-6,1.0E-6,0.004538462102905004
870445759,4.189500136634595,0.012869258043316336,1.0E-6,0.20772548074037095
2708917,1.4406699587969565,1.0E-6,0.033567317557903875,0.05384264944729962
287869909,0.7443180621679953,1.0E-6,1.0E-6,0.18241043350764197
509995308,0.46536865531757005,2.471429080893941E-5,1.0E-6,1.0E-6
367160963,0.2027330303207484,1.0E-6,1.432656978918617,0.10484175067445069
5361039,0.09118427934148164,5.83068136537392E-4,1.0E-6,0.07319664279893098
41357433,13.157817499362991,0.008294416439645257,1.0E-6,6.330421971700182
1551389,10.611370415401504,2.760342034794209E-5,1.0E-6,2.6423095417566103
5977929,3.1348442431777737,0.13884294901397026,1.0E-6,0.6081035124527652
2537473,1.1059909663637895,0.759129674473119,1.0E-6,0.06952710533534885
16065847,0.4738021080338498,1.0E-6,0.2742136446141083,0.3966820655857868
326739637,5.817292372501273,1.0E-6,2.084966214856027,0.6200951362447235
27543924,1.077665079966379,1.0E-6,1.0E-6,0.12205409686181735
41987900,0.018947087387551825,0.8753356250036891,1.0E-6,0.035028379884279814
856855,0.007967770517326491,0.39532917090973463,1.0E-6,0.3222675434519833
41373987,5.306563830199376,5.432868850934144E-4,1.0E-6,0.9350325994006461
1075272,1.2583661421767747,1.0E-6,1.0E-6,0.5720180739700507
252976899,1.9156168924552353,1.0E-6,1.0E-6,1.0E-6
1064366,1.0596099108679706,0.453097539134573,1.0E-6,0.2281492914845698
1113090,2.033377522660472,4.829063564086917E-4,0.24607603748691234,1.0E-6
179360669,5.04988781455863,0.10638557289575991,1.0E-6,1.0452810580907045E-4
10820607,2.46141914270326,1.706436299788655E-5,1.0E-6,0.2700143542419071
583684651,1.903416490398259,1.0E-6,1.0E-6,0.12227634370965315
335965077,0.26813744449393456,1.9791718141980912,6.401238988347225E-5,1.0E-6
777821651,3.78673583497489,1.0E-6,1.0E-6,1.0030006229772233
320498757,1.2681812468087625,0.5629354955402934,1.0E-6,0.06929870591454372
610571830,2.485905217748283,3.8069053826318694E-4,1.0E-6,2.680008455343174E-4
15977721,7.681213882638517,0.13584309404118933,1.0E-6,3.0372817528399105
1476954,5.893868637761808,0.024619692149773997,0.021855784746622416,1.0E-6
35720927,4.805110361835789,1.0E-6,0.10497476561104413,0.28160305121082524
15597699,5.020471787293399,1.0E-6,1.0E-6,0.6102121701883265
26958503,2.914399817285305,1.0E-6,0.1366695446804965,0.22121745872668955
630230818,0.020961430769131074,0.010217344839645941,1.0E-6,0.13577159024742705
2226095,1.2626627781951556,0.23178198904457042,0.22991439882215375,1.0E-6
2188824,6.548050049894328,0.8552720992929925,1.0E-6,1.6106908258435522E-4
3830537,5.199005953005035,1.0E-6,1.0E-6,1.995874180856735E-4
6360082,11.297930679058986,0.40056845926634865,1.0E-6,4.2190952194950695
4130384,6.543848804148437,0.22358260483371975,1.0E-6,3.27579155566847
248508947,4.863844802256101,8.740593143184282E-4,0.6181855286175004,1.0E-6
845529,2.2310491584219436,0.22371350771938756,1.0E-6,0.0058643452904672206
231949310,0.8737623895023205,0.05615154840339768,1.0E-6,0.14094943699782275
1445709739,0.30152025634669305,0.17175303115238785,1.0E-6,1.0E-6
54051005,1.6756385956742181,0.10854793951386522,1.0E-6,0.09896071738833355
363956201,0.8914456924087563,0.056321607088009845,1.0E-6,0.09851573191586056
626589315,0.7913530160095542,1.0E-6,1.0E-6,1.0E-6
217728319,3.2138921829706026,2.5972029929935766E-5,1.0E-6,1.4469487381977905E-4
174332982,2.766959314215822,0.01728027769916934,1.0E-6,0.49243175568501135
43221060,8.325650370310182,0.06804929965522662,1.0E-6,0.14671744901178085
27622521,4.673711251862052,2.8578941933310627E-4,1.0E-6,0.11409289923708735
958642,0.9073994244422913,1.0E-6,1.0E-6,0.10827219132762932
3112656,6.818793887440195,9.99327127790018E-5,1.0E-6,4.752388406912945
247605893,10.516739868733369,0.1563937896198857,1.0E-6,2.4783367269466465
54815032,5.801348000724559,1.0E-6,1.0E-6,0.0286604813684506
43958828,3.5930659326966814,1.0E-6,2.318151180662586E-5,0.0015879169917290207
1649828,3.0843282760189807,0.006079566662904595,1.0E-6,4.420666921820066
22171095,4.711876197131184,1.0E-6,1.0E-6,7.997801348816581E-4
316731281,1.7465550605289133,1.0E-6,1.0E-6,0.01863076060413437
1000179911,1.3707543373300173,0.005941766976873731,1.0E-6,0.11477223837292022
25424715,2.117576764478964,1.0E-6,0.0044374813764662974,0.08104013705312357
9685103,1.0260954316844355,2.576289817241331E-4,1.0E-6,2.4787040385294563E-4
3037457,31.20260537308029,0.8002243380767735,1.0E-6,4.459811274231211
186019852,4.9932686273728235,7.07331602866614E-4,1.0E-6,2.0052671706685885
255457057,3.023218911965383,1.0E-6,1.0E-6,1.580642601598474
348630381,5.235387067684175,0.12011371017816104,0.045747296110553795,1.0E-6
1324153,1.0199663242948873,0.5042161936713804,0.7263795496014218,1.0E-6
52858265,0.07866839442367071,1.0E-6,1.0E-6,6.948554172888323E-5
1371898,7.541784203668572,0.028920758926193096,0.07894395366021702,1.0E-6
1097118847,13.062468931801458,5.55304216347927E-5,1.0E-6,5.894961556776382
3523523,4.4387011802436485,3.9905206645065666E-4,1.0E-6,0.09194544451439231
2064315,0.8007578982100022,0.001951652881833461,1.0E-6,0.005804779986162801
3300887,0.6751142309164103,1.8856698675041758E-4,1.0E-6,0.003466093576815063
5057456,2.8676067191759684,5.693276140075597E-5,1.0E-6,0.3670093023812752
4587001,2.911492737911988,1.0E-6,1.0E-6,0.2869309413977427
3117840,21.6996890100139,3.4316825094623056,1.0E-6,2.9788539770229177
450292261,9.585773158330596,0.3328255312503762,1.0E-6,1.2501861559490028
1508932219,4.951706029145576,1.0E-6,7.042519132058435E-4,0.0030546686944936834
2196457,1.1555439345713066,4.8257870543461616E-4,1.0E-6,0.0014407166203800612
45966580,1.3005253343697847,4.885933865962692E-4,1.0E-6,1.1817934820771477E-4
89692,4.708333510317504,0.0012060283812477931,1.0E-6,0.0034229703480049287
222815744,5.349469777712987,1.55349535277858E-4,1.0E-6,0.32231718089580486
176925601,1.5300801814358993,0.008378526573894637,1.0E-6,0.02588492607830112
35127351,4.6493141970682,0.09705868373048493,1.0E-6,0.014200629388969592
781429,10.34648370862277,1.0E-6,1.0E-6,4.028746525659841
189778250,2.7843127726319348,1.0E-6,1.0E-6,0.2809352514358637
349467985,6.618426436853754,1.361058151456012E-5,1.0E-6,3.0181985619916305
990644,5.4358323292783615,1.0E-6,1.0E-6,1.656670341152263
301613458,19.37054465017119,1.0E-6,1.0E-6,8.49683174759853
868058015,4.914614415717225,0.621765519301625,1.0E-6,1.284914903135181E-4
190136173,2.039826502567232,7.219639743205585E-6,1.0E-6,0.3750791114209381
27431896,0.8026689103273076,1.0E-6,1.0E-6,0.05982607862679962
1333203523,3.863911580868614,1.8213814114479237E-4,1.0E-6,0.3185446784960248
200449325,7.1166076395097795,0.019470804334929155,1.0E-6,2.0604274269707514
12843885,4.627979424927892,1.0E-6,0.7916934118430501,0.002584099289194431
242708369,0.8376889702922751,0.6197514984512086,1.0E-6,0.059108959470939436
389492388,10.313236865671056,1.1805623803315014E-4,1.0E-6,3.2622873601391467
4268403,6.954538938087761,1.0E-6,1.0E-6,4.070930174958915
20850451,18.405236905455013,0.0031920344443710814,1.0E-6,10.611043548739262
2490353,5.740202980047968,1.0E-6,1.0E-6,2.3413092615085334E-4
6308389,3.573260788400166,1.0E-6,0.29336716804304624,0.1944955364166371
1898141,0.29016534453773807,0.38164422651189606,1.0E-6,0.11264591125350194
181896432,5.0693569595398,1.0E-6,0.008063692473022157,0.19645523313066082
12752931,5.252229360962231,2.529178396337E-4,1.0E-6,0.001061288529450298
1113921,7.81864989226964,1.0E-6,1.0E-6,7.8039272740774415
145714741,4.796406111436139,1.0E-6,1.0E-6,7.388829927051558E-4
1676784,1.5711170102679064,0.19486995348328695,1.0E-6,0.06465821968080183
1444451,23.762465693620744,0.7394606511431915,1.0E-6,5.233407086651817
1213941,7.7977930750358615,5.8946075896476815E-5,1.0E-6,2.7577035705596553
1371467,0.3974204597131097,1.0E-6,0.4615978398928293,0.16400931226048135
4487106,0.9156207458075526,0.017637674200659995,1.0E-6,0.019113786083716524
289020041,11.280890410961927,0.4144431606358171,1.0E-6,13.77319134744217
3135225,5.443089197169755,1.6016756976223963E-4,1.0E-6,5.799504733744561E-4
2692900,2.425998815384547,0.11445126369242017,1.0E-6,1.0027688280328986
185416714,2.5397603770206043,0.22374667604480913,1.0E-6,0.36338012207786496
815942819,5.863611542326498,0.0014010633802852472,1.0E-6,4.4397771994279465
23876446,1.3103127309321536,1.0E-6,1.0E-6,0.07969603863683673
1090055,15.696224887651757,1.0E-6,1.0E-6,14.016319399008426
