1469609400,1.3979939753329566E-5,1.8463771863716514,0.18254208890257284,4.878813294042542
1262742,1.3333313335042445E-6,0.9545153894955298,5.175128861258347,0.5057504004164117
431904090,1.3333337627436383E-6,5.8162588368558445,5.544319076846797,3.0864468767050117
13299395,0.5055458852623056,4.409036799785777,2.3630944795652713,1.3333328443119387E-6
467814133,1.3329808932175585E-6,0.006869180362834462,3.262201455478126,3.9712482489110306
1114970510,0.07847120137259392,5.051774499493361,0.35111724721373316,1.3333351581728367E-6
546998530,0.5032416866099689,5.943108410885058,0.021614094585938073,1.3333166317565822E-6
1971402599,0.3005360125476809,1.333327627944319E-6,6.4422084769448285,0.3785400544026151
267906357,1.3333378887958622E-6,3.8594478390441003,2.5644905873857193,2.3997384259221684
1676703,3.2121983892210544,1.5350027781350666,1.3333311670928834E-6,2.8209007302977898
1542462653,2.8130375552183295,3.832976833961514,1.3333165317538476E-6,0.6335913618985709
385182586,1.3333167687201166E-6,1.4851939389437177,0.07835395814838458,3.9590331919308723
1354076618,1.3333376654022229E-6,3.2896287816857908,0.5932802903818811,2.767748818108292
1827621887,1.3333297384165336E-6,1.9467402023044256,4.685812712917433,0.32946840642688663
15318279,1.3333285610981404E-6,1.0757721959195599,4.785263458543794,0.4858099668701951
1112056,1.3333306339788483E-6,2.7150730087566766,2.0044270772616053,2.0549751066720474
2183178290,1.333330666606605E-6,4.472168631096255,3.1530874708573817,0.5166097068157984
1551859751,0.025569132323300745,4.830299200046122,1.3333247257856637E-6,3.5456158797838886
1714328,1.333330841071439E-6,1.3940998559150826,2.77025256994054,1.8977834937628129
962785815,3.8903153570413154,0.506427167223768,1.7179076264787811,1.333328767282206E-6
24211166,0.49393412618814797,1.0106604657978477,4.100103870978466,1.3333333568287918E-6
221758078,1.3333453979175781E-6,2.6658755202512783,5.595317651889679,0.13537452914531012
1088969,1.3333345736677165E-6,1.9655765202214204,2.479550873574181,3.3802105155615596
2516898,1.3333305640366015E-6,0.09285591866829329,4.182018576158683,3.619647284741199
1406894013,0.03051737646478511,3.2171980157788704,1.3331432775535527E-6,5.141827700628504
1537191,0.37784344891528604,1.2584350003186218,4.643765433457794,1.3333432674514156E-6
2948999,0.3519843439102714,4.982892348901472,2.308022085245752,1.333328638549088E-6
15343745,4.034237632283171,4.326926183388102,2.93406027105074,1.333330622845587E-6
15412975,1.433591943726615,2.1778159984558862,4.334333851630949,1.3333307540374274E-6
1545775,1.329366247577669,3.027657345188284,1.3333236429469125E-6,2.6051920699824995
1696627228,5.311945348174068,1.3333856734471223E-6,0.019847378851373512,1.6184914460379805
1480704938,1.3333351220009437E-6,2.9309667764221055,0.12016729757113785,4.594153148171146
278477371,0.03320283462028069,5.106467341485982,1.3333377599122897E-6,0.04993639015444555
2031970835,0.2973717926676447,1.3333400578900221E-6,5.59953510767418,0.09014965549814505
787724071,0.14034986242601444,0.0019786499055249535,5.2028131561644795,1.3331737118086827E-6
26913335,1.333329296004373E-6,0.3815134683011761,3.0378702652391194,0.3809998834885159
21751548,3.654382400458751,0.35260794810041735,4.806161362021896,1.3333390311928508E-6
61691,1.333330399206296E-6,2.0551933435758674,4.336073888951842,2.1829524770495796
1456330238,1.333493176858142E-6,1.8507215041900016,3.9344916149273685,0.023934928565463306
50474234,4.0123715042462935,1.3334025037957441E-6,0.0031672593175462575,6.014346044675255
2645075,1.3333366185320503E-6,2.952920203241512,4.311633842660714,2.136921802931469
1722971411,0.5816864803373026,1.3334711855282572E-6,5.75610137482685,0.01013233585082475
368237438,0.315269514817827,1.333352566925384E-6,0.04240257126564275,5.888088663793803
1394586531,1.3333227820294942E-6,2.1225562437954273,0.047875300554660764,5.017497415266883
215014211,1.333333571654538E-6,5.525974128883061,1.545944794861355,1.1220171060238118
43580430,2.5069229565926707,5.213135897625499,1.3333307233705995E-6,1.572128822687572
264345969,7.680906725776059,1.0799003789501935,1.333354166719918E-6,0.0035529612944550882
25905206,1.3333341161210972E-6,2.7172017410236813,1.2317944178664684,3.119117662921729
1335967334,0.005166133579526868,0.6843669244939243,1.3334123940921096E-6,4.7805420885552286
1534227225,0.22007681685218375,4.806619598201769,2.0138502505843494,1.3333299206440243E-6
2015349687,1.333329237473421E-6,3.3976175946001708,2.8880236012362785,0.6290835412622526
245568716,0.00565446316540142,1.3332406707434192E-6,5.8906944041432965,3.859103677455274
922892,1.333328931305336E-6,0.7826070100900134,4.462286337837616,0.8222969532615683
1485590798,0.590956295225207,4.473923708334176,1.3333343839824277E-6,0.2619758369313988
13429220,1.333310062485721E-6,1.07782623797926,0.04800741728647555,4.949149919810346
478780012,1.3333517974511653E-6,2.7945832634348418,4.609485639948242,0.5187302334084095
1549937221,0.09414809302630418,6.596256689186802,1.3333237518002567E-6,0.2308027046729564
216497038,2.5984827669369315,1.6149322774646062,1.2557014084860825,1.3333250248650162E-6
30386835,0.007189906019186155,1.9438827339263272,4.874858948476564,1.3335317798576797E-6
31533162,4.4449451900078385,0.3787501844750034,3.744926437330224,1.3333334399034405E-6
21552360,2.767854044007844,0.04220480232225627,4.298733417181096,1.333255730012843E-6
282674163,0.03015785948769929,1.3333352093388546E-6,3.06235746869574,4.839272789242363
253875188,1.3333311525430478E-6,2.84830938426973,4.5230518040317085,3.227499107511257
1593757006,0.07443447898787948,1.333366621659793E-6,2.801574075494554,4.74611303466425
1470941396,1.3332719144442753E-6,1.333284423911649,7.512265056083381,4.178214364884901
1227972770,0.23525404999635563,1.3333400743382822E-6,3.7589207341817534,4.472249709274158
2063174114,0.7412447614651265,1.3333445376291988E-6,5.398433707153725,0.17127772065471483
1263811512,0.6067122937202424,5.379861160238916,0.3337598516597719,1.333332294450812E-6
1427159752,1.333277092448403E-6,4.6164089470458585,5.959622896343194,0.0539399641745487
287467149,0.6813740755475695,1.3549966120286239,5.923416766269258,1.3333270266642818E-6
177274122,0.5845027268344462,1.3333251284710483E-6,5.900568658923925,1.4078661341347776
328294485,0.010422792523393475,6.366895849963686,0.003498175819360744,1.3332760757751386E-6
1177786565,6.8928712339291085,1.333336574752987E-6,5.0248481621836145,0.1975647528609898
1375412714,4.581715985493839,1.3332881682629945E-6,5.1713445513520675,0.010311870304234649
1856554,1.333328739865003E-6,2.072874602324415,4.51170608411158,2.450148369826187
1943148216,1.3333323591351504E-6,1.835706639836562,4.512466539803113,1.8714838700908694
54285677,1.5798274177006164,2.5933434686215633,3.743929859148425,1.3333325242140567E-6
25839290,1.8098667596901516,1.877019037021426,4.050299700500908,1.3333293260532596E-6
360608500,3.578296310034834,1.67893611511556,3.069645313498514,1.333337394443921E-6
1531968802,0.27230713692615444,5.24208097929762,1.3333374131365003E-6,1.8841634714283946
55153,2.118547757503279,1.9935454674981556,3.197284330849304,1.3333323481845683E-6
232933340,1.3332873456361162E-6,1.4784367511996532,0.39458738393566434,4.937218342094854
1649781242,1.3333514715933894E-6,1.7758655822410359,5.506669724443015,0.2747419706619286
1386808,1.333337341192722E-6,1.4777349910245314,4.159413590137476,0.9497601417516949
317303826,0.16269222535549516,4.32988614424782,1.333327092018625E-6,0.6794867663934268
539308758,3.345780388311418,4.9272669862652325,5.6844798395940375,1.3333343432806146E-6
8029226,1.3333377991311864E-6,3.0153770583973527,3.7007111094035037,0.1692309381521129
419591776,1.3332999181853216E-6,0.8340683282950208,5.814729960536586,0.049879571555716824
42141295,1.3333548896832085E-6,3.4235335255328914,2.193284124572992,0.0809545854641899
1442509122,1.3333347156832564E-6,0.2533396610140055,2.084824350776619,4.408390023820103
686394932,1.3333304699242604E-6,0.4943532978126501,2.136413588540979,4.466614247968814
33322378,0.00892674985891888,1.3332950050010033E-6,2.4140438089274348,4.822978818373816
14851693,0.5189917534942743,3.5424256371093192,3.791690588773908,1.33334809786983E-6
1422773575,0.015853138271405286,1.333297179083508E-6,3.8708894683288144,1.930416552875826
2176671300,1.3333270185652674E-6,3.3863264943093405,0.05570958945239094,4.1051848501980395
1476988950,0.013554862925521213,4.287843605012672,2.2672968804573905,1.3333450775102604E-6
5767799,0.6618923041803253,1.3333303998558085E-6,6.264608572633977,0.19203119693226645
25496,0.23758074402111407,1.3334255417337321E-6,5.829119086149922,0.005061518225754295
25614620,1.3343306382821266E-6,6.590770872877542,0.00623018047508567,1.520611303927517
373669853,0.46851075818648613,0.0527108019292883,6.196017009340715,1.3333162500658772E-6
1517348844,1.392468948341262,1.273463412995558,1.4020498284444227,1.3333355441249367E-6
358871966,6.211041421391273,0.11935023821466738,4.049990684130707,1.333355306097456E-6
6239422,0.2622723539186999,0.5316664021974585,5.861813079555261,1.333339687432659E-6
1153902371,6.620619454643432,1.3336960091971025E-6,4.17323298788751,0.016771808477779874
18454432,7.338959504143976,0.0028621283036420935,0.09070635209855625,1.3347047738179015E-6
2126560010,0.9526518626999522,2.1844258978202147,1.3333337890874442E-6,5.272871329263124
793489,1.333336385190747E-6,2.334201029308918,2.404036853672355,1.264289099175323
1819997118,0.7417325439453646,1.8277487501781555,4.49970451742878,1.3333314386820143E-6
1491152429,1.3333332839020341E-6,1.287645663135359,2.55077663633344,3.7152848410192716
2245324,1.3333327589591198E-6,1.519596301290282,3.772032318619905,1.8617395821429568
1278495445,1.3333366434753888E-6,3.846068716449868,2.1918691350955166,0.41982917779777434
577750387,1.3333242599798598E-6,5.089524529790928,2.511957954740353,0.29295339442296897
621297654,1.3333280233045292E-6,4.244543454666462,0.07175904652519224,1.5085861751113352
1382916558,1.3333411922658095E-6,0.4017014150841422,0.049783222016904306,5.310047679866087
192974291,0.4591389190298253,2.4448543055301646,3.593070566969627,1.3333198027345602E-6
1331715096,1.333351400588584E-6,3.5527981053774234,1.692801026206644,0.15895667503155947
506234210,0.04895621142649811,0.8102985591861536,5.5096806020841465,1.3334029637280994E-6
496776266,0.01099894335133806,4.9794303130465565,2.0459601616348655,1.3332590871506087E-6
221252982,1.3333507777979284E-6,0.9452620537838189,4.62389288287992,0.10499475819709869
9370272,1.3333380368083559E-6,3.9837165868499107,3.6629357908030373,0.45043892105625705
721435072,0.016504889829321318,1.3333173659233724E-6,2.7489030395383516,4.461244147092763
789852986,0.006069998778639996,5.247015326129869,0.024773077611844434,1.3329309291628246E-6
1543999939,0.012618332863277692,2.025816516391551,1.333297475312689E-6,6.020297797176269
553038838,0.2885562687340257,1.3333288894177593E-6,2.831741617261549,4.7019774902328395
232007553,0.08303280286696496,1.13322922266853,5.4262018582683424,1.3333114843939355E-6
1499377514,0.3832485460926236,1.3333411920628555E-6,5.045174174983751,0.16273266055237087
280453972,0.021668522625219948,0.28028806243828835,5.925538316109539,1.3333184235523182E-6
2101001175,0.20174507211085624,1.3333469813079044E-6,0.11683446607315241,6.481587251653954
1106052273,1.3333261128383465E-6,2.1711554992063125,3.7704655716811857,3.466552528740905
1555268,1.333338910694747E-6,0.36119330931003873,5.86346312508845,3.587006253534497
185147318,1.3333399199135457E-6,2.804385170674744,2.2058182191059426,5.586647201419792
473769076,6.731246797570771,0.001123297499444113,0.029868207033692497,1.3342948316126486E-6
17504456,3.4297857042250244,1.553062372384354,4.1322795421020535,1.333317956804279E-6
35901338,4.55422779179466,1.3333909012172872E-6,5.531113376493541,0.11982785289153391
499091330,0.05540551426443862,3.0449014825839638,5.682643742830032,1.3333425163289568E-6
489094581,1.3333384302397333E-6,1.1921026398428634,6.359389623358588,0.411605770660623
430746774,0.5310729171486647,4.281395333451392,1.0013725652422472,1.3333375602327444E-6
698241691,1.3333323600800693E-6,1.0620177523090812,0.5131084489704081,5.87873416940577
2047152,1.3333406495227722E-6,4.958525268520177,6.154669189059093,5.934556557650203
484426217,5.990493711477702,0.26893798678456693,1.6244344184408843,1.3333488765900496E-6
1649551881,1.3333352994820188E-6,4.2621587984536635,2.2147497504232234,0.48501564030091066
1144469368,1.3333483391790044E-6,4.246940106343071,0.060357970351461246,0.6690503923565326
1326277,4.8391189940824475,0.2437573127252519,5.922835563241783,1.3333247717332063E-6
959837397,0.07216536887314053,4.921259233866993,1.5212006095348531,1.3333266887709883E-6
3125808665,1.333336556641225E-6,1.1429168026931225,3.934051511512711,1.0947792316877276
392938880,2.9142302495324297,1.7678435394989298,2.6867211595943727,1.3333279407230097E-6
38275398,1.3333328888329975E-6,1.7140935167564961,0.7870545199605437,3.098114185023106
246114379,1.3333430092000894E-6,0.1923376397131193,2.6038825230823055,3.8055505288046847
1904819173,0.009700723580751204,4.230699467381794,3.703779641305328,1.3333148901518457E-6
498198797,1.9716593936718512,3.9909175958325496,4.467755292916723,1.3333263241305047E-6
1218141950,1.3333290062588156E-6,2.643838181069028,1.892167541998809,3.646361435021426
1271676860,1.6646063282596772,3.38140229683202,5.678653459847098,1.333334502185479E-6
1676453981,0.020674085715187477,1.3333446015977894E-6,1.7414971069792748,5.010886584678799
425079374,2.5363905050311564,1.3333027863551103E-6,4.808340480413252,0.015783630297934267
1516785452,0.19409149560339448,1.333360484030068E-6,5.908767978130676,0.003793215040677986
289565787,0.04442104949899624,0.6238605277753627,6.30418744010424,1.3333414374235689E-6
1045930117,3.5496032776423894,1.32883410740851E-6,5.423390364534773,4.445132162478303E-4
1480533045,0.10067522201250773,1.3333413682636635E-6,0.0030463743807986705,6.409910124928701
1000424281,2.914486634973819,2.3984981660081606,1.186009992223743,1.333332462541562E-6
243496184,0.019258703073376925,1.3332932354571243E-6,1.6705918288807782,3.281721400736763
1364311150,1.3333416597665483E-6,1.8556923434962158,2.1869978949901636,5.334337123600807
2968323592,1.3333275182926303E-6,3.21994624742974,4.7412332649948,1.7561368310076848
24513535,0.7725452327201782,5.683312494212465,0.07558247795394714,1.333314768752057E-6
717886418,0.021252333040752056,1.3333228881296458E-6,3.4134115987237315,6.461578383601876
853689,0.2708818903531242,2.0951000179276034,6.112650493211726,1.3333359164445778E-6
1490431958,1.8992423314693345,4.3555102112704915,4.251056076071904,1.333338510431864E-6
1169719950,1.3333339616201264E-6,3.8210702152614893,5.466968950389864,3.9617726253994774
261196906,0.8528313992988734,1.3333564437160756E-6,6.597847495745184,0.2742598592548331
4331446,2.730528326340724,2.8728659542334145,4.117955456997564,1.3333330105887223E-6
8938946,1.3333391001319325E-6,1.9580986159387637,4.421726508050224,1.6420094602418953
45925025,2.326790047753001,5.913502454504051,3.796515482060511,1.3333380438788717E-6
1491416138,1.3333373088667885E-6,3.321436954878184,2.2284412685827215,0.1320351749465372
1401016,1.3333302575746006E-6,1.8239587240771293,4.046289699795079,0.9946670304073673
2025788866,0.09723973210630434,1.333328893460145E-6,3.6535314615431584,1.399283437399524
1654614889,1.3333313653491647E-6,2.1586855332381854,2.155068862479876,4.670787942290131
229136978,5.120807813361246,0.012501067818227227,2.621513017700708,1.3332721005899894E-6
1424109226,0.11628739703296523,4.244246709158102,1.333330434564687E-6,0.25167074661152417
1215887186,0.01515402841190817,2.0061291645816013,1.3332951613556013E-6,5.4297765156630575
276680597,3.1829304896991406,0.2591892904867961,2.8384904713732224,1.333363046265225E-6
449299746,0.05254616722495459,1.3029390908070357,5.911247467949326E-6,2.0159775050216506
818729,0.049233656364257083,2.2988774035715247,1.2602305941285372,1.3333704197324634E-6
2186924131,0.036080106485871205,0.5492727623495811,5.224496347101709,1.3333262269273584E-6
670609188,0.0497066491080869,1.0406605612549248E-5,3.011024809055052,2.854185135422817
752373297,0.04319456365922409,0.08104370975235499,1.33332778227537E-6,5.051103671284524
177821977,4.307957411951352,1.3333335242089303E-6,1.7807891674341148,0.3289991557044781
419425480,0.02458016055267019,2.385792389175574,1.3333153425782126E-6,4.905561098128393
2280568248,1.3333041873117586E-6,0.37265138819819665,5.675041225551176,0.011807822926794019
91415,1.3542680350413008,5.547734306269716,2.450217523557641,1.333335093087797E-6
1751791049,0.05957454075540159,0.003486504489154576,5.094492835218105,1.3334167795998493E-6
1567628479,0.05586884608079884,1.3338940842503768E-6,5.176839618509808,7.780002692997366E-4
79286,1.333327271474896E-6,5.675535638954056,5.327324461753199,4.288308697851719
637389737,0.05943303362239748,1.333333999662032E-6,0.6428026655968658,0.449609866643814
1139660770,0.027900246581504796,1.3334817170167256E-6,0.004396639140094339,5.066425757304777
1175334097,0.1720018496969063,1.3333627667259763E-6,4.698651045892148,2.5482558850906325
45207098,3.1763651108248796,5.271827656953478,1.1072511082531942,1.3333309492313621E-6
2809647,1.3333300530388865E-6,6.072240722129878,1.4685922383605985,4.212549823150466
1636331635,0.042372404910386754,2.763178376562445,1.3331009883056705E-6,0.6969479598064037
459180955,0.033655000306496,1.3333584658952622E-6,3.464022831765801,5.5956800230958335
48067105,1.3817736569795593,2.2924216524333256,6.662198048625124,1.333331458776858E-6
300562191,0.1908151426633559,1.3333326632672728E-6,5.944002934153772,2.9310415418079963
1435651265,0.09861431277988537,1.3316569987087957E-6,6.251025281131831,0.0016307938795034123
2397254,1.3333195218587646E-6,3.393521624618139,1.3370633997068062,3.0391390974386643
1773556180,0.0200456740711873,6.363112052326385,0.018113834552873406,1.3331924677508368E-6
1435018358,0.27700407962381707,1.3333014107099786E-6,5.983704245420081,0.36400310457866647
1636712716,0.2841400255285749,1.3333274374637936E-6,1.2472598032801012,2.652774824167544
325307068,0.07731408170425957,2.538000546902325,5.732376667035755,5.342953337296168E-5
286776930,2.361548234061639,2.4544725777401277,4.793148058506612,1.3333268136122284E-6
3357667,1.6766324522923914,3.542255540795655,3.074288659998691,1.333329759654084E-6
1524747123,1.5315142407677245,1.0938426902732916,1.3333323490218517E-6,6.132543772909764
5540769,1.993441237682755,1.915702490615794,5.278591524096521,1.333335459819581E-6
1956431,4.099391608601227,1.20252145357156,1.3333246116731746E-6,0.20277993134641792
2073559080,1.3333239841340353E-6,0.22764943644647362,5.547744720245322,0.4970150307690678
45816005,1.13620115183638E-4,0.689009907913396,3.105600744462897,0.2811266734046278
233899409,1.3333310236043713E-6,0.22715560958886774,4.669633456815042,1.9276841376974432
1691802,1.3333315601173898E-6,4.222488806031962,3.681038779100112,0.6156398860657679
1288083675,1.333344590421617E-6,4.898504188672397,0.39368842587407166,1.299554274907797
1478180863,0.07326884791379643,5.460188258022604,0.06130617968682379,1.3333360857206882E-6
2942141729,1.3342795973024281E-6,3.8333935080256864E-4,0.03012658862760426,5.180166201075563
1565173930,0.18387477830421955,4.8494474187686345,0.16746503279732144,1.3333085944388908E-6
1355986145,0.03643546309681354,0.7517297119506938,4.24268992195457,1.3333436024482606E-6
387826753,1.3333262484169962E-6,4.452966467312524,2.494583989894552,2.462961043974415
445583504,1.333579887763692E-6,1.1593270280149934,4.839176356267153,0.008848303005378661
973423826,1.3333203000140355E-6,3.2197692685488004,2.8443517029624803,1.2531744789809678
1501575,0.7614475052469172,1.3333261107278972E-6,3.9814206772478586,1.9172667335314215
616930563,1.3333328550290796E-6,1.5573183921161002,1.4209463673742304,1.1796065625864591
31314909,0.12137746545776718,1.3333260248982172E-6,4.120970063943037,3.505896226798089
2821360,1.3333272160521794E-6,3.3736580106723695,1.8130551109128044,2.416514463999492
1304193556,3.294857035711861,1.3319345459575923E-6,4.323894021344947,2.0313826082815742E-4
2308975565,0.03081755246693169,0.19632678923995614,4.775770994540356,1.3333265830348944E-6
3999606,0.04565750628929508,1.3333840139374871E-6,2.5717707605755384,4.231154159952461
465923525,0.6350047195965717,1.3333448396142648E-6,5.250346136968527,0.20932542394923448
1373831958,0.49401435334365457,1.3333296067289653E-6,0.24953928198348432,5.162910287628416
1264037986,0.18706480369784143,5.4614076773780615,2.0461201269280624,1.3333115507337209E-6
16467772,0.010092486595995811,5.433786731997422,0.5836540626376826,1.3334129705815758E-6
1414182837,0.22743389687882504,6.917755801745849,2.3294552088614946,1.3333297820278147E-6
440174189,0.011354693484477056,3.367005944064791,5.64879279040028,1.333223958445739E-6
3599657,1.8758297665882262,3.3704410159760325,6.278241246312573,1.3333312840948158E-6
1837920954,6.092187164561824,1.3334622774157298E-6,2.9650289534091385,0.001999859629644502
1300620796,0.015350705526455634,1.3336277377185674E-6,4.962108040141641,2.5749864582672974
180442293,0.040583047133349655,1.249404513483125,5.772211970071242,1.3333572254838567E-6
1328039922,0.0601510511748887,0.061313883362557955,6.131849029270949,1.3332135051085913E-6
466158442,0.03338253672526083,4.140351438252473,5.000816002799074,1.3333581287093356E-6
367027130,5.102962189795354,0.24492325247942098,2.546991827296368,1.3333297780264304E-6
327925714,1.3333283744490954E-6,2.7722284772520096,5.441343096392992,0.4809574513141615
1985920060,2.788307100759154,3.976543028665792,5.605637985195009,7.375970202450339E-5
1183567008,2.804468439754321,2.9099178009278717,2.4868391877858462,1.3767900713083722E-4
1856150,2.3330388955189467,3.5013625702553424,1.9087628255702145,1.0887111115687099E-5
1962233829,0.7183292516019035,2.3602917191906596,1.33333896017829E-6,3.3183067906357326
1516472907,0.01599447386384672,0.7844112984040305,1.3333383134646873E-6,3.8770706223575617
144499478,1.3333325813831294E-6,0.461608909241583,4.713814581170812,1.4609181039417374
1116592402,0.06130226015631722,5.1217836001828525,1.5565760430251059,1.3333325187299247E-6
13436270,0.23515234779445054,0.09507936642158077,4.2652313214975255,1.3333565662082856E-6
233923718,1.333360866074476E-6,3.7257231443015315,2.916942504615436,0.027519595636095847
1412514814,0.027258512508516814,1.3333698303895492E-6,2.409574285670809,4.744692922807562
38291410,0.3026658536317725,1.333334429830091E-6,3.5795646496439963,5.421387554751392
2210447,0.18075666099692958,1.3952234361598523,4.458341977698565,1.3333260810605284E-6
1579010136,0.21527221315864842,1.3333492622927477E-6,5.094272508010085,0.03040369856199053
1209532996,1.33333882168224E-6,6.025195103350337,4.988736832325371,4.924144412094004
1492725998,0.19548672530843503,6.070475914722341,0.18497684511530665,1.3333355888502918E-6
1918162045,0.1346367144168922,5.070797201520288,1.3333688809256332E-6,0.002217909246225687
223279297,0.37129729385545784,1.3331305013693928E-6,7.031103074563951,0.004852029474826649
816927414,0.2759311159345246,3.061140993755853,5.6580183247405005,1.3333332434556133E-6
1017038,0.03219168468392184,4.491056842706263,5.345029863255417,1.3333361617985382E-6
673326824,0.16643239353851627,3.956066883714182,5.145192968032485,1.3333294043696521E-6
755662980,0.019825046353963722,3.0338304565060796,5.6719628479408675,1.3333671527419577E-6
185953913,0.6656132925525805,5.512467888216125,3.797158912743603,1.3333343427583059E-6
410823480,0.27700451283041755,0.1285580833410205,6.427468461056391,1.3333219567036858E-6
416747483,0.031371919638522046,1.333310042238191E-6,5.0554326516657655,4.533048908386281
1576395300,0.020483960241240738,1.333324105139245E-6,5.11493097640182,4.762742830238704
237178974,0.17099844839878334,1.3333649323574319E-6,6.5185262297789395,0.04403447974482703
434113701,0.3106598693713513,1.3333298760395054E-6,5.927148860617328,0.4861449730737898
1553062,1.3333215654480686E-6,3.23991742850296,3.706427964402897,5.6375010466865785
1691605549,2.085598371746214,5.077802521608774,1.333309004240068E-6,2.1924567530688357
1032744242,3.177199830021353,2.697805261236521,5.835817547818634,1.333329143228881E-6
305293405,4.75871574429364,2.8590135445628113,1.3333407357820916E-6,2.2717748135325957
477795958,1.3333259754054148E-6,4.258354093088589,1.7675643613226504,0.2273210886539794
698951556,3.3636118381293034,1.0618088581958343,1.7008713523835037,1.3333309588838586E-6
1296293073,1.3333327846418684E-6,3.4776306585497956,1.4479101416070823,0.9790326643101761
532940651,1.3333267246506386E-6,1.2747145991638964,4.220874062478509,0.5358382433025031
1409019759,0.04256143248946682,3.033595988883456,3.997996304260471,1.3333357832939637E-6
288415648,1.3333357315618178E-6,0.9693681047019028,1.93399059752271,4.430525401858598
2196844247,0.6019144387565694,1.3333302369144491E-6,4.534642359964801,1.5014836038257213
1083349321,0.6397606817945358,0.14637097541280997,5.265681624673316,1.3333392346783866E-6
1869324,0.04190984108977476,2.459799966043937,1.3333632214180725E-6,5.369297788081709
10217226,0.0038416684238742876,1.332699563651178E-6,4.217291415837249,4.052474038832366
1651870031,0.02670176471859153,5.414655450427312,0.4286451331103625,1.3333057703552179E-6
587003481,1.3332962142709572E-6,0.054170818470681996,4.6372398165733,2.4809081835331694
1568310191,0.5236371810618888,1.3333531398070964E-6,5.105943207422096,2.1012088146171672
1706203427,0.21260687895106128,5.191337793734532,0.2317291999666641,1.3333340616205552E-6
14869619,0.14945004705738305,5.696546533343196,3.135162762047796,1.333330128497386E-6
317988743,0.006704724748983788,0.025375312334940812,5.726297469979579,1.333597238971958E-6
798491561,0.14472798278779098,1.3333638423721563E-6,4.726436106909044,4.714282806982217
1833036267,0.4298511353384006,1.333329884639174E-6,1.6662807314095969,5.466444702180384
1734853732,0.02956768427635932,5.044921924202928,4.730679805034201,1.3333185842096047E-6
217639909,1.6428449317870382,0.101617093919854,6.488055667257728,1.3333341057449E-6
20049903,0.03945849781576494,1.3333365917372883E-6,2.5653797354681203,2.778078778089128
31283052,2.823748686986843,2.6290738329648136,5.697299699312142,1.3333267614761782E-6
198442710,0.13721792518338352,5.186630267528576,4.712868755763604,1.3333247433636589E-6
326759817,0.0714146608512394,1.33350108242142E-6,6.415792617660749,0.04571134645522908
632452757,0.263532991194346,1.3334095643113272E-6,6.248088468869087,0.02786354470602531
44605115,0.5316570983743782,1.3332704493078961E-6,0.07360642452762124,6.7002893134866985
8429742,1.3333394675560368E-6,4.472641228308554,2.786937395154029,4.110712109057154
54793988,1.7260988046303885,3.908648230142648,1.679704601157422,1.9405590005258294E-4
3429244,0.11135227004422363,1.648007026562373,1.4920564668335508,2.2697468742704063
1481096959,0.1221433245105076,2.960246022019867,1.8677431508905395,1.167533446353928E-5
2641062,1.333333524900598E-6,1.5890913485164504,3.7294721583216965,2.444291253539911
1770922172,0.07754686834330549,2.0599596184912268,2.59719606837808,1.9243900605386323E-5
536175077,1.3333385098262784E-6,0.9883453659344948,0.14224769729579537,5.334957745477284
363140498,0.08689182290394898,4.3229142542997385,1.3333523559375332E-6,0.20199447642936613
203244119,0.04240908615408662,0.4459682598105359,6.765016756644649,1.3333346155540903E-6
421383221,0.9748284458673625,1.4252221817792232,4.217412747722491,1.3333266894718195E-6
13763185,0.05289769628705219,0.96081136898038,2.0639268296649833,1.3333355032838652E-6
457199627,0.21342122696102678,1.9046466974963694,4.885743273093077,1.3333467500036265E-6
1955404609,0.03423547057782613,1.3333456320576185E-6,3.835441413692495,4.20352938748346
399747591,0.06722173181152934,1.3333828301958569E-6,5.222679360518109,0.004062142015848757
258055186,1.281842848684761,1.4064470983343416,5.063227956434623,1.3333353907063965E-6
554792230,0.07014563554799064,1.3338679561809032E-6,0.007847904679148737,5.078682215067237
1443314383,0.16018746940647044,0.19509481077147675,4.669251516722496,1.3333237135821452E-6
530897843,1.3332615887658777E-6,0.39965468070752735,4.411725943457692,3.2787116627025714
23788064,1.6614338181707793,3.8771329616182526,2.471237589684913,1.3333306237363408E-6
234122468,0.1653317033740782,0.03431517300845436,5.1003795529390255,1.3332266559256152E-6
32329455,0.03016706027901138,1.5057427981416907,3.4418797640480214,1.3333206670538862E-6
1482864011,0.1297363089775454,1.3332363210282053E-6,5.441718921318381,0.06727626705683838
1573031,0.39997487533157045,1.3333371563428975E-6,6.084378734196185,0.9880892626077534
308479058,0.34681335521464146,5.050388571607201,5.063465389045259,1.3333246335990606E-6
228131766,0.5458418507932755,0.6681884889799466,5.199421135649385,1.333325919517568E-6
188294184,1.3913494313452062,0.2393062971472742,5.800449950781702,1.3333354223034044E-6
242298165,0.0296073586924591,0.17539084970082874,5.907546727828919,1.3333354864591933E-6
399496791,0.024806249626795934,1.333412601968081E-6,4.364765908294168,4.098171828846341
189380759,0.09052593581812579,2.2258811476030655,1.333323490356871E-6,1.2068517499092526
2049694412,3.3414263850188517,1.5457056954535695,1.5566481651053587,1.3333330882598902E-6
1495967240,1.3333361823333434E-6,0.9939604836493237,0.004899022704176453,4.269049614110335
1016338314,1.3333355672332555E-6,1.4842505770750156,4.173352847181609,1.1411439482445895
976955592,0.04531167489013417,0.23364391269597823,1.333309518331556E-6,4.961338213828643
46879111,1.3332146295684214E-6,0.49472239830597503,5.35494063443131,0.0034402297830079883
785790431,0.0896041538093672,1.414979446162359,4.604751724817658,1.3333444818770917E-6
602639885,0.11217975554709962,4.412396931070262,1.997614291429971,1.3333202408507999E-6
409147008,0.22594828519259877,6.667984504605705,0.15373328055416202,1.3333298208554855E-6
325951115,3.6256440808170494,1.3333201138308775E-6,4.896259640205469,0.20784555369632246
1171396364,1.3333482291879828E-6,3.854134243965792,0.3513470609019921,3.154934764874818
274978867,1.3333310139484655E-6,3.4104934857793476,3.5398182240993314,4.289425072591872
1691535053,0.04135017413393571,6.24410327721997,1.3331734750596521E-6,0.006736184880627868
1302497498,0.016299279933168213,1.3333093597415593E-6,6.094370594343567,0.021796603734152348
416576311,1.3333159413175238E-6,4.944345486949988,5.483852988154908,1.8389166331016231
1082428988,0.10119333255979557,1.333332595730861E-6,2.5889246660539342,5.726241047259743
311231643,0.024739548957863493,1.3332571365269313E-6,1.6160726519942943,6.615588043795894
24693259,1.3330651304307213E-6,5.6097718844077775,0.014846202157824995,4.08170233102713
1454352926,0.9304587952148096,5.169850383411939,1.3333299719978495E-6,2.0836548292675006
1605254150,0.11754045381242909,1.4722396177750684E-5,5.010410003859566,2.9049471926374935
422169964,0.07705068368969131,1.3949167138117575E-5,1.2380913454845763,3.396755956756975
35168079,1.3333204506615567E-6,2.0377284880826587,1.6982385699710119,0.6574415872219117
193880636,0.09481835475293975,3.8685403583341995,1.3333326183200878E-6,1.7274652651512359
600642819,0.048075746529563264,6.8258959409029085,1.3333919423671024E-6,1.2442407443281098
208471870,1.3333417612132208E-6,1.9048640956464107,4.812425882138962,3.069323120826209
1753558959,0.07801900375802105,0.38092011214034993,3.9063235775096827,1.333333735610582E-6
470262620,0.2776508442477232,2.1338210655247436,4.537211626536992,1.3333459372246409E-6
1555906765,0.053992954501144615,5.050975297855842,2.3254954051705132,1.3333249775946833E-6
1507156742,0.03571943144563625,5.546116846781329,1.8477733322956815,1.3333287819487609E-6
1484325420,1.3333354745745227E-6,2.324013545401016,3.255884521785508,2.4732454854334236
557687018,0.029420416525088,1.3332941274697223E-6,5.780376904441969,1.5771237504616133
557637002,0.07399656644571824,2.58652426436619,4.7670223472519435,1.3333281484473112E-6
1679620202,0.01451664059845259,1.3333487251132926E-6,4.926163121170287,0.020733857013743535
360644987,2.1286519422375987,1.3333231167213928E-6,3.708156862369677,6.5378210425261125
3081667,0.22779359505445032,0.018195064184160607,5.10871584497158,1.3333125943489564E-6
14226171,0.009791188781438583,4.081133475470562,2.9448590326044095,1.3332449377777463E-6
320887137,0.08179699960591928,5.659561052894255,3.655894815625714,1.333326161207041E-6
1520545325,0.03487341276848183,1.33334030551022E-6,4.85505427342968,5.038255365517612
787034200,0.20747533919048505,1.3333269388593299E-6,6.235689654743496,1.7326217139842912
6878507,1.3333252501362663E-6,6.761659000243195,2.1565011872871738,0.04292542666384996
200486085,0.22290936812657391,2.9631666673109223,1.3333287129091416E-6,5.954654530281295
975715980,0.03714181144732108,2.684412913982759,5.926112111612355,1.3333117160069782E-6
1086907885,0.057840856587826235,3.4313998499442198,1.8148659202110724,1.333297443179951E-6
1326449464,2.819708509872077,3.199409651806288,2.640449763700733,1.4920118471095222E-4
855086,1.6843027358377076,2.8787271740066207,3.821159935313215,1.3333347581137888E-6
600462354,0.06639368271973888,3.317505935546996,2.083602428838075,1.0902409943712385E-5
1515586953,1.3333190322650167E-6,1.2494638306520776,0.7238941518955161,3.996206365472548
1818706836,0.04483182660401888,2.1787268088266565,1.3333457787457734E-6,3.645961940706247
4584966,1.3333403941742395E-6,5.073522058035518,1.0317806989114664,0.37467923557267047
565062187,0.04815647832304269,1.9408555083584715,1.3333283183950166E-6,6.669344018550729
796936457,0.0719572267100957,4.782061985491491,1.3332903090170706E-6,1.891972275015701
362626626,0.10218141649322715,2.253177978165503,2.7561314322763053,1.3333355225868353E-6
1522027594,0.03644194798014205,1.0693209451357604,5.22010761433075,1.3333335977176957E-6
224608307,1.3333222180059328E-6,0.6985733941364456,3.8846161900146576,1.945819287262245
1659033973,0.028657322354143915,1.3333371081621608E-6,1.5715721873295097,6.52896547026678
607866507,1.3332162326799108E-6,1.4641676268208659,5.244822474850579,0.021809743248346333
1914530079,1.3333329781299486E-6,4.290860787227526,1.3751913029974967,0.8901851328232642
1465362960,0.034565503855684285,5.3499586193702475,2.2044642863714294,1.3333441530133878E-6
1532131743,0.04508362761392847,3.6850437241493914,4.892811608296522,1.333327995507414E-6
4567477,2.544947632876787,1.333322390835813E-6,2.019548002066495,1.9538225520982635
28893179,2.140137394441825,2.957911346600404,2.192327733504897,2.2200718856501114
504504226,0.026089803351878493,0.45942371570455115,1.333322818456017E-6,5.725868302685524
44111646,0.04849159938224219,3.364436334613899,1.7860500501146432,1.3333312636159194E-6
1320835879,0.03449132038646117,0.7710542186687314,1.3333118319166754E-6,4.488796262968855
1178430872,1.3333298045641209E-6,2.6059608854934035,4.07721567073678,1.248215281730718
266954200,1.3333329061395865E-6,1.359000871908404,2.4905814403545063,3.4151937629103584
245980254,1.3333351778554269E-6,1.3082974798238758,1.3035906229957492,4.0249858131859755
1228619,1.3333247681049786E-6,1.807911624180019,4.9975101907739035,0.01550656211488353
902199,0.20648954238880993,1.3333337465102624E-6,4.816304016021112,2.5248216804469776
5497777,1.3333286444536814E-6,5.079644790586479,3.0896303883641587,1.3799916374640575
1398219140,0.21102579110486255,1.3333524749408257E-6,5.269263684401882,0.05859938891814572
7326258,0.062296184751901656,0.1109224927313674,5.317250699578076,1.3333209107200998E-6
1389152936,0.3514804011917857,1.335065839129352E-6,5.048037668215885,0.0011409778418882805
12294825,2.396049017015548,3.0680839401969555,4.096141401068741,1.3333332340136498E-6
37418852,6.551814327009446,1.333353051435308E-6,0.005910431087304635,2.5073888151435217
202233073,4.228711224879508,1.3330132122028064E-6,5.334765836060244,0.0030172935608395596
4277286,5.634408561330125,1.3333377224340439E-6,6.188827399058783,0.20790144682886594
513777862,0.091064276863219,1.1006915305625775E-5,0.491440337164046,0.06529265601298902
6339155,1.3333350470110722E-6,3.705590164806483,2.6041594507076975,1.0955297863396998
598953104,0.03612672713046872,5.378635377309743,4.670581228121528,1.333368479446358E-6
1036313865,0.20578126504337668,1.3333722998003413E-6,0.08374822203909162,6.167251899746691
292541916,0.3145164015916913,1.3333143350185771E-6,7.004923721527941,0.0719170647135764
549914473,0.332903574587866,1.3333297741140759E-6,1.5590058715073212,5.39349882416286
1507355199,2.402517211678228,3.6444616192574752,1.2073831383955338E-4,2.3436990797761146
28249774,0.008464184298992502,3.6395644706005688,3.421337603886512,1.3334134853348786E-6
25969892,0.3379517243341102,2.8666383676732794,1.3333182370578248E-6,1.2423370187990854
1153093183,0.03303816535661821,1.316183079185176,3.899286658233908,1.3332520201526555E-6
1649486146,0.0350836484674235,1.8159648613906683,3.3990491265289933,1.3333314582600501E-6
422202887,1.3333334988093169E-6,3.6342930900510875,1.628753731713526,2.808559967523595
527605791,0.16129651504472825,1.3333458375698132E-6,5.220668718696513,0.02975165308299071
1757730544,1.333333571206437E-6,0.6754931536519841,3.824616691698368,0.8771774841461509
278969024,5.138227374570184,1.3333227351487714E-6,0.328546729932446,0.39663109698920535
56061555,1.01071023425275,0.3272914398519038,3.4050734833477483,1.3333269907958614E-6
3925743,0.7126684184748763,1.3332046178182869E-6,5.762181945908968,0.0061521888243151876
239723074,0.27942932107503254,3.3067413215290307,5.6069308110581995,1.3333310916714388E-6
267960956,0.1376071703896463,1.3333318071839219E-6,3.6406060154531255,0.7406198893597734
661565659,0.006605044683694904,1.3330587568341744E-6,1.495907598668621,4.151004219563823
431007701,0.04732807776024828,1.333365065377271E-6,5.212436123092134,3.1809882806666314
262061359,1.3333382495055768E-6,0.20956110396555816,4.730976972021799,3.9849426890085886
1674727,0.21954954244632016,1.333313458855017E-6,7.532134210050762,0.12205477537279483
562986421,1.3333281195240318E-6,2.5654971784168343,3.257272904692815,0.7372278175614176
307212206,0.09922497005442309,1.9622957588333307,4.804855204320964,1.3916400985446682E-5
329032009,0.021167788661379357,1.7536449743375764,1.3332172535380284E-6,6.239304037582758
1499366709,0.08911257360233868,0.9482449875872473,1.3333482278368922E-6,0.27190117066020236
1277491366,0.0562837208567521,4.541056765632466,2.8876807279291743,1.333315368372082E-6
315377927,0.06711479811823243,3.7272097557076003,4.5965932402939265,1.3333768552460874E-6
1400344254,0.059080854547121864,1.3333254170135644E-6,2.7480947064839647,2.02065154515958
395692372,1.3333452407417923E-6,0.7672413105165237,1.5516580816848504,4.746833969374208
7251090,0.13007782829696116,4.890048699019349,2.157410006709449,1.3333440999710483E-6
602163313,0.04933615922544456,4.443057833822044,3.661362331746114,1.333413405734614E-6
976675492,0.0914191819238292,3.724032476191526,1.3333790545139924E-6,0.04531415507050081
528372598,0.05813804301615262,6.610882417306792,4.322190150564134,1.3333286273522465E-6
1776159778,0.36206733864386303,0.033013976918465304,1.2080992948959913E-4,1.8121913742232871
2138705146,0.08913060592099252,1.3332869206854567E-6,0.8679222505326508,1.9842631152276318
1467334728,0.2798142279080252,2.6095655145233776,0.603955901443078,1.3333306540683158E-6
905890985,0.07389561776381744,6.1271806786377025,0.076736672168299,1.3333451341125773E-6
1490671767,1.3212028128039632,1.8407303971237978,1.3333272908853992E-6,4.152254541300635
517406675,0.7502432432900769,0.7781767861398671,0.0034086733715412115,2.200375481752523
262385842,1.3333310368809684E-6,1.603924410092056,1.816810757135815,3.9304788991937096
1627581574,0.84691188160961,4.373487751953189,1.3333301001083395E-6,1.4473613338005398
1293482,0.0294115182808723,1.293086777245359,1.8219010032274803,1.3333206758292446E-6
21142246,1.3333328368991792E-6,1.5638551952409852,4.117895896799397,2.3669645153469117
1175253,0.027124108825386795,4.038376813418072,5.483602565075395,1.3333469515872062E-6
29574323,0.20021001278920816,1.3333392702423678E-6,6.167733890909796,1.8181764288219024
1677872605,1.3333377343620984E-6,1.7891131212593039,4.541564182400905,0.30972673926141103
315420407,1.3333587588359054E-6,1.1025168270521275,1.6859363641111191,4.1218169200731385
367792890,0.0749260694754782,4.505044944955104,1.3332921258324196E-6,0.7137122188393826
18382607,0.9420748911603999,3.1383328312272933,2.698259267456075,1.3333377266069311E-6
252220691,0.034453415250408875,1.902863056449679,3.8520835327650014,1.333337497104935E-6
1720320675,0.013751559101793135,0.3471181814231546,1.3333373854393634E-6,5.0340362424728955
596888605,0.04031265256659147,0.9738788987835156,4.555153626419866,1.333321977528406E-6
356916851,1.3333299328092258E-6,2.641095653918734,1.5474071466187458,2.40089890912788
3398876,1.3333338925718672E-6,1.1830746328318005,2.5566488670055296,1.4789745967131576
13889052,1.3333478730550626E-6,5.189423206302323,0.20959000804271702,0.1839410709038772
1522963042,0.06254346892579073,1.747356212838998,1.3333773780054849E-6,1.3068260087244548
536515954,0.04265781675013295,4.499367545742998,2.3648272586928227,1.3333279962659727E-6
1239547647,0.06948198422954308,4.632068341228314,1.3333039089055267E-6,0.06784612962099347
660530792,0.25134665073617185,1.333219703987039E-6,5.608046296963795,0.008774324092455928
13114092,1.3333326183714101E-6,3.748504331020038,3.3375209390849543,1.31740378037633
227342221,0.07310399218532974,1.1785385769357726,3.145765665549687,1.3333349748067957E-6
490407155,1.3333608686880823E-6,4.159687830643167,2.5201921220606875,0.04987444054943652
1964604447,0.09174807483889846,4.846821273265828,1.3333458553353035E-6,0.023435783700769163
145795748,1.7752722400194147,3.9603766192581507,3.4485200299101804,1.3333281892023192E-6
216469060,0.26553080914400223,5.193714846475738,3.1622111717614874,1.3333311984322747E-6
1293951323,0.0651406946403752,4.215823138984555,6.450369656398222,1.3333544350175217E-6
234623250,1.017740898829704,0.8034478383698904,4.086834260246792,1.3333863032572153E-6
558684145,0.46417634419308357,1.3333467914515912E-6,5.707484776169401,0.008224308907896176
4623497,1.3333352769277476E-6,4.793974794591566,3.089702206197613,1.4220671104683698
249061491,1.678941219763196,3.7809640735248586,3.0934784324158966,1.3333406786432186E-6
1702552003,0.1159871424457005,6.40064799577536,0.011507722902410304,1.3334029371564285E-6
47525,2.6203781054717457,4.434663983235088,1.333329686418294E-6,3.1876160997796004
53960967,0.09435782459736486,3.7447108771813267,1.3333321844697014E-6,1.1533575900403825
183636049,1.333344221279802E-6,3.549597876749139,1.9681420423786558,1.4493226162884814
1543676122,1.3333290228764223E-6,2.5490317020148656,2.5728036233222054,2.2054520192946274
196778200,1.3333285502804268E-6,3.995419427911409,2.8664490920741867,3.359757781369674
400235601,1.333334636616342E-6,5.168712792063741,1.7875150532230824,0.1095456845298009
263832221,1.9922913159779905,2.6594601165028156,2.534160593670073,1.3333305795344234E-6
883349757,0.0818606304464658,1.3625120300276337,3.395000580907513,1.3333555337990284E-6
1265783821,0.061797899400331015,5.124038593279874,0.1873972628522708,1.3333566870311928E-6
449067455,1.333318315151443E-6,1.7550745151829794,2.7777567714544924,4.165287596227967
31836700,1.3333304748756705E-6,1.991780821887681,0.8860699625732174,0.5482713571887599
207765407,0.6574586897846941,0.8104642285347677,4.583336366582717,1.3333329081679221E-6
646795831,1.3333373267500065E-6,1.9193648727241217,2.7986829078760427,0.24744468453147556
1227476,5.082172004677973,1.3333272158925137E-6,2.825547799492538,6.218121696660903
466438858,0.10150485320225955,2.279297782887643,4.668578518981869,1.3333302004129005E-6
303310424,0.02196822326940239,1.3333272377448937E-6,2.155147433549449,4.598672491106345
745141012,0.22178226739472398,5.619384892325831,2.821234505388146,1.333333619260705E-6
459486971,0.5958015332063435,1.3333367062584668E-6,0.3392756065128203,5.770114988782714
1244851794,0.02857746831680357,1.333365906249383E-6,3.5660223542441574,2.023472431712222
930783860,0.05282233241341755,1.3333005042076357E-6,5.832984448504727,0.052762322604180796
726342021,0.09216754532593974,4.8824395193270105,2.284306116946021,1.3333141592724117E-6
295032399,1.3333302656192971E-6,3.941974897862032,3.037709404378021,2.3134529419373675
54194045,1.3333217322463086E-6,1.608132049845332,1.4198022392646128,3.410281794716393
349509147,0.03014101930057665,5.625289128312692,0.39509523024528387,1.3333229957551622E-6
28946283,0.01923982217882686,1.4010312839247778,3.7733911912221436,1.333343638898935E-6
8615719,1.2134984096767252,2.398371986413781,5.2230251462615795,1.3333246364625454E-6
489759486,0.035464148941297985,2.865670548314347,3.5421221195482095,1.3332508826891984E-6
213089330,1.3333125051838902E-6,0.08674000715945282,3.2434181164486673,1.9689610354828098
316964053,3.4212546404416107,3.8423427007062037,2.706417277043011,1.3333263907937243E-6
1027212419,0.05567086192398491,1.3333204272464702E-6,3.466688322655489,4.448736242200783
2316813039,0.11403318567914222,1.3333332946142942E-6,2.0877632867877067,4.0400465471785925
205179636,0.11352560563686258,3.786905443969262,4.409726749362981,1.3333284282164821E-6
179649326,5.118575423114752,1.3334186687962658E-6,0.030124488807289004,0.11844744212513525
467702658,1.333324794708797E-6,4.0155864129678465,5.352486863279606,0.5809434070636539
1172289835,0.1870627630853024,1.4830040354404,6.24949384522859,1.3333324901871391E-6
1030664219,0.1923548989829761,1.333352472717409E-6,5.774929630930766,0.008579815720251864
468098413,0.08164166197782062,2.3967732563496122,6.018068201112273,1.3333305080586432E-6
1466683017,1.3333265197101039E-6,3.778049753811462,2.2848591661428004,0.16516047812189225
1380723642,1.3333323864397913E-6,2.196043301462574,3.2065489947254457,5.218502392139632
22628170,1.3333291278034424E-6,2.1306218570287285,3.5886256015549303,4.89100962122658
1435070648,0.054226339277617275,1.3334019605650844E-6,3.8649220679618854,2.253825145203845
357757604,2.7532643953005786E-4,0.7221240177348366,1.438605437245691,0.04677878511169776
749668537,0.1285092958615455,1.3332665793548962E-6,6.477787480603906,0.01435830172010311
905938824,0.03241089875916464,1.3331528369398009E-6,5.02506059180955,0.029179133067985016
1473393,0.3625071999090616,4.745253068490241,4.510391985033709,1.3333436201581572E-6
1460711082,0.019073727314362528,0.011548807374070325,1.333372515596765E-6,6.11818371978448
238380518,0.05881505505737078,3.3743080818624303,2.086993015968432,1.3333346322150651E-6
11743588,1.3333226325500496E-6,1.9031502879571875,5.833102561942539,4.591614887451504
276603658,0.24376503105398356,1.1042701202903717,5.829106406431141,1.3333346316853267E-6
1557895756,1.333339801306947E-6,6.200801044837652,2.083456605509892,2.0485084236405706
202670502,0.2125885119604198,2.854819598736763,3.1847484586227575,0.019584365092104643
198854466,0.03861802010240923,5.119676038558709,1.3333278766854713E-6,0.36849536602079724
1929380441,0.04184556539837113,1.7983429108030484,1.3333771860676496E-6,4.235434039536999
572377614,0.02945242444501577,0.711610723376826,1.3332955486110554E-6,4.310622152561484
1359231784,1.333330951155045E-6,0.4941958732607592,3.845961889395056,0.4091560410005722
495379863,1.3333442407218902E-6,1.4181267569392821,3.768054273895323,2.7070844959464346
40366309,0.06279110124712438,4.60338368729731,3.3032365602682208,1.3333283159837213E-6
8907823,1.333331223999869E-6,1.8761089390702215,5.815913192639502,0.45285352924915045
564835471,0.11495046333777524,1.3336302419425551E-6,5.592940055348816,0.010874839034952847
1988504894,1.3333068392536685E-6,0.005309552811242865,4.825586615926468,2.0746825982716626
643911676,0.12515027262343237,1.3333289069129326E-6,0.2133179672376464,6.240433522102783
425194107,0.03535165945488212,1.9955151318503288,1.2904796472716443E-5,3.166584382964052
253454704,1.333337639472727E-6,1.8508588449638732,1.9556175032816998,4.6592524751553634
963680216,1.3333304920706414E-6,2.223316350553281,3.2666883436805754,1.913767221233816
526751220,1.3333310009522004E-6,3.939670499847565,2.4606816658190827,2.0488060606285696
362614946,0.06487448008057753,3.602861841635352,1.9487541970771276,1.3333365702343642E-6
605276364,1.3333305473076796E-6,5.364338763965516,5.784749781547841,0.18542601687925017
1523737196,1.333324253199616E-6,2.1553869504345817,1.792053344540806,4.806732012709481
1499566990,0.0636947320543062,1.3335004210419728E-6,6.824335932448575,0.012401149997978924
201037829,1.3333230988421118E-6,3.000731507407208,0.22408618750874926,2.705226257425375
256497809,1.3333217262408988E-6,3.4327421519640784,2.9189855782243233,0.03598222918463779
6091652,1.2499686135998895,1.3333310033976901E-6,5.497173345819325,1.7082502795176322
216662596,0.7783049337715249,0.049941629802559596,5.787093174865485,1.3332967074518258E-6
211895754,0.06151156921625406,6.2630617892292015,2.1666553226764025,1.3333258511200128E-6
218139189,1.333333056023891E-6,2.250977340505158,4.885524422453934,6.341444542456298
2077774514,1.333328064212484E-6,1.5685433216264775,4.9827562421406,1.1444950702400452
55995087,0.15062538633468361,3.7368908840285595,1.333334483317347E-6,1.8404087172865375
222066767,1.333324190389111E-6,2.2283444720503796,2.3131836439651017,2.2802017555015732
267621951,1.3333284109549923E-6,2.158157771040115,3.1165242426122886,1.7891599124435098
177795215,0.05797541220231738,2.177114547386551,2.842786282739555,1.3333412020990054E-6
4562165,1.3333311508685143E-6,0.41607896335578426,4.223676752119119,1.300322795863747
332326823,0.02691416136347607,0.11430466472799468,1.3333663073703259E-6,5.642263940007538
1512211528,0.020577922708759543,3.3559306700116878,1.3331742551463447E-6,4.476855324162974
228667981,1.333339152125942E-6,1.7213109989423845,1.1286189878072148,0.12578988013447903
271239922,0.9025897816818426,0.15387877776036252,5.434720449298926E-4,0.052022651628444265
1501539660,3.0751169531598372,1.0119569812537679,1.876970115298978,1.3333201004535631E-6
1513088920,1.3332834873728473E-6,3.839242730735241,2.115407086212683,0.055771114472817435
1360848222,0.03286064319801409,1.3333952870519756E-6,1.7895382462333171,4.30520008534366
1538102375,0.049155908408619685,5.108554008308097,1.3333813643651828E-6,0.02480077991946499
864453698,0.09049665935730875,1.333331025694351E-6,3.700245739311194,3.905972776981082
1178456903,0.019039616999402674,1.3335027350239087E-6,4.806156754866315,0.03943047260214056
199158775,1.3333414972818566E-6,1.410976138121412,2.684951365149099,5.534969812432507
870166,1.3333248932386458E-6,3.105815332394443,3.1666170707441035,1.7546268594201395
741575740,1.3333797210933935E-6,4.240193692237075,4.20015004212166,0.09318532803101866
2869768,1.3333353036272275E-6,2.7431885448813884,0.2253719992783092,1.226813423452379
864009,1.3332171457078305E-6,4.389259327682113,1.782826448023737,0.006121221683346849
1320005854,0.03671099639071972,3.2419101147796914,3.919776832402252,1.3333441570717E-6
240383262,0.017002850326155734,1.3335603179119334E-6,6.85602319864464,0.029396702796482797
20362787,1.333319259150035E-6,0.10299938471387081,4.723465421202469,2.8068742398137427
3384273,1.9183740258826403,1.5308506754250526,1.625338962505306,2.368338818870649
1297589,1.3333315192174449E-6,2.96643899491964,2.8991325488460817,2.1455157122855417
3868576,1.3333359798186112E-6,5.588374833029655,4.100220916298385,5.344032154648868
1505821325,1.3333331520744262E-6,0.39404443588092797,3.0089641765948434,2.9337137626258945
869170233,1.3333345358403543E-6,1.1767139865256506,1.2553554001132794,1.5572345662553444
478494954,1.3333488587076937E-6,5.5816231451870415,2.4442815256158745,1.437051630752328
1056489708,1.3333514148953294E-6,1.1389361913079281,3.226454867547042,0.9298928420321517
2805685,9.406039248674032E-5,2.145546461758,0.4611770424015747,0.03953398481533535
457726539,0.012062501466900018,1.3333685913050328E-6,5.3801949964859075,0.05916511169323779
10792760,2.2179065252261676,6.214160354744568,4.618032262586758,1.33333898569782E-6
237513364,0.24620507615228066,1.3333204883355834E-6,5.896156097998309,0.06355000243184436
476132155,0.03506501825736362,0.08511737998988962,1.2412605276020683,3.390228527842187E-5
1430565170,0.021400193363125125,0.8745954674248714,1.333308310188545E-6,4.462261626026223
1198017,1.3333329631587967E-6,3.22443713912463,3.978313626889424,2.5934301398494606
247538574,0.0710055221018305,0.7711663613487107,4.80869782847055,1.333321649974452E-6
561748977,3.5398616515726613,1.3332690576408328E-6,4.841475211089266,5.059238985539977
25485637,0.021556459191254828,0.8926999495632326,4.0013220917531624,1.3332920341311727E-6
507532621,0.10018705336187049,1.095202049393766,2.3731593607089985,1.33331933197358E-6
188531337,1.3333627331386017E-6,2.4571898224224373,4.864396338444786,0.01615028384728402
538891745,1.3333350314526173E-6,0.07692194965782755,4.251460625640741,2.0100887308567503
309256667,0.7084451570091661,2.5971053172090164,3.9770119648328315,1.3333332936868668E-6
1268586529,1.3333267908659711E-6,0.19848613279923336,6.310801882854916,2.2163800898025094
205697930,0.3572255059606523,5.1859006059718435,2.1085782244047557,1.3333159754683741E-6
2493785,0.3837422429953325,3.9229985776969722,5.200184844125756,1.333326995190478E-6
1637893417,0.7770155462348732,1.4381094816027398,0.029021121802462413,1.3031612249360391E-5
1225970901,1.2753993385641114,1.7452237201496386,1.0379682828558993E-5,4.330970257403416
42374887,3.0215598794909915,0.5794359661730657,3.16458959165996,2.610664939881837
1217669213,1.3333330728376405E-6,4.743436596891447,1.88903375744559,1.2126427319724358
249463098,1.3333350487942572E-6,3.460320379438886,1.554904625264667,1.9508611831737608
186892618,1.3333327074486837E-6,1.0807784111661953,4.4911647903829675,1.9077540638171855
3014331,0.9478513628231843,1.8018354888533106,4.593633159507333,1.333333482205955E-6
303982408,1.333321427224164E-6,4.3055667340513315,2.5323040638930148,0.02214280032243776
1325596464,1.3333314676803774E-6,1.7507307629091997,3.1076989491379354,1.697734099461959
1351903609,0.011104789101299077,0.8923583721396787,4.171165795882958,1.3335401887867362E-6
48805145,1.333208846310169E-6,0.1547484822909404,4.2919832301723675,0.011736079527299116
373615074,0.04093776925914196,5.151592752315552,2.729008935191603,1.3333233704662913E-6
179192602,2.938603659488089,1.04619758104372,4.483711115356038,1.333326022689852E-6
1585494956,0.041140712439686665,0.014988254574076721,5.255610533005806,1.3328577309240697E-6
178448614,0.021819820031668238,4.433926885225505,3.2496839538857545,1.333364433867855E-6
11936494,1.333326917718472E-6,3.738247636026168,3.3591534779848184,2.075283054891944
361863289,0.8175000684950963,0.04144957405276073,5.853915672027127,1.333497432637972E-6
310091193,0.03554375518026373,0.8293511832418787,1.3333458037665706E-6,4.240000570163827
1198417,1.3333296982648485E-6,1.9018171892388054,3.9774956143843743,4.075436262994563
794087,1.3333330597704067E-6,2.3343625063789903,3.740422500863414,3.752933135989397
530770006,0.027996788872768574,1.333287385910735E-6,3.9011897307221837,4.3208947410186225
530899937,0.43901979934678276,0.5677435726772876,6.0148516743334275,1.3333340792611467E-6
353020539,1.3330879008528937E-6,0.04751786267142684,5.025354009108831,4.300779669875948
1515197396,1.879090672959254E-5,1.5636356182135396,1.2813553839527194,2.10630151623984
1217807468,1.3333394618687425E-6,1.1606187245704498,3.4561379999466264,2.674283133153934
812059436,1.3333402615402038E-6,5.258803652970382,0.31216050115661453,0.4336943111949239
711882506,1.3333189291056252E-6,4.291337853382355,3.549275681003474,2.396100695753258
233379621,0.05141331900736862,5.507923892400726,1.3333697959311965E-6,0.030797008034580495
642020385,1.333345037116346E-6,3.857764157112963,2.026900014528397,2.4495443100647196
21413848,0.02982279663696086,4.37045524089883,4.166815737472864,1.3333066813311062E-6
1517665571,0.3024394738241405,4.053143924052371,1.3333364886391347E-6,0.7217782942746166
250649733,1.3333344574165051E-6,2.39488738204227,2.4322410573579343,3.3439940714290417
1513962184,2.1301409144737016,3.3616847936857854,1.33335467911675E-6,0.02386359273705433
1080490214,1.3333291953648725E-6,0.5365912875490264,3.161116564099907,2.3895470447112297
342135320,0.03407137995883063,3.3951112803545684,1.333285511729761E-6,4.0854874878199
406131785,1.3333343144644438E-6,2.961901494671364,1.8683452093246122,3.953485522690065
415340009,1.3333407348986746E-6,0.2038141341709073,3.8998662027310855,3.3017237885080872
23640688,0.3058658602826095,3.401232554342356,4.3821255456272725,1.3333346694066915E-6
1557097025,1.3333882425081447E-6,0.09367154781495998,5.494089684899344,0.01822630256600265
300551308,1.3333309226021243E-6,3.6443413955471344,2.723949133733389,1.2721895385734008
1676477,0.3764001247363747,3.960094808405926,5.661335234719745,1.3333314604502276E-6
185524037,1.3333452996306668E-6,3.654072503814955,3.2765164978700962,4.607380960178173
197868268,1.332984385741293E-6,0.045113799444057405,5.779835316602079,0.049939464707066825
637296152,0.2924123318033743,1.6423872821704424,1.3333376307688248E-6,5.135258936838558
1530338851,1.3333307679208651E-6,0.9561116738062905,1.88398820884147,3.6679615301371573
2382136,1.3333327620281048E-6,1.1913696593267318,2.558352925445722,3.316464556870096
1068757954,1.3333248607647392E-6,1.0747898865435237,5.0592051858982225,1.6889101781873594
259362248,0.004625768036112833,3.2367776537852295,2.47341522367122,1.3334940701769567E-6
1968021964,3.1978127461391326,1.3333347945489468E-6,6.632503594033769,7.026606594125853
257610297,3.7752314605965736,2.0601103595230197,2.327174385832889,1.3333324233901514E-6
1347197698,1.33333390107175E-6,1.4580051853732128,4.992552705021741,1.6727479622539916
9539073,0.7976158114315868,1.8087648272325698,4.4709362232502725,1.3333679141003949E-6
1381400840,1.333335029315735E-6,3.274222452929962,2.7846259495993326,0.6736588772313888
744313691,1.3333333350860722E-6,4.176209704910334,5.8654903793434485,6.428780141971127
376424344,1.333406668088912E-6,0.8786870782361546,4.020890359549282,0.028817893832534466
342018260,0.05941756120495179,2.557847968931596,5.942005185355869,1.333331281498996E-6
208265659,0.021090198025042934,3.7282474097579357,4.353421489159153,1.333182875104492E-6
845519,0.22154403359824185,0.7347165275326,4.481028172570363,1.3333155472552421E-6
16262285,1.2295079986389323,0.3706966855040924,3.5542214130027485,1.3333297934727911E-6
1567992975,1.3333299768081909E-6,1.26941848700846,3.944501937032263,3.1983376476013325
12906914,1.333333556023331E-6,2.8730884920196353,3.266664965475345,1.0845846354285043
407092217,0.04543929038981781,0.502337534644641,1.3333425480913792E-6,6.075624391287594
979633571,1.3333271660321405E-6,1.6659470904267595,3.1400778457380603,1.8826353455394196
523025192,3.063525275810944,0.7712454814921295,0.013861717708666158,2.92959367370649
752099318,1.333333033483196E-6,1.3011973983063014,1.9154896954787186,4.806794004703865
322100534,1.3333384721297113E-6,3.159829103905038,3.7107782811673755,0.021312289161902122
1661597304,1.3333185056468057E-6,0.046228563215277296,5.6151140728745155,1.9158090866307271
1721619967,2.2406312681440927,5.364520625777295,3.1288134507569105,1.3333298918711036E-6
1788508,1.3333292440528877E-6,1.961207361057744,2.9936340259260694,2.0104284061749795
33747063,1.3333253308758772E-6,3.236944228863307,2.037943396446391,0.4947715149175851
208808122,1.3333556737394007E-6,4.452279825361931,0.06427515805867867,0.6149414776836123
26795042,1.3333314227736975E-6,3.3172009662240742,3.547537921523079,2.571225270223962
192231307,6.536446014355208,5.7099055847777604,3.185450847935304,1.3333406573956635E-6
535887615,1.3333288691145915E-6,1.0233687755539078,3.4984240967449622,4.2040728560344505
241421428,1.333328479458534E-6,2.326578354560883,3.60956243001121,1.731969901877839
235476465,0.10214713467234643,0.09389324220852274,6.50084346905387,1.3333664383954217E-6
271156627,0.03926267520300464,0.06723802965354073,6.2575903204822385,1.3332783970872928E-6
582416280,0.462080746655361,3.368695483007814,1.985756250799912,1.3333364842326313E-6
382170702,1.3333321890216042E-6,0.5314140925890626,2.9506371296243215,2.8988757441847754
175485485,1.3333322294367648E-6,0.006637206848313831,5.306288658781168,1.7638955707360333
1484014000,0.02014029443440518,4.468800780828303,2.6747900648740104,1.333347038479685E-6
1119840252,0.011598885817983145,0.05783367565560997,1.3332079807341467E-6,4.805966213358846
200888797,0.0685718491006351,1.3333939182844093E-6,5.367899442879612,0.030292720629746844
831038,5.007529363209369,2.0521189415885672,1.0210790921178024E-4,3.5993043670231373
37077380,1.3333308602759046E-6,1.6346598738030858,3.9200641447507842,1.3181145200069588
467481116,1.0034419082588382,1.333330396936035E-6,5.474710438468041,2.58267063378321
224888618,1.3333308128306344E-6,3.7518920329689744,3.4644801101961322,0.3098415578135031
266084535,1.3333295191342266E-6,4.1423519839438745,2.938165477373229,2.4095269045704355
363087494,3.519778647071979,0.6129599641631219,4.544051599946611,1.3333271077236035E-6
335036925,0.048082738053444006,1.3333084001762874E-6,4.351573233832354,0.7915440104995533
1528450183,1.3332954236648135E-6,0.023240643624488615,6.787427492638165,0.044585313767345536
1038393,0.38021156534050765,0.0519576813282095,5.725788664133257,1.3334345949791637E-6
460386136,1.333332461427373E-6,4.412589691079348,2.9226250939705753,1.3470477168946735
471877964,1.333338480151436E-6,4.276872775947401,1.8692281156881467,1.8896046673848106
267653965,1.3333321724064374E-6,2.523377298936451,3.4528664645233182,2.39051426871379
50844490,1.3333400950277266E-6,3.428569376641218,2.9167089200541954,0.8241248079453128
26926343,1.333330117448303E-6,2.6489390783063764,3.8059839312025514,1.7314006876854067
1991366,0.0470045052263466,5.832634084157363,1.3333898106110467E-6,0.028985766344402555
372958001,1.2595774855188495E-5,2.103795595305708,2.2532376647169245,1.2742592855023602
224984506,1.3333288147462575E-6,2.673799711594417,3.6062782124458233,0.25084765450971624
30412871,1.336182296933835E-6,2.9281723445706342,3.678145421003644,7.683077885127219E-4
239380550,1.333318617930374E-6,4.504451266905745,1.6526995331909167,2.1180541980364493
23732334,1.3332933000374717E-6,0.06865327837723002,1.8777860929712156,3.9511178227950308
976262961,1.3333404564626077E-6,0.9123165746070195,1.4012868588466765,5.06079933270466
44272785,1.3333348951178484E-6,2.298488213819048,3.341020115567873,1.7831119620863456
5175130,0.05559149572782233,1.9981020116525858,3.985950476617112,1.3333694769200788E-6
1465001512,0.1163946156016705,0.16362036396849589,5.6390143078678685,1.3333486860808345E-6
359509471,1.3333297576174922E-6,5.865115457785269,1.7551265120208093,1.789824532829104
43373288,1.333312724968962E-6,4.650346578892146,0.02299262661504106,0.30929856129895883
769582,1.3333489835620995E-6,4.459326687163973,2.3847991982490586,1.8896366275846188
1484212212,1.3333354318209489E-6,3.4531473623834477,2.1676560725450926,3.9326840670917127
16838282,0.04350869331510476,5.0225867451058335,1.333246644014951E-6,0.01848951421945621
366564420,1.3333294430538776E-6,3.8723452605083475,5.365947828908624,2.0259539059816385
856125062,1.333334878362028E-6,3.604316371308565,2.016162888476817,0.5624952101695123
1477732293,1.3333419611108248E-6,1.8331331512423679,4.95358686955715,0.22673046247500103
778228762,5.1816267273691,1.3333361588921225E-6,1.9970691821130815,2.5095463075591016
495410610,1.3333311345171569E-6,2.9931171782375694,1.8548317629218383,2.1435327924936085
2061161,1.3333330512132877E-6,4.145662816182365,2.1449434241009455,1.5180832244548566
635537849,1.333337189217879E-6,2.1956912785469958,2.3723907076064963,2.765146807577025
9688438,0.3208150131137057,0.17799300576897245,1.4012091060984926,1.3333697541910307E-6
2076190,1.3333442702975632E-6,3.5876450995307523,3.6445180497026453,1.9293059670564963
387804605,1.3333429331695485E-6,3.160314216594865,3.720495535687236,2.0802754245980153
299889819,1.3333230382662866E-6,2.229047215608641,2.151703947980723,4.545590546654967
526363172,0.12904909732410239,0.13454217641870417,5.113840595279919,1.3333404618188184E-6
341934645,1.3333386647116386E-6,1.7214978944916428,1.9818361975911074,3.0305524076006702
12462327,1.333363682361811E-6,1.371755683455474,4.174144690416659,0.17740361066570398
1392836448,1.333328787913676E-6,2.0786171827762314,2.9412576637306307,2.622061844163683
1066901,1.3333287234082372E-6,3.49258914461725,1.4261970316006793,1.5799339106170789
527909974,1.333334846381267E-6,1.260265248560797,4.133949020925428,3.7426978387803547
781876,1.333330420243374E-6,1.5877903719381026,3.6272336454883845,1.1593467740828924
242343983,0.055228969750983146,3.9555762544286006,1.3334081698496885E-6,0.13607524941916785
42050086,1.3333304917795902E-6,3.857952694961407,3.200724671908423,0.0704223892812752
208695603,1.3333301834887532E-6,3.6340021600323698,4.26007512646986,0.03812578475060708
1603709979,1.3333299653511023E-6,2.6697019504254476,6.19968662515865,0.08003447558694707
12823531,1.333341602615676E-6,2.913380076681039,2.0231213947442033,3.2469517895472975
2479803,1.3333257754940578E-6,1.8110388182487118,4.459928210292404,1.0058608146675607
240442515,1.3333293233305902E-6,4.515182673714727,3.8638060908981733,0.11409658631185723
269922335,0.012444331631547234,4.971206890840032,1.3330901754640544E-6,0.03742734051492905
1215437540,1.3333298882003811E-6,0.5338154409133598,2.6692376758794127,2.864549105330069
196677619,1.3333531925248894E-6,0.04058102977568843,6.125956294515691,0.11794241235443917
211739830,1.3333487855843118E-6,4.671008706917615,3.6606528617716068,0.10338119722035534
309194749,1.3333081699012122E-6,0.09908322594574442,3.204427754977621,0.08402172942592806
1424701184,1.3333359191254612E-6,1.512540389620472,2.8655330654498985,3.345334301136341
78648,0.03029758455491059,3.9291191888178227,1.3332353994460037E-6,0.4648906887878996
343614888,1.3333311042482151E-6,0.36086659228851037,0.954335684961376,4.906400349524284
206367606,1.3333225576923626E-6,0.6971514491497582,4.014346786888841,0.5560501159814097
329678610,1.3333234602012645E-6,2.9105210917343243,1.8267406125086882,3.0133241315550077
22440645,1.3333323986246332E-6,4.72258596660408,1.1474697192824612,2.841230266108346
29859151,1.3333306316917395E-6,3.1446329290211392,2.5927539808990194,1.8364080174889046
788005,0.815274695905386,2.910789242893037,5.572037215778056,1.3333436939325816E-6
23461186,1.3333254885767408E-6,3.5331481883520373,1.403098928662302,2.1600106617433044
13059005,0.11451424945060812,2.9006693058558883,1.3333417130410017E-6,3.998265367228
251584954,1.3333070283353383E-6,5.335887468965832,0.07036057703501111,0.1748997710350874
248522344,1.3333348454593721E-6,1.7257199051484844,5.201666689333475,0.2882007281546432
544012526,1.3333310000826831E-6,1.3333309878607524E-6,2.833227144996206,8.885316316420452
345586825,1.1040662566310721E-5,2.955894051293644,5.271427142294762,3.1193563844649845
18854090,1.3333327875605317E-6,1.4342209747686712,2.4270873298040483,4.1542871845072264
1449596183,1.3333146588485672E-6,1.8074991235555093,6.254190713574392,0.2188324810546317
526172948,0.1142662168735895,0.6146425627338377,1.3333683601297915E-6,4.094309648751595
211165873,1.3333353019960532E-6,4.898476237693256,2.3089358888674703,0.8124333632780364
24958698,1.3333304469382551E-6,0.5985726843582546,3.2244970972347042,2.237606981552528
9456650,1.3333305327101484E-6,4.731866094622487,2.9352395428612486,0.22844874462333747
39609231,1.3333422797269035E-6,3.48286257358988,1.888773479628554,0.04216108771823851
47783190,1.333335033467701E-6,5.417910453863276,2.4382364770257383,4.785629264270551
218496931,1.3333228450167983E-6,1.6874774984149878,4.562609415611976,0.03795665522647082
2602391,0.648906778254327,4.361662069669695,1.3333312293445411E-6,1.18020542790646
1340118021,1.3333367749763374E-6,3.71853328797845,1.982682595909531,3.0845422778635063
297317271,0.003839163897124637,4.529158400352593,1.3334995235140072E-6,0.09218643760937921
276862452,1.3333434120264219E-6,1.5315614610804587,2.178492059861451,3.7586210058197587
1105797835,1.333324914471606E-6,1.767295492514656,5.574322949235481,0.15125509891837274
8829552,1.3333305233783439E-6,2.378601398051799,0.23841474192163947,1.3186353923686132
273275256,1.333328867402902E-6,4.127889721701205,2.3921978937373045,0.9482298754452598
4270959,1.3333316339081153E-6,1.6258416161759344,4.269524871880713,2.62273584318099
23626351,1.2336114134287803,2.577030584305224,1.3333335790009097E-6,1.0087526953142012
2308135,4.246351040563144,4.475121081068883,1.2508764871803388,1.3333294988338898E-6
233986127,1.3333304453947114E-6,1.631046988496141,3.834759508390676,0.9416063480081212
976963157,1.3333309068849295E-6,4.790573170415478,2.989871704852489,0.47638633637593003
497665067,1.3333401276230567E-6,3.156672402322483,4.085117714856269,1.91179905706576
187634975,1.3333436915351416E-6,2.948451757222105,2.583837224381384,4.467602213025049
208367668,1.3333370863447855E-6,0.31398842491657764,1.6369415795784075,3.745831982655227
258102864,0.9620932396568197,1.3333331912016392E-6,4.043569081059815,5.123223915348498
3890255,1.3333341023578077E-6,5.19053011579648,2.9712680519262524,0.052895568262235036
1358376686,1.333323898039619E-6,0.09472609804918218,4.901734127212681,0.0773799593781613
29950685,1.3333429430042062E-6,2.266875875511146,4.651449116766212,0.1418898602847175
218585478,1.3334056071568238E-6,6.314934614475377,1.7329555076910532,0.05230850665230936
1370119083,1.4834169845265714,0.3865992284660798,1.3333370788833413E-6,6.1989925267213195
21420093,1.333339703587642E-6,0.9867946976339885,5.179808373218551,1.329906653449832
12152779,1.333326994722945E-6,3.7107847453943132,3.2736826000600847,0.183910063610633
337358922,1.3333128123569235E-6,4.903874139937347,7.102087592987356,0.08647814914453313
447587670,1.333331004120489E-6,6.783843796025456,1.5027130107542628,0.73668325531226
178043101,1.3333221737535492E-6,3.627495913885715,2.5313177116477,0.2931535243275689
5755715,1.333330223696965E-6,3.995602817464097,2.9194515079769574,1.0047057511870279
1387411024,1.3333329939620119E-6,0.8038775168578126,2.7421499839331287,4.290579938025938
176016306,1.333334412491936E-6,2.1940147478666714,2.971511717057513,2.0056997217502257
3044909,1.3333364704641965E-6,2.6719874145312095,1.6148818611420164,1.2865723936129299
204847429,1.3333351106335454E-6,2.6929785512964317,4.906528772397327,0.08655321731065614
4360687,0.008522697200070262,2.2612390992741513,1.3334182220646371E-6,6.383882818820279
1271707178,1.2822668902951273,0.16829321046016976,5.754947647572758,1.3333596800886095E-6
190439839,1.2648010491107975,4.13207287246502,1.3333335643240977E-6,1.2626603964364942
187151842,1.3333310854108893E-6,3.9190167368374693,3.108286900259945,0.7797723692365908
241151788,1.333329427084847E-6,2.09822331511211,4.018816380415947,2.5008653834077275
4787785,1.3333366922456443E-6,3.295178791160358,2.6712442507349676,1.1502809474995606
10185510,2.2216543729371274,4.919928091228707,1.33333773717331E-6,1.4357132257110738
31633728,1.3333454415180816E-6,3.955250249337091,3.205306080596665,0.18454521789891704
10004059,1.3333300812922073E-6,1.2007793756318093,4.000954574034305,2.633218460509723
3373974,1.3333358617197586E-6,4.055861518843772,2.974797577780819,0.033540855221604174
273114450,1.3333359082346711E-6,0.18233621606513248,5.394717842464946,0.5650002266534148
3879158,1.3333388578498132E-6,2.768369200572986,3.670674586738392,0.07833561857798008
628103579,1.3333266066354246E-6,1.8277910401852457,4.694147975232145,0.8170492408405662
192121043,2.2624327116443075,4.18224277086445,1.3333321237621992E-6,2.4426779949633586
1312221,1.3333464146562388E-6,3.652433205433333,2.905364308091142,0.5225580845219157
145308730,1.3333754932771726E-6,3.0588252831161387,1.75617759556882,0.74463573017405
646862038,1.3333344878620676E-6,3.231680647681439,1.7908079722767496,0.031100558630011002
294631191,1.3333436677922777E-6,0.1706342643243135,6.073379941000622,2.8555748724105987
8946560,1.3331827814078833E-6,4.334047294904151,0.004917228072358714,3.200046533718221
198762295,1.3333337978171936E-6,2.57914961243426,3.61140140060827,0.6705181308470276
2007924,1.333335580929665E-6,2.699516974024979,3.2755364316510227,0.046307260389823496
1683745,1.3333324873503665E-6,3.5621159117398773,3.5572833349893638,0.17644736926632726
230727846,1.3333211182966582E-6,4.5725120725698245,0.0279034352398105,0.3908718386535852
217782915,1.3333172377883744E-6,4.717087530385803,1.9489759555453872,0.0922764679325901
31768160,1.333331561266737E-6,2.490866743536373,5.101590449983794,2.9250770006021347
237776406,1.3333329578872893E-6,0.7220627753192058,5.323947377438838,1.1244508068815915
224336487,1.3333264535258458E-6,1.9279154192765808,4.069954748895379,0.11405724669607278
331302998,1.333333361179111E-6,4.023193160007265,2.164837123590153,1.820432576112835
407307136,1.3333339083019198E-6,1.691494047959774,3.117859369504582,2.842993616091182
870445759,1.3333298518155292E-6,3.5199900587406856,1.3257503537881823,1.6691607281626366
2708917,1.3333354067913716E-6,1.801808946509382,3.8340577664874846,0.08430581455909943
287869909,1.333337714059478E-6,0.058841945478160365,2.5598571956533425,4.5316373257909595
509995308,1.3333120476762988E-6,4.420400601594448,2.5558341573921326,0.03284660524211649
367160963,1.8447203764130384,0.20227339165961622,5.584626376861629,1.33330753868213E-6
5361039,0.002358263140439814,3.9139496399432683,2.7452244459896344,1.3337960049031164E-6
41357433,2.4324135266546465,3.735116583407622,1.850666791315523,1.9789636515755926
1551389,1.3333275829483484E-6,4.0097690694585015,0.1422896001363972,1.929121227839139
5977929,1.333338484355181E-6,3.7167585819225444,2.0798511462211615,0.4951027115534988
2537473,1.3333209188921788E-6,4.691088211585806,3.4021371286266766,0.0653385863657597
16065847,1.3333330300954064E-6,1.4446696712619016,3.579699476298765,1.3315448634549292
326739637,1.3333368752371786E-6,4.243890900169101,3.6625003234739846,2.9712405621088323
27543924,1.3333324905101333E-6,4.435456066157764,1.8959991794987436,1.189528981210327
41987900,1.3539878341610847,0.25257140118063187,1.3333300677796247E-6,0.11547149120375086
856855,1.333341071208634E-6,0.09046499420301449,1.6885033092761632,5.1653740615467765
41373987,1.333341463631344E-6,3.714108924204847,2.2732705329527088,0.541236683811061
1075272,0.021540909508153343,0.45450963544807543,1.3333147104689287E-6,5.185192321503048
252976899,1.3333323476410675E-6,1.644822399166214,4.755271556312003,0.7304384210489943
1064366,1.333329372631602E-6,2.3142257207676677,3.255749572866339,2.2519384886536282
1113090,0.06481654670965906,3.6983910653409167,3.0663822131086906,1.3333344664252947E-6
179360669,1.3333310154965233E-6,0.7335872489993099,4.040359641310875,1.9041021849862199
10820607,1.3333262393300498E-6,4.375294511210291,1.4810646807556778,1.6129968099177197
583684651,1.3333329528382932E-6,3.3379993812472866,3.209230821095419,2.0985058361262525
335965077,2.236856050998835,0.8237759062151542,3.8321630372560294,1.3333289653776201E-6
777821651,1.3333309451861886E-6,1.6242023612294083,2.8910579917221666,4.493019851565147
320498757,1.3333282803644803E-6,3.089518562239169,6.547398137122182,0.15217408015100026
610571830,1.3333340116435913E-6,4.820947855012973,1.2408896986469042,0.1297941747069461
15977721,1.3333309264806043E-6,3.766353308806523,2.421018627445427,1.8276352491114012
1476954,1.3333329747911849E-6,2.3657199851525883,3.0909512523025073,1.9816789045120438
35720927,1.3333370765212927E-6,2.886711078037764,3.669470457510224,1.0376512865705778
15597699,1.3333461302452519E-6,3.1624220668125025,1.4742174348381043,1.6249677303857404
26958503,1.3333272881186074E-6,4.4463887985253905,1.489382610374145,0.19948712573596436
630230818,1.3333125622309593E-6,0.18323385263059663,5.884658331829253,3.668001826199546
2226095,1.3333339575958248E-6,1.9816607078459778,4.647046265177183,0.10585353089664362
2188824,1.3333296880299938E-6,4.48348598378924,2.8624180564942936,0.639670584988262
3830537,1.3333327856622074E-6,3.646782661767458,2.7116969079401794,1.3897644018056128
6360082,1.3333373953751537E-6,3.192155450469023,2.0923903508552377,2.894408763376743
4130384,1.3333307729446268E-6,2.899680017890101,2.219124303198167,3.989187132195464
248508947,1.3333375175288427E-6,1.7431416309424916,3.878012507251084,1.1605636233375962
845529,1.3333401644944718E-6,3.169753770400737,4.280918865531511,0.12737282756248205
231949310,1.3333442670129827E-6,1.2390082059321963,3.7044838266143274,3.004800668256977
1445709739,1.3333537899529955E-6,0.1331811649995688,5.121862859209833,0.09669044223059323
54051005,1.3333331100514645E-6,4.476322931910758,3.3337788893921387,0.7911533984943447
363956201,1.3333387141092753E-6,1.246118947167631,4.647620811511925,0.05710790797984805
626589315,1.3333670785804647E-6,0.10113902219733151,5.504790849204432,0.11607090850943616
217728319,1.3333329606309802E-6,1.4856256693442291,4.3770482688752645,0.9878803554544587
174332982,0.03359472413491725,2.354065347288329,1.3333207986636629E-6,5.201759826380548
43221060,1.3333273519182974E-6,2.409122351173946,4.112821177808499,0.09244862535226524
27622521,1.3333316205191998E-6,2.743251591769782,3.7982344713179845,1.265811370879984
958642,1.3333289131375662E-6,1.2103694244789376,4.566176339743108,0.6025577631404745
3112656,1.3333341672040701E-6,2.8268453134354727,2.8012074485245093,2.6532678776116323
247605893,1.3333207962116537E-6,1.6632557433363098,3.8429218305702344,2.8366509903897748
54815032,1.3333361854761057E-6,2.2466396683595025,3.865122598797381,1.018921700853901
43958828,1.3333294693366567E-6,3.021472894988316,3.62434326620982,1.2007472930763352
1649828,0.00857331756100257,1.2036702806738802,1.3332873223645765E-6,4.414157582259401
22171095,1.3333388417750965E-6,3.915225314254966,1.6773539633345549,0.8932126145235889
316731281,1.3335553921634666E-6,4.196683197884826,0.016471213393729974,0.18713664119421558
1000179911,1.3333333464986712E-6,2.0751194000374835,2.959222704302879,1.9595836303821523
25424715,1.3333310629624258E-6,1.469711391979805,3.8276911098974353,1.7343624759616805
9685103,1.3333632193295097E-6,4.353736630568952,2.330737471499137,0.08435381430044082
3037457,3.0402839280788507,3.384971564814025,1.8439616725520063E-5,3.2518848079533402
186019852,1.33332845613065E-6,3.9328267588914696,1.2283684308551344,2.7915178435731733
255457057,1.3333326328914122E-6,2.19272925176609,2.096423418296704,3.616786680318314
348630381,1.3333473613880222E-6,2.637919190349232,3.144990562475629,0.9125992608402952
1324153,0.550204375010968,1.858436126677969,2.6581534256326025,1.333322085895037E-6
52858265,1.3333286455025866E-6,4.555435533398664,5.542440656932913,0.033958018070280455
1371898,1.3333338775053043E-6,1.451722601890192,3.6667278576599656,1.3336560758150426
1097118847,2.605751610827078,3.70510763079019,3.2619704236140517,2.8308533682413857
3523523,1.3333327728692499E-6,2.872675272516863,2.4538890725240785,1.788024552875257
2064315,1.33331837797641E-6,4.423585947880736,2.8473222598288057,0.12089683916755219
3300887,1.3333265746839406E-6,3.610826653528144,4.326447046265746,0.9646115671889576
5057456,1.3333360813348771E-6,0.8602552889149586,1.7102451573192787,3.676178103683486
4587001,1.3333366457401705E-6,2.7018512908174444,3.2037603620312822,1.8156261376750233
3117840,1.4369603513943163,4.184040389186129,0.028640678404323418,2.5148888340175124
450292261,1.3333283146608708E-6,3.402189385277808,2.3851330779471347,1.173998109461593
1508932219,1.333332682034907E-6,0.7292099572533379,4.278141921665788,1.1505133340279914
2196457,1.3333344510594786E-6,3.1635327865571528,1.9367340890157758,0.09129241652141043
45966580,1.333315470510935E-6,3.4559387372292125,3.7754596518361283,0.046151531896566095
89692,1.33333478373015E-6,2.785301399603681,2.8011172141707563,0.6317591447795499
222815744,1.3333315258976715E-6,1.6607381124495868,4.3276106509094445,3.0993257671609133
176925601,1.33333173184041E-6,3.138453925546563,2.571071945537057,0.1421405230399881
35127351,1.3333224615943137E-6,4.234603217770829,3.7607898795479473,0.2567460515717657
781429,1.333332798592053E-6,3.012800036589511,2.0012372642578367,3.544854576298557
189778250,1.3333299697661493E-6,1.8808893522085524,2.8960768755304507,4.568613888102131
349467985,1.3333304102481497E-6,2.904901594712198,2.5307758799547537,2.97031532846945
990644,1.3333272471296603E-6,0.8978100448937474,2.541232864346025,3.2268654495579865
301613458,1.333332464042781E-6,2.5038699412262226,3.2550110641493535,3.714404335200819
868058015,1.3333511134358967E-6,0.31566975459970986,3.184246019653158,4.411635240390663
190136173,1.3333303613958754E-6,2.2781763732692575,2.25281218565397,3.7822877117502243
27431896,1.33376657105268E-6,3.465296067611837,3.317697364417755,0.002420582381001544
1333203523,1.3333442725008005E-6,1.92650489870914,0.10221683331435698,4.006427310392909
200449325,1.3333295835625602E-6,2.147766254934357,4.034468168715533,2.424883640772241
12843885,1.3333499725846685E-6,2.5422985265013933,0.2541244813568186,0.9377278944325915
242708369,4.546881704460825,5.853523252182407,5.392352005217553,1.3333387129597794E-6
389492388,1.708478632368201,4.125685519442212,3.3892061026346023,0.9581019355092789
4268403,1.3333335549073287E-6,2.044243067357183,2.3777067569560013,3.2619795622893872
20850451,1.990075624039826,3.1730129016376485,2.442937830373771,3.018560790743945
2490353,1.3333325544667208E-6,3.582616353003822,3.567536544483902,0.3040116788093513
6308389,1.3333355816150279E-6,2.497315759764715,2.458874432236396,0.08617444087863353
1898141,1.3333308552994596E-6,6.414640606218556,4.853761739046402,4.0261361464669205
181896432,1.3333354074883903E-6,1.909779062634397,4.079730232515884,0.10798765238366714
12752931,1.3333375990726254E-6,2.910725280318876,3.0783602715459666,1.280839027630466
1113921,1.3333327732779433E-6,1.3525588470542425,2.9501842260652644,3.263366197919498
145714741,1.3333259813596488E-6,3.0333768759458146,2.0683235086341027,0.6927222844440216
1676784,1.3333361726749012E-6,2.114531727780213,2.7712924092253797,0.18473326769348752
1444451,1.3333310674022525E-6,3.4858692372147932,2.8937768552127814,3.2225715031412547
1213941,1.3333343669339402E-6,3.7968479106577484,3.2912571518849596,3.0957860332605507
1371467,1.3333310195234018E-6,4.896024853394292,4.160157968291058,0.44923363483436196
4487106,1.3333223758119738E-6,4.211874510230252,2.0180287288039565,0.12198188515007914
289020041,1.3333370212914934E-6,2.611228202309536,1.7897363328225744,5.282244567215769
3135225,1.3333341939078246E-6,2.955569319670147,3.7260113659191707,0.11858132834114439
2692900,1.333333531695586E-6,3.659542252457578,4.088861841321368,6.783998725565116
185416714,1.333325481453058E-6,0.19217147479943608,2.0011290500351175,4.607558951190821
815942819,1.3333313326674465E-6,2.213523634835909,3.815105263839511,3.306481758859866
23876446,1.3333370078602247E-6,3.7142315258026675,3.113549881824652,1.7580552790692974
1090055,1.3333366512150607E-6,2.9491954149688366,3.362897241404945,5.055552674626171
