1469609400,7.597523470133607E-6,0.00393884599780214,0.007380342599495835,0.002616970088645409
1262742,1.0E-6,0.0034094463416198487,0.03436327432209527,0.0034460164861673443
431904090,1.0E-6,0.003274167094796394,0.023382029565779238,0.007658830095666526
13299395,0.006954956209709258,0.008501971465378518,0.016322326199944864,1.0E-6
467814133,1.0E-6,0.0017919640261208649,0.03154894686217328,0.005877393552375667
1114970510,0.010039743433533553,0.003988071240119709,0.020061232782593717,1.0E-6
546998530,0.013348933146962186,0.006358731563302407,0.006833158603727586,1.0E-6
1971402599,0.01115475821266399,1.0E-6,0.03451227420572443,0.003173592282049143
267906357,1.0E-6,0.003484148884579132,0.020515330802210765,0.009806327911115678
1676703,0.008310293527789779,0.005975674043510133,1.0E-6,0.00782754996286769
1542462653,0.017195753237801925,0.005769825933327568,1.0E-6,0.004661202633945693
385182586,1.0E-6,0.0031851756522703997,0.014633349018388874,0.007090206806820816
1354076618,1.0E-6,0.007163062092485476,0.013667608535798143,0.005086962432685038
1827621887,1.0E-6,0.0037321612046355467,0.035948598935317516,0.003031833119548371
15318279,1.0E-6,0.006592383388765749,0.029356223288177347,0.003426434562210695
1112056,1.0E-6,0.0030283390866627517,0.03340802111561958,0.0064105186706062914
2183178290,1.0E-6,0.008105632155011287,0.015176901702636468,0.004862669978717203
1551859751,0.013889581082701444,0.003982430517208531,1.0E-6,0.004006172095328308
1714328,1.0E-6,0.0029697782470109783,0.04191329204204633,0.0031748261013939895
962785815,0.00875697207596086,0.002460622397723602,0.04346932065108973,1.0E-6
24211166,0.01984629359584635,0.0029502434715557246,0.02397921924328993,1.0E-6
221758078,1.0E-6,0.005041440966282369,0.03246008667341327,0.0032178491279929874
1088969,1.0E-6,0.0027567269218488582,0.03699621413235979,0.003021123975554317
2516898,1.0E-6,0.0039878150125037546,0.03071691973719845,0.004870886965370476
1406894013,0.004895653606415706,0.0054711019442915025,1.0E-6,0.00802372621614556
1537191,0.012861632773745519,0.003947057598054219,0.022690092164024733,1.0E-6
2948999,0.008420687503127014,0.002720052255827307,0.03851065344709014,1.0E-6
15343745,0.011263865936185618,0.006226278380503166,0.012783860364707174,1.0E-6
15412975,0.007225495953358695,0.005037298472716879,0.034117724406648876,1.0E-6
1545775,0.008582367098040429,0.004312496625452855,1.0E-6,0.008567274214109376
1696627228,0.009766023498975908,1.0E-6,0.014814385723148093,0.00635529174859933
1480704938,1.0E-6,0.008273428977841982,0.010239717352458298,0.00427261671033318
278477371,0.01896679246103062,0.003312844044858641,1.0E-6,0.0029190398138715713
2031970835,0.010355099235842708,1.0E-6,0.029560479843705776,0.004152610069802371
787724071,0.006397169387815174,7.627574821021504E-4,0.028762844586376755,1.0E-6
26913335,1.0E-6,0.0037665074595897453,0.01737895167457741,0.006287636325419477
21751548,0.009517749417408756,0.005467638780164619,0.015432415267480229,1.0E-6
61691,1.0E-6,0.0027200106668277997,0.02340505935090628,0.005275588531645596
1456330238,1.0E-6,0.004596794720284516,0.026295005582791915,0.004252646164131437
50474234,0.010118737002117878,1.0E-6,0.004389921709827786,0.004888439065806234
2645075,1.0E-6,0.0029198281500016827,0.025813403274051194,0.004867689469280188
1722971411,0.007147860839669237,1.0E-6,0.03781482338102585,0.0018670860652020228
368237438,0.008033735894170757,1.0E-6,0.02911096920210748,0.002916454517536644
1394586531,1.0E-6,0.007629320858438605,0.00988096465943742,0.0034321809917384908
215014211,1.0E-6,0.0073180456339427945,0.022580077798588175,0.0030698050658440864
43580430,0.012364105471575721,0.005054275910692019,1.0E-6,0.007176854049447853
264345969,0.012689729688252624,0.008046873550454761,1.0E-6,0.001155835145090629
25905206,1.0E-6,0.0028887807793988828,0.019265112879957594,0.008158142031324608
1335967334,0.002620306623831182,0.006587721926720895,1.0E-6,0.0073245508170103075
1534227225,0.017124170954524124,0.0024657419167320497,0.02749569258208894,1.0E-6
2015349687,1.0E-6,0.0026533316882260197,0.03954639311916987,0.002881885440420259
245568716,0.002661915327112804,1.0E-6,0.028050966471746024,0.007525915899001058
922892,1.0E-6,0.002723233175259655,0.023935352057519208,0.007679244445638314
1485590798,0.018290643749153936,0.0059069813280423445,1.0E-6,0.003101075148556765
13429220,1.0E-6,0.0031410532446524576,0.021789488948123315,0.004665295160964162
478780012,1.0E-6,0.004474991794600471,0.02619540209223434,0.0055506247546651954
1549937221,0.012666955504675828,0.003477167976305011,1.0E-6,0.008017751529780013
216497038,0.01199628299758779,0.002456484766944427,0.03380174414635472,1.0E-6
30386835,0.003293802393834861,0.005784589305617939,0.025396833978043876,1.0E-6
31533162,0.011179946459205933,0.00773526965421013,0.012552146191636629,1.0E-6
21552360,0.020621134999935675,0.0022512854917131446,0.02566232957440329,1.0E-6
282674163,0.011589448726190282,1.0E-6,0.032343154808107136,0.004100115059544071
253875188,1.0E-6,0.0033716683147898573,0.017837629114836384,0.008866416210445016
1593757006,0.010759701932785455,1.0E-6,0.018932378900925802,0.007692171608030598
1470941396,1.0E-6,0.0027114445766386946,0.01583504479570571,0.008805076614483156
1227972770,0.014361182078034003,1.0E-6,0.021549832504056187,0.006383485207537168
2063174114,0.009120789569448754,1.0E-6,0.03248262978998311,0.0030452319545298287
1263811512,0.008625127764095523,0.0022252986054934055,0.039686838569896465,1.0E-6
1427159752,1.0E-6,0.0032693760721713544,0.039560444795098806,0.0024678965339486603
287467149,0.014445570014004806,0.002320327598633608,0.03110814957380692,1.0E-6
177274122,0.008500440683768777,1.0E-6,0.04122965988113094,0.0031260520028637325
328294485,0.003998313377943266,0.006717732588584762,0.0030386239256634112,1.0E-6
1177786565,0.013519931233326128,1.0E-6,0.03128758648489089,0.0040114723742278625
1375412714,0.00709692030744715,1.0E-6,0.042419593689616425,0.001791328647564665
1856554,1.0E-6,0.002447106077986349,0.028907670277003937,0.005849741593270101
1943148216,1.0E-6,0.0032445824421441995,0.03760950295337632,0.005267721971679677
54285677,0.00806932232310562,0.0063809921886833565,0.027518700557070275,1.0E-6
25839290,0.018811950770433978,0.0022669032194122794,0.03410519988169062,1.0E-6
360608500,0.008239315788545178,0.006877662867255782,0.024545073172820012,1.0E-6
1531968802,0.032479168186976985,0.00321156005277906,1.0E-6,0.0027793273918003993
55153,0.010240927940159678,0.002275917439447028,0.03874012737237951,1.0E-6
232933340,1.0E-6,0.003642682393830486,0.026323269811082288,0.006494864153186039
1649781242,1.0E-6,0.007417539717757269,0.0208524143545929,0.0025991423027465527
1386808,1.0E-6,0.005474419785985871,0.030631030739336144,0.003303407639539801
317303826,0.010579347252348114,0.00664528001408234,1.0E-6,0.00529805105111679
539308758,0.010752233874040756,0.004462340668425114,0.030267069680079025,1.0E-6
8029226,1.0E-6,0.004697825833338278,0.026914112757376783,0.0065737752851299566
419591776,1.0E-6,0.004092672108517886,0.03178563853531989,0.004278472161130571
42141295,1.0E-6,0.008185433707284617,0.016194866087514855,0.0032116464963533983
1442509122,1.0E-6,0.0022170957669265267,0.018861919306687524,0.009518796473265973
686394932,1.0E-6,0.002074593883316021,0.023280917834427577,0.009685664984478884
33322378,0.004376530786422693,1.0E-6,0.01902943024989555,0.0098947559432048
14851693,0.006970439129343324,0.0029114509093100356,0.044604869353966015,1.0E-6
1422773575,0.005551638603004448,1.0E-6,0.043465832486813835,0.004064659616288073
2176671300,1.0E-6,0.0032462800315961205,0.02015776807174376,0.006960749440364134
1476988950,0.007074924666544669,0.007107884999933055,0.04625859152416244,1.0E-6
5767799,0.02031358229267877,1.0E-6,0.03307612326244269,0.0024009854082736207
25496,0.02054747820138478,1.0E-6,0.029508780104608882,0.001572116869334656
25614620,1.0E-6,0.00825373406405013,0.003076764405377793,0.004052317144448301
373669853,0.011716729519875192,0.005740450198882045,0.022187381368351872,1.0E-6
1517348844,0.024710342788682685,0.0028563835536531807,0.03391314272819952,1.0E-6
358871966,0.02872317359458856,0.0022827033081307077,0.018531056934724916,1.0E-6
6239422,0.014673710730040666,0.003558769389568575,0.027365003876164307,1.0E-6
1153902371,0.05475803921960931,1.0E-6,0.01583189766309375,0.002278730149779304
18454432,0.012959168942145643,7.882741960987944E-4,0.028986100811798494,1.0E-6
2126560010,0.064276531252076,0.00435871435002255,1.0E-6,0.007265000048012791
793489,1.0E-6,0.0023865531484435726,0.046468828303321386,0.0040296130649388065
1819997118,0.08807951520160191,0.003516556232827336,0.03153071255816468,1.0E-6
1491152429,1.0E-6,0.007968353470866212,0.01628041588847439,0.00480637335921001
2245324,1.0E-6,0.0028447025111455766,0.030923528165164877,0.007263355458540164
1278495445,1.0E-6,0.004993478141026489,0.03263227624715847,0.002706999438520204
577750387,1.0E-6,0.006453223412563503,0.02553665604004396,0.0034669090291732096
621297654,1.0E-6,0.005916995301430715,0.03204096682535118,0.010707221765542941
1382916558,1.0E-6,0.0040875871911118964,0.016296994891408092,0.008367897001496486
192974291,0.009360750794066487,0.007017437568312348,0.02486010820030535,1.0E-6
1331715096,1.0E-6,0.0071202974127919,0.019000197331611703,0.004230415772535683
506234210,0.005616478160243865,0.0018241217229725552,0.045933793062387485,1.0E-6
496776266,0.006079911242574464,0.008337942781568847,0.022477238064426634,1.0E-6
221252982,1.0E-6,0.007040502023173658,0.02201320526367426,0.005006497137789147
9370272,1.0E-6,0.0073498180110977505,0.021186972497825883,0.0074367418411564485
721435072,0.015438041249425372,1.0E-6,0.012703512785875833,0.017119946993696244
789852986,0.0026964977177840973,0.007379502210531954,0.013342845044831924,1.0E-6
1543999939,0.008514564730933922,0.004019565124700286,1.0E-6,0.01704080356877615
553038838,0.08541343822494218,1.0E-6,0.02846763392698612,0.015645184415257907
232007553,0.024778590106321774,0.002637664967058469,0.039479832833423045,1.0E-6
1499377514,0.023565881117139947,1.0E-6,0.045039605226553425,0.0038817748494549926
280453972,0.02717801834575608,0.005412032567892811,0.01776637414560312,1.0E-6
2101001175,0.006793776240216385,1.0E-6,0.009845886352402515,0.013489150805242595
1106052273,1.0E-6,0.003026853949151191,0.026883500336908422,0.011016122653312541
1555268,1.0E-6,0.009134431381456719,0.024658571392637253,0.0033832830297104524
185147318,1.0E-6,0.005066691761031144,0.029909931086932566,0.01108802857814643
473769076,0.011596047739504105,7.329975494115836E-4,0.024011486850809633,1.0E-6
17504456,0.011811442086815546,0.0026499770997120906,0.044375647415724154,1.0E-6
35901338,0.1420458152747752,1.0E-6,0.026282817004765147,0.008762864958367207
499091330,0.012556531728114018,0.0018597481860857593,0.0447066658189004,1.0E-6
489094581,1.0E-6,0.0017137398507662551,0.04984487825861855,0.002424675842449963
430746774,0.027798917639729793,0.004531759055761704,0.04711347090002706,1.0E-6
698241691,1.0E-6,0.005149555465800441,0.016017393466783065,0.010865330191716503
2047152,1.0E-6,0.002954578082731496,0.025978519547635096,0.01217683939126991
484426217,0.03910166629323318,0.0030753669127355043,0.03730199774187438,1.0E-6
1649551881,1.0E-6,0.009595525268444333,0.01626329714870113,0.020626101093458367
1144469368,1.0E-6,0.008397716305114952,0.01975463568485249,0.004314840300832649
1326277,0.0995519747267353,0.0028263440937151404,0.017697611937701196,1.0E-6
959837397,0.04564386920957339,0.009120277112562986,0.022185771814590586,1.0E-6
3125808665,1.0E-6,0.00256191573471295,0.052227599749161406,0.0032034069672096373
392938880,0.0499412785313422,0.003875323768651286,0.04013714350208689,1.0E-6
38275398,1.0E-6,0.005156529553021325,0.029179945766739466,0.011066852380217955
246114379,1.0E-6,0.004042809241002356,0.021980889133299097,0.014483690303785766
1904819173,0.006311632441628837,0.005622453516641807,0.03800157924248403,1.0E-6
498198797,0.03348848329674138,0.0023981334016435194,0.05633260737858926,1.0E-6
1218141950,1.0E-6,0.007452928521081356,0.019377003963839307,0.017759167864077132
1271676860,0.03805069817341769,0.00231272948479943,0.05002782766089192,1.0E-6
1676453981,0.023088142527069044,1.0E-6,0.011989934161158617,0.02577834653210175
425079374,0.11771241339318492,1.0E-6,0.02609423020903633,0.0026787238722998583
1516785452,0.06300764804452706,1.0E-6,0.03498080983586064,0.003928810764563599
289565787,0.024104846866188353,0.003908428703042315,0.05079893532257996,1.0E-6
1045930117,0.015158891773905626,1.0E-6,0.01682851216648378,2.0268764945924862E-4
1480533045,0.04269934570822728,1.0E-6,0.0014025450615384925,0.016709921482963276
1000424281,0.06360166976892868,0.0029076784400002124,0.056659723149888,1.0E-6
243496184,0.028498918536807374,1.0E-6,0.0320063574897391,0.0037495769419551204
1364311150,1.0E-6,0.0032279286096142563,0.02573553514242329,0.021740596021177408
2968323592,1.0E-6,0.006231674196737667,0.042538335053502935,0.004599883202972775
24513535,0.1278002977523924,0.014388520443190634,0.00969404097053493,1.0E-6
717886418,0.012954842025396597,1.0E-6,0.05187625074100791,0.005804170894793153
853689,0.10111628804093951,0.00993191070468268,0.036792065739692084,1.0E-6
1490431958,0.062156451640367004,0.0018963328677073744,0.044450849282793546,1.0E-6
1169719950,1.0E-6,0.0024230429135179287,0.052002178376385585,0.0071691443658125
261196906,0.042560440083945265,1.0E-6,0.05789097132810639,0.003321242141383209
4331446,0.2780401912650852,0.005670034157160626,0.017262495677734652,1.0E-6
8938946,1.0E-6,0.0044178576725162726,0.049957018600278846,0.013276098215542632
45925025,0.17610169492043956,0.014071653846722612,0.024256053407272677,1.0E-6
1491416138,1.0E-6,0.006516731162176152,0.05020245369980838,0.003743607672881563
1401016,1.0E-6,0.002754822329443202,0.06122317212656499,0.004366939393038067
2025788866,0.06325701637168188,1.0E-6,0.019365191146492867,0.015219776089547974
1654614889,1.0E-6,0.0038443182639844426,0.023040760402720073,0.025048848927936893
229136978,0.09609541629429595,0.0018296383664470623,0.04158717674707261,1.0E-6
1424109226,0.1321827965677383,0.007825529806189243,1.0E-6,0.005180569905797364
1215887186,0.007929553019125181,0.0042335417748885695,1.0E-6,0.03751221071931966
276680597,0.18417628047014462,0.005309492732089284,0.025488382731284977,1.0E-6
449299746,0.0626609124232539,0.008571345502849654,5.001025973066818E-6,0.005168803258149733
818729,0.07996044715656142,0.005735102223254927,0.029405571644431545,1.0E-6
2186924131,0.043285706295377445,0.012959619176956788,0.028186611022582853,1.0E-6
670609188,0.05410909115940156,5.206460816385678E-6,0.014828253775570108,0.005249407741511746
752373297,0.04478616209912113,0.011977137529244427,1.0E-6,0.015458059209226944
177821977,0.12914335241132963,1.0E-6,0.05681808110620513,0.007783336956471619
419425480,0.028364498787019767,0.0052728292996659515,1.0E-6,0.018838044118177293
2280568248,1.0E-6,0.005754230668023639,0.048311538924457074,0.004160010445021741
91415,0.21347203881895885,0.007214798151289034,0.029662428198346236,1.0E-6
1751791049,0.025992459176665247,9.982127322446914E-4,0.0630141723113892,1.0E-6
1567628479,0.023301278725553064,1.0E-6,0.06337782590652784,3.6701384358350054E-4
79286,1.0E-6,0.00594847044499967,0.037360618913026604,0.02404173029073515
637389737,0.08899746915438761,1.0E-6,0.0336244610086306,0.010457237756923962
1139660770,0.03843153740946849,1.0E-6,0.0019351370046792236,0.017597022541876894
1175334097,0.04176713774332214,1.0E-6,0.06229022275540491,0.008733798535772896
45207098,0.12901939253036812,0.004520800729280598,0.047305673132322965,1.0E-6
2809647,1.0E-6,0.012559571393304674,0.04434868573140289,0.01973236235679123
1636331635,0.06746700897928608,0.0036993085636209976,1.0E-6,0.011347034577597039
459180955,0.021510995099504094,1.0E-6,0.05283315266570049,0.011299108533695618
48067105,0.17461631041638223,0.004829619816891759,0.05612528597511209,1.0E-6
300562191,0.12108310161000617,1.0E-6,0.044837825839419955,0.008067239353063428
1435651265,0.020629385828277363,1.0E-6,0.044733768595298526,7.724025987644808E-4
2397254,1.0E-6,0.013741050010975605,0.04095283186734087,0.012144716851068245
1773556180,0.014441277194864557,0.0068950687693221276,0.029159377270617237,1.0E-6
1435018358,0.06813291449191797,1.0E-6,0.06772945574412247,0.00563813854511698
1636712716,0.11856584426416965,1.0E-6,0.029531798349859136,0.0061666258400180215
325307068,0.08100259165542952,0.004708132314828638,0.040053767643245794,2.2410579971906984E-5
286776930,0.21888133311267227,0.0036481191562697975,0.051068597369120144,1.0E-6
3357667,0.12194144211863212,0.00892502439701329,0.03937457150164609,1.0E-6
1524747123,0.13887475872988003,0.005582669746310183,1.0E-6,0.026333377333130025
5540769,0.22263500509666076,0.004920487126150503,0.04026580997575555,1.0E-6
1956431,0.1625837194330352,0.009115481572152025,1.0E-6,0.012168217930447102
2073559080,1.0E-6,0.0033515280580145904,0.054204374522234346,0.017029596082008783
45816005,7.896580505435892E-5,0.027452269041747194,0.017786317459837612,0.019049817766536085
233899409,1.0E-6,0.005448667587144395,0.03629595975242023,0.026007703862786648
1691802,1.0E-6,0.003541346804844345,0.07977392406139859,0.004466902047337347
1288083675,1.0E-6,0.0060012176360481105,0.031000893208599875,0.019702346703420012
1478180863,0.06743765773695268,0.005127989812918003,0.051298201690528795,1.0E-6
2942141729,1.0E-6,1.7802384030912846E-4,0.011514164342867627,0.02363918156812781
1565173930,0.08180200925200096,0.01221753601696076,0.031875702547418575,1.0E-6
1355986145,0.048655341965137454,0.01399089451330723,0.029282360298243302,1.0E-6
387826753,1.0E-6,0.020146055595896006,0.024903148799329613,0.008824945757816918
445583504,1.0E-6,0.004291146289300064,0.07888602789312946,0.0029234770388942488
973423826,1.0E-6,0.0033180456246866856,0.09104978079514332,0.005064893725409828
1501575,0.1863117270946703,1.0E-6,0.04115447615683351,0.02269757807419385
616930563,1.0E-6,0.004876261819670099,0.07200214871304886,0.008422081827377442
31314909,0.06923931786510214,1.0E-6,0.055274227884360365,0.0180681785531894
2821360,1.0E-6,0.02316131083821279,0.014254677276800345,0.019557471771994763
1304193556,0.03148372595089083,1.0E-6,0.027730711861412072,1.0188371938884084E-4
2308975565,0.02575539609883144,0.013158016205520352,0.05116248289824761,1.0E-6
3999606,0.09194612443547784,1.0E-6,0.030802977040821487,0.00804076364383404
465923525,0.13208803297389074,1.0E-6,0.044488338685759056,0.015958277154303306
1373831958,0.12752731364217815,1.0E-6,0.03696338542665219,0.02733451184318917
1264037986,0.10528214916900382,0.009734302764126505,0.028584479593112017,1.0E-6
16467772,0.006194983475794522,0.01779902770350491,0.027699899347031928,1.0E-6
1414182837,0.08679524608375512,0.005240129437913616,0.06135903754114164,1.0E-6
440174189,0.007035107169846644,0.007796174965082639,0.06462613777936828,1.0E-6
3599657,0.1134288977329784,0.00319509548647378,0.05970346856925315,1.0E-6
1837920954,0.04414310326717077,1.0E-6,0.07775762616903144,9.797074440119887E-4
1300620796,0.00965712592265112,1.0E-6,0.07929780188053012,0.004514057557354662
180442293,0.01714248125998108,0.014508132724833424,0.04194046604271208,1.0E-6
1328039922,0.053442016636993835,0.014025404397983533,0.037496813173036436,1.0E-6
466158442,0.0650186255104463,0.005957916063962011,0.024593578148514164,1.0E-6
367027130,0.1327732379993545,0.008737311967813056,0.05105592166907114,1.0E-6
327925714,1.0E-6,0.010906117595330037,0.051907186621356155,0.005303101167062155
1985920060,0.1208947097629724,0.008510957605101043,0.022704153420122792,3.69362417193996E-5
1183567008,0.10669264610793702,0.006520374050834281,0.03889789467210717,7.526193152111974E-5
1856150,0.09631703238181738,0.005825067450251692,0.028741474338686977,5.548919675749695E-6
1962233829,0.2369506435199031,0.0068689959210481285,1.0E-6,0.021709454337544874
1516472907,0.012231323126380011,0.0033203366830368746,1.0E-6,0.03517228775482366
144499478,1.0E-6,0.01004367631594461,0.05679115861019804,0.012138961042510723
1116592402,0.06268265446044644,0.011277918181967323,0.044382232239821136,1.0E-6
13436270,0.2476691643855524,0.0036504034997836146,0.040800728637632296,1.0E-6
233923718,1.0E-6,0.01970745534702314,0.04085585155807151,0.008786147721377919
1412514814,0.012774101875073806,1.0E-6,0.0205819318299142,0.05148115595179319
38291410,0.15593517815031258,1.0E-6,0.03807749859342128,0.013068306951765026
2210447,0.07885120696644783,0.0065460104342488805,0.07254227617218702,1.0E-6
1579010136,0.07936503898617153,1.0E-6,0.07561507456569957,0.0043588341771746125
1209532996,1.0E-6,0.017125303153687203,0.027006734682978602,0.0228202612486767
1492725998,0.09824461864798752,0.003223889723723405,0.0627061417075729,1.0E-6
1918162045,0.11184108064873192,0.013356903280142954,1.0E-6,0.001155243328832099
223279297,0.055950552478496424,1.0E-6,0.07143510226204525,0.002318391163448804
816927414,0.18617559049175583,0.006325136955355541,0.023219933559532866,1.0E-6
1017038,0.015011709151380627,0.005657023772231517,0.06506761563158658,1.0E-6
673326824,0.08935576863970021,0.017190242073149106,0.03353176301771432,1.0E-6
755662980,0.009163475508072729,0.007791534863700027,0.07376628745916944,1.0E-6
185953913,0.15544306155401783,0.014246299298185954,0.03136462770252237,1.0E-6
410823480,0.0636976013165629,0.01724581026505478,0.04062056516018392,1.0E-6
416747483,0.05713422482873717,1.0E-6,0.023582137938100496,0.017283886831103705
1576395300,0.01228425704347252,1.0E-6,0.014121222464333196,0.06757066523906376
237178974,0.15984615686391224,1.0E-6,0.044610932725434524,0.007743311499858133
434113701,0.2054755681536245,1.0E-6,0.030655252924772818,0.011141519593463692
1553062,1.0E-6,0.0058825353276166425,0.03538350777039444,0.034441143899774054
1691605549,0.1469390537983522,0.015455907866925663,1.0E-6,0.03223744600164253
1032744242,0.2971945144322472,0.00809215920912737,0.029564300976487008,1.0E-6
305293405,0.23040129348997318,0.012049839015680125,1.0E-6,0.027959925781304767
477795958,1.0E-6,0.016622852824193256,0.05082423302214756,0.006386864075240769
698951556,0.13679438251829826,0.01166149716228506,0.04926093425506199,1.0E-6
1296293073,1.0E-6,0.009408270999830678,0.03684776199880803,0.032848420505722335
532940651,1.0E-6,0.0073875067896112725,0.07770973421541322,0.01105380939802053
1409019759,0.07141474789771111,0.011714824898527128,0.026896757257686435,1.0E-6
288415648,1.0E-6,0.00943416471331036,0.034341259838645624,0.045928532169751915
2196844247,0.1961784600879646,1.0E-6,0.0692933418697765,0.005865657480991553
1083349321,0.15496954958260567,0.004474973762898641,0.05413947227625925,1.0E-6
1869324,0.10649925570421816,0.010370517662128908,1.0E-6,0.008052348086148107
10217226,0.001914478743865808,1.0E-6,0.027222541184276652,0.05343112941004315
1651870031,0.022717558921339413,0.0400741245215688,0.011048451262833908,1.0E-6
587003481,1.0E-6,0.009591370363907004,0.040388830834272346,0.02688359678589951
1568310191,0.13899990063519518,1.0E-6,0.05553691465540184,0.02051297706919966
1706203427,0.23134803413935032,0.010357755351454587,0.013563072429746068,1.0E-6
14869619,0.058047737083672495,0.042006043492251184,0.014246867353882687,1.0E-6
317988743,0.004331477757678969,0.0062592203019159335,0.07631372272870793,1.0E-6
798491561,0.055917880935088225,1.0E-6,0.03251932110390495,0.03703906719611012
1833036267,0.11628506557735234,1.0E-6,0.011475980397313562,0.06402140372579125
1734853732,0.047040801883702646,0.017072789126378347,0.02742419563465928,1.0E-6
217639909,0.14365958934925302,0.006091030906805868,0.05020996964651571,1.0E-6
20049903,0.04144218274976427,1.0E-6,0.05735747999986075,0.0326504437730426
31283052,0.1470754325599724,0.008999755834461812,0.05679763834927355,1.0E-6
198442710,0.12843294881534284,0.015488379802309507,0.017254325949198044,1.0E-6
326759817,0.040608513799867664,1.0E-6,0.024049948237554724,0.0467851751550331
632452757,0.2731872889681041,1.0E-6,0.02612261350629073,0.005043795798282053
44605115,0.07821538217049033,1.0E-6,0.010962390019323314,0.0703071384020195
8429742,1.0E-6,0.011788588211239882,0.05423282570491403,0.01489589057127699
54793988,0.13958569047378422,0.014784141750030679,0.030636574532569155,1.1122820601193112E-4
3429244,0.11227350715488751,0.010050198534461933,0.01019967483370711,0.05243073833738643
1481096959,0.12794300314870125,0.007538132821902186,0.01645290999203348,8.089649329239862E-6
2641062,1.0E-6,0.006243959378781666,0.050612624127649816,0.030139303285669477
1770922172,0.0907781319295102,0.009366592550749618,0.021649773359463442,9.640154236472267E-6
536175077,1.0E-6,0.010199581429776205,0.00894330490758271,0.06659955268925677
363140498,0.11511448591415872,0.017588966361206135,1.0E-6,0.026209197921010598
203244119,0.03410641258153052,0.01673841532933129,0.05085810354690705,1.0E-6
421383221,0.16821337865097913,0.015508937980160934,0.04797688292742108,1.0E-6
13763185,0.0719073714161122,0.025614688502968355,0.021583012075413008,1.0E-6
457199627,0.09459942342613764,0.004173758747774023,0.07673085917436033,1.0E-6
1955404609,0.016184507308524446,1.0E-6,0.016804958307164594,0.056393011229262865
399747591,0.03979231436763272,1.0E-6,0.0655032680155914,0.003068509863945783
258055186,0.241607494120163,0.012296551797441203,0.033509652836376115,1.0E-6
554792230,0.09733648138714648,1.0E-6,0.0030118426943516493,0.03284521072984244
1443314383,0.05623290560288348,0.019093975356684955,0.04595012078153054,1.0E-6
530897843,1.0E-6,0.007884249254849603,0.030844340473919978,0.0417133989645679
23788064,0.16079799724958216,0.015211036848879731,0.049139487148194806,1.0E-6
234122468,0.0954577571851091,0.010253392277558383,0.057862476419007554,1.0E-6
32329455,0.018082671783290684,0.004906083129123675,0.071028709591956,1.0E-6
1482864011,0.06348058055482036,1.0E-6,0.0461563886462635,0.0282212388405253
1573031,0.1291773820793867,1.0E-6,0.06526041018643075,0.011279587624837053
308479058,0.18190206378346183,0.006458237805034452,0.05449161155285963,1.0E-6
228131766,0.12781891704997422,0.006673110964505555,0.06757724173555377,1.0E-6
188294184,0.2806711811039198,0.010384056916662861,0.028167393301351776,1.0E-6
242298165,0.01633132713532286,0.007192890325999822,0.07150019922553041,1.0E-6
399496791,0.046600411758157136,1.0E-6,0.01346116869569982,0.03806198678110097
189380759,0.13142908460027744,0.009394147087231425,1.0E-6,0.03176700985543074
2049694412,0.228696764267004,0.014619143228815619,0.035547437762138465,1.0E-6
1495967240,1.0E-6,0.017890387905293906,0.00472797257774859,0.05578304784207773
1016338314,1.0E-6,0.03691844167979744,0.012392732781894806,0.034672140622843954
976955592,0.04121800167365533,0.004295285632444566,1.0E-6,0.052306336500243016
46879111,1.0E-6,0.028036337824538304,0.04309219967184219,0.0017274442999749805
785790431,0.047838959446994435,0.016445338698097774,0.05886807028203474,1.0E-6
602639885,0.13248367827845617,0.01851374185376191,0.01963140763175137,1.0E-6
409147008,0.05483229828895221,0.009517994573689464,0.07349684507533596,1.0E-6
325951115,0.1650558641361167,1.0E-6,0.03251299042367763,0.03591487522288585
1171396364,1.0E-6,0.01459246341782976,0.01710107109995967,0.0432810440425771
274978867,1.0E-6,0.02130709871337704,0.040530074600777254,0.0216282093928882
1691535053,0.06315206294325494,0.03620363058588324,1.0E-6,0.0028889318305603865
1302497498,0.011481201635428711,1.0E-6,0.04396749369563883,0.0333553709527751
416576311,1.0E-6,0.0036859326426472608,0.09050100905125018,0.007176896117964445
1082428988,0.10792301561388579,1.0E-6,0.010229690100381099,0.06426292860030178
311231643,0.017972777161627148,1.0E-6,0.023800231169012906,0.07790023391422501
24693259,1.0E-6,0.011308264687132509,0.029810970441292012,0.018646776375105437
1454352926,0.18728600294493208,0.006119102117586138,1.0E-6,0.04144922970835288
1605254150,0.11881699452091292,6.168353194105168E-6,0.03896529676241341,0.030856672414768433
422169964,0.08356524153024995,9.115634620824744E-6,0.011824539321525421,0.031476649117706555
35168079,1.0E-6,0.03987682307836365,0.0169133144772426,0.035874891736252836
193880636,0.11688062516563708,0.024842523346101073,1.0E-6,0.020822173912870383
600642819,0.08937656784501456,0.017140147606322556,1.0E-6,0.028785011206763425
208471870,1.0E-6,0.013455280785864969,0.06055834623613717,0.016649595587806886
1753558959,0.09210043867582252,0.008940686606395722,0.06557568763845288,1.0E-6
470262620,0.1811565407970459,0.010743079207550079,0.0614863969265635,1.0E-6
1555906765,0.11175710773805086,0.012692609042119279,0.021755230907297807,1.0E-6
1507156742,0.047540666317617504,0.012738360879818823,0.06027524395562355,1.0E-6
1484325420,1.0E-6,0.02211797309538599,0.041532139482700146,0.023252367560560774
557687018,0.01748029306939044,1.0E-6,0.021251694448686496,0.06745048202952562
557637002,0.07888014588641909,0.015759841701154485,0.05329710829855558,1.0E-6
1679620202,0.008738963423512339,1.0E-6,0.05126649075017034,0.02055756561131244
360644987,0.21966174538681363,1.0E-6,0.00955122983126437,0.06920654618517472
3081667,0.27296424926012525,0.005209953686954824,0.04191892573187797,1.0E-6
14226171,0.005777162416602303,0.05471148860942556,0.02193076114365565,1.0E-6
320887137,0.04020901791371368,0.027709147725805863,0.04781060268916002,1.0E-6
1520545325,0.04695743427795348,1.0E-6,0.017049437999967058,0.06284344946292886
787034200,0.10913893934042238,1.0E-6,0.04679819783149887,0.04132395725975956
6878507,1.0E-6,0.029046428660956643,0.03202782915644413,0.010962570480014614
200486085,0.2153602051345546,0.013964730052710544,1.0E-6,0.03067935941173837
975715980,0.020726834772400154,0.016060442623619407,0.05881643091552039,1.0E-6
1086907885,0.0966743569389478,0.022464961881329713,0.01706140813254113,1.0E-6
1326449464,0.20052211341944734,0.01218675928048826,0.04041782168808652,1.116928368018228E-4
855086,0.37627981477150263,0.02154844828113066,0.038312239962006715,1.0E-6
600462354,0.07430498581043433,0.030776796105818443,0.009700240605109146,6.1688124706770045E-6
1515586953,1.0E-6,0.012050358208634312,0.015599112763327212,0.07313958536021219
1818706836,0.03473694692100352,0.017667473301240518,1.0E-6,0.07120678685782819
4584966,1.0E-6,0.03861857959339403,0.014657939676294631,0.020654170828170726
565062187,0.02984291342273515,0.017008146423303585,1.0E-6,0.10538873275511909
796936457,0.04595063979324279,0.04415193115389726,1.0E-6,0.01535636521602746
362626626,0.15989938846226845,0.021404177865554676,0.018740240496458727,1.0E-6
1522027594,0.032871738463580824,0.03508392141726545,0.036558870733687986,1.0E-6
224608307,1.0E-6,0.02572132400294012,0.04640177959209523,0.02292643147309626
1659033973,0.04041404465559557,1.0E-6,0.021741153035168756,0.0666542610528957
607866507,1.0E-6,0.0250002547608185,0.010005937477760586,0.03510442883674765
1914530079,1.0E-6,0.018013955776012253,0.016909484237427042,0.06204759903458086
1465362960,0.04187670222970415,0.018993053647472512,0.0443539309666502,1.0E-6
1532131743,0.03318203803708828,0.035413591714565845,0.03263657634020387,1.0E-6
4567477,0.45407249870936306,1.0E-6,0.04170444864163386,0.0313905559414248
28893179,0.2971661203776728,0.009393317970258028,0.027009770699265963,0.0390796031682547
504504226,0.014328754135398677,0.020307176652992327,1.0E-6,0.11992086360749378
44111646,0.04221964116850456,0.051894751058648436,0.012103650273031247,1.0E-6
1320835879,0.02800628214989871,0.009555211173736304,1.0E-6,0.08701814475552752
1178430872,1.0E-6,0.00832529503475046,0.07069937060191113,0.019245212347999564
266954200,1.0E-6,0.014501072967941198,0.0079588450660384,0.11099367749943193
245980254,1.0E-6,0.01991170202473377,0.01924292717542308,0.08159820769002486
1228619,1.0E-6,0.056304693956818794,0.008958998669669432,0.019170981992841556
902199,0.10496188626795168,1.0E-6,0.05380255743017723,0.05344941859133121
5497777,1.0E-6,0.05686322600313029,0.009925546150919196,0.04647738469896338
1398219140,0.15072903804201782,1.0E-6,0.044724213364545205,0.0355645248812099
7326258,0.0914333789072123,0.03485943508433974,0.03439796498836817,1.0E-6
1389152936,0.05347753969891722,1.0E-6,0.05500026073095576,5.218085261345987E-4
12294825,0.3009731154254069,0.036292634426126735,0.009462692998956334,1.0E-6
37418852,0.2890278529667749,1.0E-6,0.0039301355980383,0.17506099988038928
202233073,0.3399072479375522,1.0E-6,0.05737723827302907,0.0013480580723687764
4277286,0.42122145550620055,1.0E-6,0.04478731602956489,0.024976194293494132
513777862,0.1146420275834094,7.31426287267441E-6,0.011151662695076963,0.04707100715112072
6339155,1.0E-6,0.044687407216876605,0.0157184299564813,0.05987036977372047
598953104,0.0554456979044736,0.04832637443540053,0.011964104926382666,1.0E-6
1036313865,0.10150764727090647,1.0E-6,0.01529047561616204,0.10479856960915476
292541916,0.2967456577212095,1.0E-6,0.05040105357412996,0.01675736072517302
549914473,0.13204113077453394,1.0E-6,0.012907144749058545,0.11813047858547729
1507355199,0.2513889316792766,0.01584758528153675,6.0507518659651985E-5,0.07385744247084673
28249774,0.004792966378194129,0.055740789576914966,0.025887306246172106,1.0E-6
25969892,0.2154992785090682,0.046822587494003545,1.0E-6,0.013865918573391837
1153093183,0.017964381019779267,0.0352074563215744,0.046716656109816374,1.0E-6
1649486146,0.038446184986634796,0.04802960994581523,0.020969811630197552,1.0E-6
422202887,1.0E-6,0.06273108044278025,0.008709475182565651,0.05018591240375367
527605791,0.12339175219135032,1.0E-6,0.06541322827904235,0.01067242179752945
1757730544,1.0E-6,0.03424952053522761,0.02944138190152805,0.03615615416405545
278969024,0.3898107339498471,1.0E-6,0.016494606195965596,0.09935472732244509
56061555,0.1513993447659025,0.08527138349030332,0.02367237297752405,1.0E-6
3925743,0.22828630367303132,1.0E-6,0.05321188356948059,0.005476640976982551
239723074,0.15755232705945324,0.07709075469011646,0.012699887292867685,1.0E-6
267960956,0.16433972891692025,1.0E-6,0.00815717073698286,0.07745703211408345
661565659,0.004424399896294854,1.0E-6,0.025158269903612532,0.11959610942263485
431007701,0.024025629519433107,1.0E-6,0.07218269054709897,0.026321181131267173
262061359,1.0E-6,0.027287633962583668,0.013257694264398642,0.11926090693018772
1674727,0.1607026835641269,1.0E-6,0.06332926318780874,0.032871405710117464
562986421,1.0E-6,0.07083416100426103,0.010572521747872826,0.06727154386356428
307212206,0.11368359848731528,0.03896067325663723,0.03784934902967736,8.809960395514792E-6
329032009,0.01385448798445712,0.018647635270613586,1.0E-6,0.13996677761354356
1499366709,0.12705282989404332,0.02477624808386238,1.0E-6,0.07115722197225001
1277491366,0.08151397915691647,0.051162425506964794,0.007568397557606976,1.0E-6
315377927,0.14583378101412942,0.007581065972140593,0.05209051658848048,1.0E-6
1400344254,0.11352689183344015,1.0E-6,0.01328233124057746,0.07943616711431456
395692372,1.0E-6,0.029108304045232285,0.02601498936301459,0.08043866050931163
7251090,0.2435368646120704,0.04478213654886351,0.008474849977086035,1.0E-6
602163313,0.06115869298646337,0.049641367944678286,0.019271760919194886,1.0E-6
976675492,0.10216427583757488,0.028897626912354143,1.0E-6,0.05829108982702492
528372598,0.08095365123706642,0.05940433048403104,0.011588628013948837,1.0E-6
1776159778,0.3267753315764862,0.028299259687949503,6.912642947317618E-5,0.021139393758577565
2138705146,0.15451877355419216,1.0E-6,0.008638165887205548,0.0752247447322202
1467334728,0.19545956898945768,0.05826759071641239,0.012095577516994154,1.0E-6
905890985,0.10264043439963985,0.04446359264923746,0.006675733956114141,1.0E-6
1490671767,0.17232386977508454,0.027026286382155137,1.0E-6,0.09805743015199091
517406675,0.20119895856768083,0.01624563105270422,0.0014634678715869864,0.10740105994253686
262385842,1.0E-6,0.029873517805840785,0.019317631591121244,0.12369388992768598
1627581574,0.470951619877175,0.01989374546182928,1.0E-6,0.0951100816959875
1293482,0.014925401784663334,0.09269579403357973,0.008436472214636954,1.0E-6
21142246,1.0E-6,0.01329229839940308,0.015354573807282525,0.14476685687535043
1175253,0.02281918537907598,0.023373550587982045,0.06361628832276524,1.0E-6
29574323,0.17595211533175778,1.0E-6,0.021274527188554163,0.10632384587524746
1677872605,1.0E-6,0.017959696250544444,0.05958610547904581,0.04937495454787699
315420407,1.0E-6,0.017374560796726734,0.019036941049555643,0.11999347675197618
367792890,0.14130981690309347,0.026384907159478884,1.0E-6,0.062347110922531604
18382607,0.41217283133855337,0.058857082638108335,0.014053682834808104,1.0E-6
252220691,0.017150155997483374,0.11088635169906491,0.018187020035136465,1.0E-6
1720320675,0.014691815995882287,0.037312209109676676,1.0E-6,0.1288680022580626
596888605,0.025303761621575535,0.043631187503823166,0.043801502858610085,1.0E-6
356916851,1.0E-6,0.02906993932769338,0.011243580560373369,0.12573574992811598
3398876,1.0E-6,0.028510304408121714,0.025477954070264233,0.14567738210264358
13889052,1.0E-6,0.023300195624423863,0.006545527439141084,0.1240098830113782
1522963042,0.1143144422588229,0.01147745203532343,1.0E-6,0.09395055236107219
536515954,0.03591097295368942,0.06941354544597764,0.027980979264383928,1.0E-6
1239547647,0.08420953225176973,0.06936107488181886,1.0E-6,0.02742695769311587
660530792,0.37237433358972477,1.0E-6,0.05098102222840688,0.004570712684875821
13114092,1.0E-6,0.039283724060916694,0.023932055251757112,0.11020819922597998
227342221,0.14267648643372227,0.04047012240716804,0.0284213776812531,1.0E-6
490407155,1.0E-6,0.034818055890534494,0.0185058748246754,0.08068770486837963
1964604447,0.06382366423905066,0.07962968778936878,1.0E-6,0.011206141105957471
145795748,0.42373750986467795,0.052302793839357986,0.008483148577408907,1.0E-6
216469060,0.1859677643656662,0.060649926058434,0.016249955652065943,1.0E-6
1293951323,0.2261452896308221,0.010253348437749691,0.011891187914193746,1.0E-6
234623250,0.4032058228646838,0.08288127302010499,0.013306677023617897,1.0E-6
558684145,0.3156794569579593,1.0E-6,0.04856199214441745,0.005860556030241206
4623497,1.0E-6,0.03262347253372574,0.01221270042850329,0.11204272384704078
249061491,0.35919993558339114,0.060230106602159425,0.008507084521169259,1.0E-6
1702552003,0.12927068796324528,0.06332058301355138,0.0031583514927319123,1.0E-6
47525,0.7396885489830737,0.042636333087164774,1.0E-6,0.05372761593404209
53960967,0.1354810216590438,0.05989311651485145,1.0E-6,0.025579420782709653
183636049,1.0E-6,0.0758172113621993,0.011675741226781187,0.059351394227786555
1543676122,1.0E-6,0.0926100896645523,0.011022472641249934,0.04794249235347315
196778200,1.0E-6,0.029169655686544064,0.02489591975677281,0.13670588729541785
400235601,1.0E-6,0.06817205643875604,0.014839444799584992,0.08378474091936022
263832221,0.20865697339595268,0.08917465550634553,0.01920637522474466,1.0E-6
883349757,0.16883519184023263,0.036820410585024485,0.011608493173398966,1.0E-6
1265783821,0.1099114548917861,0.07198695679911653,0.011541195708327198,1.0E-6
449067455,1.0E-6,0.02998975951409105,0.011460134288058761,0.15581233915411422
31836700,1.0E-6,0.08908544421049014,0.006895290154140955,0.054743129844631845
207765407,0.5613101323599267,0.025501647463846464,0.04004953243741147,1.0E-6
646795831,1.0E-6,0.10201141580692989,0.016399191009466397,0.06089198411217376
1227476,0.3746009900650694,1.0E-6,0.015181097310909405,0.12688121762328838
466438858,0.17196822019996177,0.07312872137213557,0.02234392203223068,1.0E-6
303310424,0.02084435713860336,1.0E-6,0.009184603761108572,0.13189828399117673
745141012,0.13353053769822543,0.07094686408541485,0.019624990080823204,1.0E-6
459486971,0.11554519379245251,1.0E-6,0.020574599979518715,0.15168069239346035
1244851794,0.025172046328217845,1.0E-6,0.030052358573639536,0.15760818296475268
930783860,0.09090293253553317,1.0E-6,0.007591900519063893,0.10488813038946428
726342021,0.06296088573510016,0.11029673438452071,0.013274134876578744,1.0E-6
295032399,1.0E-6,0.02837115277812079,0.017275485649366734,0.16408854922977048
54194045,1.0E-6,0.02835859407758346,0.010885232553665317,0.18897390693562433
349509147,0.024605916842665207,0.12579569576060592,0.010232278373107294,1.0E-6
28946283,0.00983316165909833,0.10848001759802357,0.015685219602945923,1.0E-6
8615719,0.512047873175176,0.05940887593672791,0.022634601879253646,1.0E-6
489759486,0.01711739356709674,0.1026779782994304,0.033915351831057074,1.0E-6
213089330,1.0E-6,0.10234127059003445,0.024198753149303552,0.0365060443656258
316964053,0.3525298746224412,0.08184332780801201,0.008564688126155115,1.0E-6
1027212419,0.08351227404427455,1.0E-6,0.006164613905190645,0.13932991535268122
2316813039,0.06513229402440411,1.0E-6,0.014841733574432107,0.159564974053796
205179636,0.15637895573889546,0.06221044000806099,0.029661131469434398,1.0E-6
179649326,0.5481545791778877,1.0E-6,0.012261445558815908,0.08308306168108497
467702658,1.0E-6,0.04004866128440682,0.04254242841489295,0.07380357098179209
1172289835,0.19912999905801748,0.03698682541312449,0.05315933845130405,1.0E-6
1030664219,0.24404820820426942,1.0E-6,0.03555324493777789,0.006458415156356392
468098413,0.11670950618602625,0.10163176621360541,0.008933796985822846,1.0E-6
1466683017,1.0E-6,0.09509962361819434,0.00929329148905728,0.04266724153661888
1380723642,1.0E-6,0.05183570925659205,0.007173768261722878,0.13915686795140508
22628170,1.0E-6,0.08155890627482563,0.009329144192385298,0.0948614278886275
1435070648,0.1268678535675673,1.0E-6,0.009594094032930352,0.1413796369872966
357757604,1.7686653025704714E-4,0.09076287985607132,0.01395459621856368,0.048906864531922445
749668537,0.1473612195793536,1.0E-6,0.055338778294189886,0.021912466236158883
905938824,0.030361051012968026,1.0E-6,0.04751370169230461,0.05808814928618521
1473393,0.3377009630206376,0.08688376981200403,0.008616980117875444,1.0E-6
1460711082,0.03646801545466722,0.012941772434523645,1.0E-6,0.12871434592296074
238380518,0.049964409618384324,0.10076527377277894,0.006174755027646176,1.0E-6
11743588,1.0E-6,0.04630713212998959,0.013516043368358995,0.16154813649540964
276603658,0.15154563008522262,0.07801287858212977,0.032311023810934585,1.0E-6
1557895756,1.0E-6,0.11425933290164565,0.017280709925368894,0.04842600375803232
202670502,0.2265442058539519,0.09842065937762726,0.015696394571415098,0.017405176833474697
198854466,0.0271085388672036,0.09567332890756677,1.0E-6,0.07320013418120544
1929380441,0.058404682650434005,0.030346572600994368,1.0E-6,0.17964286450069192
572377614,0.021734528260859576,0.02632540775411772,1.0E-6,0.15416501985822673
1359231784,1.0E-6,0.04218116970720835,0.01952025788710561,0.13887340900223508
495379863,1.0E-6,0.10752005699863268,0.007351836018554445,0.10238885351293314
40366309,0.05548505168203922,0.12250032741334342,0.007283739196699536,1.0E-6
8907823,1.0E-6,0.0457694833412268,0.007860329690433826,0.20531428930191406
564835471,0.11155749082854191,1.0E-6,0.060576025152802346,0.017148899634765444
1988504894,1.0E-6,0.00644798665642212,0.041388790798832724,0.1518292641780647
643911676,0.10283264139867024,1.0E-6,0.009334313110125158,0.18256332187926985
425194107,0.03425918723304157,0.05587222131249394,8.792965911817266E-6,0.11920221564669618
253454704,1.0E-6,0.0586567755007679,0.0061962586890442276,0.18932712020076842
963680216,1.0E-6,0.04443805631112414,0.0058029476823134385,0.16952442434858783
526751220,1.0E-6,0.11900918161728957,0.02277920163788116,0.08414450155040155
362614946,0.10206940003821949,0.08959131507041881,0.010497538660954918,1.0E-6
605276364,1.0E-6,0.16175770650619584,0.01417964521111818,0.048232570168896
1523737196,1.0E-6,0.0751035902048633,0.0061792048676974146,0.14222882244439297
1499566990,0.1562684803127936,1.0E-6,0.05532443894660214,0.007190400996181694
201037829,1.0E-6,0.07342437489807922,0.005519323797375689,0.15732009399490493
256497809,1.0E-6,0.12228874743380432,0.01779232053607317,0.04471307362847412
6091652,0.4509568588149114,1.0E-6,0.0365128636487729,0.1067126053397649
216662596,0.17364771291617923,0.10392026740993836,0.016269693455861982,1.0E-6
211895754,0.08685500655311619,0.09722242326179299,0.015195591005447377,1.0E-6
218139189,1.0E-6,0.07367401939723565,0.009481511748237487,0.1746799022032922
2077774514,1.0E-6,0.13296444427660328,0.026005965650323575,0.09632763347782189
55995087,0.0927357848939194,0.11534525136880966,1.0E-6,0.044704718558703734
222066767,1.0E-6,0.08938691304383732,0.007097952996724673,0.14475446096033162
267621951,1.0E-6,0.056371579395445216,0.013024449499771497,0.1558646702953936
177795215,0.053421310144214224,0.12870740646185838,0.01783687098534173,1.0E-6
4562165,1.0E-6,0.07861115450211383,0.021173044551254367,0.1440325579247245
332326823,0.01517084772761219,0.1065889226897061,1.0E-6,0.15383554858300116
1512211528,0.010283237012860918,0.09402190338820182,1.0E-6,0.14296431273723936
228667981,1.0E-6,0.1755311388570812,0.007950278339268611,0.03454798759628968
271239922,0.33999469417037537,0.06499140486093333,2.575833796703351E-4,0.056320609438462683
1501539660,0.1983719928394188,0.16767525615931256,0.011239300078883485,1.0E-6
1513088920,1.0E-6,0.12761407772001007,0.007272088219933928,0.06343109140865559
1360848222,0.04798431938443546,1.0E-6,0.024931097842150307,0.1958387751207486
1538102375,0.025941676982382547,0.20386968480269943,1.0E-6,0.010271455691976045
864453698,0.057386935934464325,1.0E-6,0.008457979301040867,0.21456278550363445
1178456903,0.01839277621592034,1.0E-6,0.03718556687975342,0.1137719510548338
199158775,1.0E-6,0.03667005274432091,0.012911679063388389,0.22113616438625608
870166,1.0E-6,0.15854505295448737,0.0058728641107624775,0.09683595296883653
741575740,1.0E-6,0.2592351816099437,0.00982093779242555,0.030427075170560366
2869768,1.0E-6,0.20066193898030513,0.005430533287503472,0.06286523346906565
864009,1.0E-6,0.2130698536168162,0.015236268329428752,0.0032216996282052727
1320005854,0.01943827105769243,0.22298447035030303,0.005613829724809486,1.0E-6
240383262,0.014099747517127312,1.0E-6,0.05086618795273205,0.07573169803715069
20362787,1.0E-6,0.059354394800773355,0.006842611013284008,0.19618994295233708
3384273,0.06358085191455705,0.17117307484697242,0.006087604775062921,0.15460484778196962
1297589,1.0E-6,0.17947758822326587,0.006293098208170161,0.047945967894574865
3868576,1.0E-6,0.0954674848855805,0.005005973978818304,0.17172635163712446
1505821325,1.0E-6,0.18030387072100273,0.006700192929340858,0.1390301604756325
869170233,1.0E-6,0.11668757290237965,0.04240733087240855,0.11443158637021542
478494954,1.0E-6,0.23790084696716518,0.006782076692807479,0.05803399820713837
1056489708,1.0E-6,0.20488678705651617,0.006598041541685219,0.06697038115354582
2805685,5.273508822446684E-5,0.1539961336454807,0.005406626075511752,0.044293357164082954
457726539,0.008061039078759987,1.0E-6,0.03215555523614793,0.13588528872368144
10792760,0.18949504819859622,0.24585187977938694,0.00759117428905196,1.0E-6
237513364,0.1132410223399585,1.0E-6,0.06904427899083578,0.044672568950192476
476132155,0.03556031412094779,0.1280664795493934,0.007925600229185335,1.7874493336334497E-5
1430565170,0.011906791653065725,0.11573077609528538,1.0E-6,0.19903412546463853
1198017,1.0E-6,0.0987696069483863,0.010880156660002731,0.1982875599056465
247538574,0.12357181529567489,0.29672113739990325,0.012122076279178362,1.0E-6
561748977,0.1827138470188867,1.0E-6,0.008403727474677387,0.18308153921732875
25485637,0.016731645038610386,0.4826143060516448,0.014040655598702115,1.0E-6
507532621,0.11635990323442806,0.25477931871122944,0.0073185353915835045,1.0E-6
188531337,1.0E-6,0.38526658535652164,0.012944054308849004,0.008638426447220236
538891745,1.0E-6,0.12406213212704247,0.014740307517143678,0.17731776656003143
309256667,0.06476009332284857,0.4275676142840995,0.009923914224806723,1.0E-6
1268586529,1.0E-6,0.19806083838007826,0.009465527920226879,0.13877803376831316
205697930,0.11110776702354405,0.2291276454380377,0.004685039930601122,1.0E-6
2493785,0.08603060615284769,0.24613792955643743,0.047617604457083795,1.0E-6
1637893417,0.06460535828519519,0.20669496184294245,0.03456536877725697,6.590448020110467E-6
1225970901,0.07034874032603003,0.14504219564087079,5.490120998457616E-6,0.1894647304093651
42374887,0.07755580285085494,0.3560249825958269,0.025171221087948184,0.09548321512408424
1217669213,1.0E-6,0.3151273673185763,0.004888212087244881,0.03169282639400573
249463098,1.0E-6,0.32874079516192684,0.01870499203675351,0.03639768458457941
186892618,1.0E-6,0.3302202087854301,0.026625460749490244,0.0970560384864832
3014331,0.13471929740502506,0.3445668074501711,0.0058456381326076196,1.0E-6
303982408,1.0E-6,0.35097963163688795,0.01312643302485381,0.012563282960572983
1325596464,1.0E-6,0.19383223398685479,0.00905602713288791,0.18698692759722174
1351903609,0.005499121550723114,0.2872762055892301,0.04640865092158487,1.0E-6
48805145,1.0E-6,0.29418393091360057,0.04403463385910284,0.005797828261453741
373615074,0.03295801379659732,0.3770007184018543,0.01947190834290555,1.0E-6
179192602,0.1972651748081694,0.3536535425128731,0.0065413756922795075,1.0E-6
1585494956,0.032047163710887214,0.04636593652207367,0.06661017230578915,1.0E-6
178448614,0.01028480980346485,0.3240560644974115,0.015921544865778205,1.0E-6
11936494,1.0E-6,0.3557494833303533,0.005596452584975161,0.05051091804100091
361863289,0.08188889387786814,0.21450463033793768,0.006420688120426184,1.0E-6
310091193,0.014933444155144145,0.28457005828995385,1.0E-6,0.1523465098597706
1198417,1.0E-6,0.42474899812901995,0.005102644267442831,0.06632413580156066
794087,1.0E-6,0.40594092688810224,0.007963681286118142,0.1008375319701088
530770006,0.017890962823496177,1.0E-6,0.011184676390509378,0.2877789089522065
530899937,0.04648935701309374,0.5826216435487783,0.018808042106604073,1.0E-6
353020539,1.0E-6,0.18034283224072775,0.0053833750862364105,0.08723388823200227
1515197396,1.3626520910862493E-5,0.15589270878246894,0.005351233926714487,0.1273558922009237
1217807468,1.0E-6,0.3369400220069331,0.031862275882708166,0.08892182252553418
812059436,1.0E-6,0.38820912232597804,0.006612584494213693,0.039394122922213434
711882506,1.0E-6,0.48166088871134766,0.029354027939381234,0.07740969519620572
233379621,0.018227173198701194,0.48422793925534124,1.0E-6,0.01724572570327041
642020385,1.0E-6,0.5750885122935707,0.012403007002568597,0.06823333595441997
21413848,0.012641040546388756,0.43479668607540983,0.004947004883528458,1.0E-6
1517665571,0.04302545264868518,0.4678976214270768,1.0E-6,0.04990681345049454
250649733,1.0E-6,0.3156630162706655,0.008781703763737103,0.18305455249677813
1513962184,0.077308030400469,0.4211648816650688,1.0E-6,0.012608380890908112
1080490214,1.0E-6,0.4192024397467962,0.020146083697454548,0.11775598268125234
342135320,0.013537432550322963,0.5171446863244755,1.0E-6,0.11564247838869038
406131785,1.0E-6,0.31279332922883957,0.009522262638556534,0.1418982608012522
415340009,1.0E-6,0.36313135010779285,0.034943970070889854,0.13461809360216825
23640688,0.1536587847110659,0.5157753599203538,0.006350108975762594,1.0E-6
1557097025,1.0E-6,0.35647360716294,0.00814151656940569,0.010285775570568428
300551308,1.0E-6,0.7062071113680923,0.02320758606909387,0.04478607085560378
1676477,0.06479944652007479,0.5016924490253012,0.045160799606568464,1.0E-6
185524037,1.0E-6,0.48568150247084674,0.03226558111993902,0.053589454129855704
197868268,1.0E-6,0.1666317319762023,0.010505550290319103,0.0742750172682867
637296152,0.047634238215331116,0.44681448672793306,1.0E-6,0.17685511661884054
1530338851,1.0E-6,0.39187665256089643,0.0065836955356023096,0.14752138299815293
2382136,1.0E-6,0.5359424949732422,0.008789997081426634,0.09918945663107949
1068757954,1.0E-6,0.3256952327961618,0.01179494319180091,0.11048723852857484
259362248,0.0019224252161275505,0.352061202766128,0.01050808245104336,1.0E-6
1968021964,0.15982785968219188,1.0E-6,0.025512631421269694,0.21634351446110442
257610297,0.07084625641413765,0.44087826757062215,0.01086891752735837,1.0E-6
1347197698,1.0E-6,0.6815448074798509,0.02883934945320664,0.08112748718444054
9539073,0.09719298428571618,0.6256360742117546,0.014375966311780114,1.0E-6
1381400840,1.0E-6,0.505389202711704,0.020798264826005816,0.07803711965288196
744313691,1.0E-6,0.4463511812355928,0.005750820650372966,0.09123464012799007
376424344,1.0E-6,0.5317915746192654,0.04598939552777539,0.015082225216919943
342018260,0.031338159993296734,0.5053413433642292,0.032754093127684895,1.0E-6
208265659,0.010261572135247293,0.46118185830276787,0.021557306752713185,1.0E-6
845519,0.03075102902888271,0.6564688826742068,0.008753582972141823,1.0E-6
16262285,0.053755215051020745,0.44443474565235824,0.008758020042689206,1.0E-6
1567992975,1.0E-6,0.26176754033044936,0.007015266154386033,0.18897560114626769
12906914,1.0E-6,0.6303353842681251,0.021808314775205007,0.031025943228881293
407092217,0.03664241798093503,0.3604093740246444,1.0E-6,0.14985990897628704
979633571,1.0E-6,0.5541744838440498,0.023672953115773124,0.056837905744531424
523025192,0.08539318925339068,0.3200882900707373,0.014352061556626257,0.19957282994626277
752099318,1.0E-6,0.373423195625815,0.005692988026913804,0.09240090114650604
322100534,1.0E-6,0.9162759332906655,0.022358835933253662,0.014303540307738699
1661597304,1.0E-6,0.14920412437140376,0.006627284597807425,0.17491438996290073
1721619967,0.11847638816027868,0.45374264037680456,0.007249097948181176,1.0E-6
1788508,1.0E-6,0.6384420639661479,0.010491846213372158,0.0922418882635945
33747063,1.0E-6,0.45365409356910397,0.004871823483633537,0.026884799609702695
208808122,1.0E-6,0.45454862910726357,0.00671946722716339,0.030698323042768778
26795042,1.0E-6,0.5277139480606688,0.0136512037451573,0.07075127428737224
192231307,0.06346776347049046,0.3986236685275848,0.00837885115382857,1.0E-6
535887615,1.0E-6,0.3901679376250498,0.01244400565991728,0.18836240157246345
241421428,1.0E-6,0.35189451064009986,0.00723807994082013,0.15517799177226843
235476465,0.07952003814096067,0.34397741583537367,0.015423411449444781,1.0E-6
271156627,0.021234413069470888,0.30762372571997737,0.018643016860682992,1.0E-6
582416280,0.0559808765011248,0.7435484967779763,0.026529414218749874,1.0E-6
382170702,1.0E-6,0.23124996002277245,0.009767443112412332,0.14823898049940507
175485485,1.0E-6,0.0070019117194083606,0.027204570789328246,0.3509828564277947
1484014000,0.008688100771272696,0.45163930767063,0.00821215662520194,1.0E-6
1119840252,0.008835586185412863,0.18579298212902984,1.0E-6,0.2093919022451225
200888797,0.08431596370604644,1.0E-6,0.06532189788983044,0.09156182229880014
831038,0.059449694053696434,0.1833677662277556,5.137479336785424E-5,0.11410625209157475
37077380,1.0E-6,0.7465709803161037,0.013755417794287789,0.04993573765453063
467481116,0.07797650232781173,1.0E-6,0.0677865333114452,0.27224323340020196
224888618,1.0E-6,0.5886079841020616,0.0069472539578765485,0.035338025752717085
266084535,1.0E-6,0.4891836198521825,0.007342930679143421,0.05057899250459848
363087494,0.09917741298218544,0.8781586003314223,0.015305970428781675,1.0E-6
335036925,0.11375319174007431,1.0E-6,0.020324716248769626,0.23792321093500785
1528450183,1.0E-6,0.11747379071665318,0.043150276653606864,0.09110881443900308
1038393,0.08542615601021915,0.3287070604410809,0.018932664179333484,1.0E-6
460386136,1.0E-6,0.3752674850095695,0.005354154491601112,0.07040842251064679
471877964,1.0E-6,0.5518432353581901,0.01060282998245825,0.07225192880008657
267653965,1.0E-6,0.6881834634897861,0.023766794281844368,0.19485610061668088
50844490,1.0E-6,0.5418057106003998,0.005134711332974771,0.0851348893112359
26926343,1.0E-6,0.9320372640476272,0.016331469871913508,0.0817655705771845
1991366,0.027220714985740573,0.9487270168280765,1.0E-6,0.01651769500184331
372958001,8.734151679493469E-6,0.2430052059705538,0.013038526880968968,0.1348444075188776
224984506,1.0E-6,0.7026770124395301,0.021304753623480367,0.037894632051755375
30412871,1.0E-6,0.7300060081168711,0.009649588993355263,3.819096823697905E-4
239380550,1.0E-6,0.6124933182116555,0.035557098718435064,0.030067127065925126
23732334,1.0E-6,0.33557420545251754,0.03281350905225916,0.05287425428386765
976262961,1.0E-6,0.37982744611210245,0.006162441848303045,0.15270999347595
44272785,1.0E-6,0.4391661718943609,0.005890251438368947,0.13846487586280143
5175130,0.02865163573309949,0.8623044981334868,0.02287995375336479,1.0E-6
1465001512,0.043940279215837985,0.5690680380082809,0.03078830522815128,1.0E-6
359509471,1.0E-6,0.6355977414123996,0.028735836707772026,0.02783031493944559
43373288,1.0E-6,0.8165636235866622,0.015384476408488645,0.044060874861787495
769582,1.0E-6,0.5986479482349537,0.005859185593424004,0.04184433736532519
1484212212,1.0E-6,0.6032994675488776,0.008003700271161672,0.058934446075969524
16838282,0.02191708475455151,0.5773740735130221,1.0E-6,0.006628305892834565
366564420,1.0E-6,0.6188745527845101,0.01099277094173436,0.12254982655461992
856125062,1.0E-6,0.5146689964646652,0.006327600134091709,0.0464402974191595
1477732293,1.0E-6,0.9025489267856271,0.026828229069641805,0.054667543114615816
778228762,0.0872645829449156,1.0E-6,0.020072596836079863,0.514137461713521
495410610,1.0E-6,0.825238522380003,0.01208574893586613,0.09662876611938517
2061161,1.0E-6,0.6214587184565203,0.005390761953596424,0.06404131464357607
635537849,1.0E-6,0.489699630415622,0.010881605947318634,0.20457133706898747
9688438,0.09448754522306393,0.49383839927812256,0.048086481253879376,1.0E-6
2076190,1.0E-6,0.6901589780312591,0.006004972125438754,0.06814322910157912
387804605,1.0E-6,0.8107180426317605,0.0312458154866188,0.06002743486193748
299889819,1.0E-6,0.37212288743536664,0.005853096638261616,0.22919768605072888
526363172,0.14844623880461538,0.4382348259181742,0.014609618680474286,1.0E-6
341934645,1.0E-6,0.625973060844875,0.010687313893051255,0.29960598789745424
12462327,1.0E-6,0.8755509112302765,0.06458693191168191,0.03555727649954876
1392836448,1.0E-6,0.7670076484267013,0.01652069766873999,0.20947121022766718
1066901,1.0E-6,0.6997255199572042,0.0074762884378010794,0.053854360656317615
527909974,1.0E-6,0.6250904250706261,0.01125047988085891,0.2812213247011127
781876,1.0E-6,0.698153023465383,0.04053381933067862,0.2402149799084673
242343983,0.015829577188768783,1.1913437838286365,1.0E-6,0.04471533449091469
42050086,1.0E-6,0.8256863107496903,0.01330783369210549,0.06792017283447575
208695603,1.0E-6,0.60419229336098,0.009939183619924628,0.036250404233921105
1603709979,1.0E-6,0.9112229417850326,0.02447667322200496,0.07700529250320859
12823531,1.0E-6,0.5146183981399421,0.006359169939454524,0.285385689205678
2479803,1.0E-6,0.8055165223267595,0.027045119291414493,0.24593426664174486
240442515,1.0E-6,1.3087241604810922,0.013437028486285094,0.03105652563143182
269922335,0.005265517383804018,0.8258925597554022,1.0E-6,0.0157269780859979
1215437540,1.0E-6,0.40546335452502275,0.013124371938107835,0.2950593293027359
196677619,1.0E-6,0.14477644928660155,0.04267905416007658,0.30214206429566076
211739830,1.0E-6,1.3458419483126607,0.02543303257205792,0.1111281048043256
309194749,1.0E-6,0.480133146329384,0.034660335451041115,0.06202989576262633
1424701184,1.0E-6,0.823663922473379,0.013434845191350922,0.20159355700063858
78648,0.010882410664352393,0.9982650959099771,1.0E-6,0.08951004037665028
343614888,1.0E-6,0.3431290795678819,0.00692167840433214,0.38904493768180454
206367606,1.0E-6,0.9259574714227206,0.037701978320763274,0.18772483205946525
329678610,1.0E-6,0.5906073359261412,0.007361761970077163,0.3873520029947783
22440645,1.0E-6,1.057758074698844,0.008801536390455719,0.1297147983201305
29859151,1.0E-6,0.7982287481045313,0.008109298433345109,0.16449510667302217
788005,0.06047097046556214,1.5243397381883332,0.019554285418238896,1.0E-6
23461186,1.0E-6,0.9134070648282688,0.007141116886533272,0.19855577082808398
13059005,0.02618656867111588,0.5859563602897334,1.0E-6,0.4039111685930386
251584954,1.0E-6,0.7725939138169867,0.009474950131704848,0.051036960642377054
248522344,1.0E-6,1.3611503978675934,0.06571923121945379,0.1263039532739568
544012526,1.0E-6,1.0E-6,0.02456736001078536,0.9901555795595955
345586825,8.185055538688893E-6,0.9262985440445904,0.016612167340628422,0.6162914940842097
18854090,1.0E-6,0.583458703483358,0.010657338711621143,0.49894413767220697
1449596183,1.0E-6,1.0013544719505219,0.021806718792570328,0.3461235713479527
526172948,0.018502539974958987,0.37187836588337353,1.0E-6,0.734627446017675
211165873,1.0E-6,0.9912735183710937,0.009964491693928929,0.18521360391266953
24958698,1.0E-6,1.2388659744982675,0.039258488220599456,0.2730293277584684
9456650,1.0E-6,0.728660503421847,0.009610444442292332,0.15687585846202595
39609231,1.0E-6,0.8485147702464182,0.01061848783852788,0.026490359286358945
47783190,1.0E-6,0.5361404937040648,0.008656132621793447,0.3231894526034679
218496931,1.0E-6,1.3934328049966733,0.04066785579903483,0.023641881237903326
2602391,0.022458718980139653,0.9825113494502004,1.0E-6,0.24224593465387426
1340118021,1.0E-6,0.5576636273598017,0.006749064705986537,0.3914981036816979
297317271,0.0018733040289852947,0.8685136241875843,1.0E-6,0.186161257258481
276862452,1.0E-6,0.4585144844470656,0.00888335590919397,0.5116144104416546
1105797835,1.0E-6,1.7345950199826756,0.033114509907288744,0.07169665080117255
8829552,1.0E-6,1.9791029965691345,0.018419784168121144,0.7540430818798215
273275256,1.0E-6,0.8604062129040373,0.009166120353904156,0.36256291692965037
4270959,1.0E-6,1.1990044429660744,0.011054309463159212,0.928397535871913
23626351,0.024885920546508376,1.353201656575973,1.0E-6,0.22847462162406754
2308135,0.024577951627485165,1.9039093040236692,0.01008980928577952,1.0E-6
233986127,1.0E-6,1.27237667224394,0.06099328242526506,0.5294364691016215
976963157,1.0E-6,1.858615699319454,0.041752909923798896,0.31530382400987406
497665067,1.0E-6,1.6448373076563712,0.040722758468246696,0.38725914541006784
187634975,1.0E-6,0.6556223377457211,0.00845675752216179,0.6555730471446294
208367668,1.0E-6,0.39938083802607327,0.016768821843375293,1.1756642869431921
258102864,0.026004493740153716,1.0E-6,0.028568859918562135,1.417869218128005
3890255,1.0E-6,1.8183222425056706,0.06129348206095896,0.02700112930991556
1358376686,1.0E-6,0.28928881022057773,0.11697616794870101,0.17099788159156099
29950685,1.0E-6,1.4659706800304362,0.08237075316525258,0.17977768703372737
218585478,1.0E-6,0.8885000901189497,0.008026662216503118,0.024429061609545052
1370119083,0.049442566370872854,0.4326346758710214,1.0E-6,1.5758855731074852
21420093,1.0E-6,1.490264422986657,0.030397841626118437,0.9641962748911073
12152779,1.0E-6,1.8387138447745957,0.016329073581603744,0.10429234697393001
337358922,1.0E-6,2.452035247216383,0.033707594037346696,0.14406622245921047
447587670,1.0E-6,2.01689164970615,0.011081584991021048,0.20987607808863146
178043101,1.0E-6,1.222626244391195,0.08490646574600645,0.1299000685480203
5755715,1.0E-6,3.463938757818922,0.011361559476945093,0.5784645129289333
1387411024,1.0E-6,0.42965564602574596,0.013741381068986888,2.359363660049542
176016306,1.0E-6,0.87026737262172,0.009577702803852063,0.574259718806235
3044909,1.0E-6,1.8659860990181736,0.03507157921045875,0.32471026176724305
204847429,1.0E-6,2.126099993977797,0.025867750861629173,0.14597009112193515
4360687,0.003684084524356096,0.7975777337094667,1.0E-6,1.5750733694492316
1271707178,0.06823157721501794,0.6925015984929487,0.10395234999927429,1.0E-6
190439839,0.03063151684367091,2.5780635135547785,1.0E-6,0.6755962398680346
187151842,1.0E-6,1.4862882968098292,0.00972498543810534,0.3396211631030532
241151788,1.0E-6,1.7957844671531191,0.022040655135491406,1.1811730999353085
4787785,1.0E-6,1.513930346560585,0.010210034826770825,1.0776480539590862
10185510,0.034401350961651894,2.94858934019127,1.0E-6,0.35176243714682137
31633728,1.0E-6,1.9305994107851734,0.010665855866613321,0.13132479535906255
10004059,1.0E-6,1.1396886714141254,0.0926230086272277,1.5229791062025844
3373974,1.0E-6,1.7330389197023703,0.04586808067544477,0.01982521444290276
273114450,1.0E-6,0.5592398832242274,0.06681028333309032,0.9467120234117945
3879158,1.0E-6,2.387522886656369,0.027913407262041112,0.06383228965068956
628103579,1.0E-6,1.5564303634989933,0.1159479468735135,0.7702220230525457
192121043,0.02994078578958066,1.4689365897710425,1.0E-6,0.66053517830732
1312221,1.0E-6,2.411091885009531,0.010003056259756655,0.19822373688166126
145308730,1.0E-6,2.1305917530288467,0.009955150683225528,0.3340507790347851
646862038,1.0E-6,1.0920929472750216,0.03778753618125049,0.028566304158461387
294631191,1.0E-6,0.7412143396125739,0.04666838893535476,0.9305470546324831
8946560,1.0E-6,3.2185759942084724,0.002206689788132616,2.1382996616397625
198762295,1.0E-6,2.096420249519718,0.0829942459399484,0.38998230258539984
2007924,1.0E-6,2.4291681332526887,0.04651663369307531,0.027030280925079368
1683745,1.0E-6,2.2795963818847325,0.036973421749219054,0.17027434344150424
230727846,1.0E-6,1.8622576831901783,0.005939831702075235,0.31846580922751283
217782915,1.0E-6,1.7933068813796311,0.014751086267928497,0.061479329091607915
31768160,1.0E-6,1.696760525129959,0.011538728054336972,1.9165033773351214
237776406,1.0E-6,1.1564356451204327,0.0632509640397298,0.8019350882278857
224336487,1.0E-6,2.0578543971062135,0.04079297604295399,0.0731698752043194
331302998,1.0E-6,2.2501033099380785,0.014918550558309483,1.219860714440916
407307136,1.0E-6,1.2990679323429748,0.026748653163411035,1.716837963822845
870445759,1.0E-6,1.8133702865842043,0.008787386135532137,0.5217887030509135
2708917,1.0E-6,1.9999101454203883,0.08172611191979909,0.04968965514287936
287869909,1.0E-6,0.06758729349080154,0.010627018964168568,1.953619846754509
509995308,1.0E-6,1.6074169707274661,0.021023885787128896,0.021256455203897025
367160963,0.1308757352631364,0.8807622920543624,0.0723517156865122,1.0E-6
5361039,0.0011485301095063207,1.4090263706503923,0.016237149979585686,1.0E-6
41357433,0.03246172461725572,3.6546077640841395,0.013803410416218567,0.8508523656397476
1551389,1.0E-6,2.740918914774224,0.012525467972644621,0.36942679241368803
5977929,1.0E-6,3.385477644836475,0.011703056140009908,0.18789844821151244
2537473,1.0E-6,3.168625112476184,0.013651250976859984,0.04382070507081949
16065847,1.0E-6,1.1619923332183382,0.01651434271565422,0.9148416003469049
326739637,1.0E-6,1.8507777300124015,0.03252344960645668,0.6966266496073691
27543924,1.0E-6,1.8081844899609603,0.010634401320639936,0.3916014222803747
41987900,0.03377846867448879,1.0517002433375062,1.0E-6,0.2865537418901428
856855,1.0E-6,0.10871864562843266,0.010903788620520077,2.2907332777312384
41373987,1.0E-6,3.37035333523557,0.012011001757064278,0.189710103155511
1075272,0.006968764750777519,0.5194415042878358,1.0E-6,1.0170388477314443
252976899,1.0E-6,1.7705667261693303,0.05415297100986154,0.27478525977699386
1064366,1.0E-6,2.1403355136868423,0.015728847341977686,1.2362764945538942
1113090,0.017385560924670414,2.6274236729437903,0.07709560454740791,1.0E-6
179360669,1.0E-6,1.039934713654876,0.07320385931533276,1.1140991984829156
10820607,1.0E-6,3.7608228900155045,0.012932446069085371,0.5227831061094403
583684651,1.0E-6,1.9475317606588578,0.02985126530830244,0.8578014726299074
335965077,0.09665601857795063,1.8140693272443946,0.04656238142629999,1.0E-6
777821651,1.0E-6,0.6203928722069177,0.013130276823180428,1.439488788873643
320498757,1.0E-6,1.615787617534342,0.035056235673417036,0.304021621841544
610571830,1.0E-6,1.3212346737792717,0.008898127504245259,0.09665028279022377
15977721,1.0E-6,1.693204230259368,0.009603328390220597,1.1002752872509634
1476954,1.0E-6,2.0918717453662588,0.033359358534137566,0.6097832026616631
35720927,1.0E-6,3.021398854317448,0.014242182364382983,0.24296017554132943
15597699,1.0E-6,2.1143573307033634,0.012900406113443204,0.4574465154309546
26958503,1.0E-6,1.1334419309124977,0.008690367902529344,0.13736630057279756
630230818,1.0E-6,0.7220872849217976,0.016474864377244602,0.803596389000559
2226095,1.0E-6,2.0197774963296373,0.009371928727241578,0.0884930371170808
2188824,1.0E-6,3.4186381201389207,0.012051536002008662,0.37071126761997003
3830537,1.0E-6,2.2592170585698472,0.01026231598545289,0.30371493853485093
6360082,1.0E-6,1.5780282270990311,0.007396609395391027,1.2728337162229328
4130384,1.0E-6,0.6352725859743278,0.007841768293488864,0.7099594936213426
248508947,1.0E-6,0.852910082177146,0.06783590671047424,0.9092201307080272
845529,1.0E-6,2.8826500139094158,0.024341838617747254,0.15501543564423725
231949310,1.0E-6,0.9982345801492176,0.0322553180215571,1.2820984043076176
1445709739,1.0E-6,0.5081063134783834,0.10771249508686094,0.31148888925656204
54051005,1.0E-6,2.570067437954041,0.011288666258606174,0.4793377761665587
363956201,1.0E-6,2.353082596606241,0.026837319148699874,0.06733582230093937
626589315,1.0E-6,0.4115756659385096,0.09965560931639404,0.4978713069747161
217728319,1.0E-6,1.9370002736490115,0.032774120885391264,0.42476915969145734
174332982,0.011156208482271682,0.8884644773894903,1.0E-6,1.5405661757805242
43221060,1.0E-6,2.07669499347881,0.049901014606023114,0.06827354120612585
27622521,1.0E-6,1.1686718472862425,0.03096634659881576,1.2179820413092746
958642,1.0E-6,1.4247513776425034,0.08251569383128396,0.8713888020805337
3112656,1.0E-6,1.1456992423470305,0.00981614657787603,0.8103960640906772
247605893,1.0E-6,1.2948489624344208,0.06073303021881052,1.4045970523547953
54815032,1.0E-6,1.0087772140186244,0.05948924707463182,1.1029595050946808
43958828,1.0E-6,2.055689806481578,0.09474004678991542,1.0374377910904033
1649828,0.003979153705444624,1.2913688222488229,1.0E-6,1.569516495855573
22171095,1.0E-6,2.559616520094967,0.011522438355913364,0.6050756946299055
316731281,1.0E-6,1.2491735118045169,0.005255277979129754,0.19828914382515161
1000179911,1.0E-6,1.605197598768295,0.04670003861845256,0.8331469113078128
25424715,1.0E-6,2.560018538039892,0.028338729971635453,1.0300969064234435
9685103,1.0E-6,2.4920487716964588,0.010152860697036905,0.06767722410975677
3037457,0.04751245868572575,0.8224707776587408,9.233482226057364E-6,0.605819688351233
186019852,1.0E-6,1.1269565808520805,0.009256451545909842,0.6488778732104296
255457057,1.0E-6,0.8794174060627761,0.009587627081287353,1.443404157800891
348630381,1.0E-6,2.390396025399532,0.07561939395660952,0.27775332795680113
1324153,0.06003679103389199,2.038382266153856,0.04587605414916453,1.0E-6
52858265,1.0E-6,2.8267475998875975,0.03904623922548275,0.02728785398042591
1371898,1.0E-6,2.552809417671318,0.08114676680140305,0.4728005609841581
1097118847,0.029731024320742132,2.3361572576158243,0.012482097016492352,1.5182955476522106
3523523,1.0E-6,1.9868212807524628,0.010423943295029442,1.3677180803484832
2064315,1.0E-6,2.364205145149083,0.010141346131048714,0.09172840781156247
3300887,1.0E-6,4.326863678939896,0.015197722185165165,0.29339527743231947
5057456,1.0E-6,0.8591225307560649,0.014789708735003699,2.3447663271253263
4587001,1.0E-6,3.4728271361266936,0.011264070881571952,0.33651507588267715
3117840,0.03552096805348308,2.9441350736975456,0.027789888107499026,1.8112750336360317
450292261,1.0E-6,3.440686996249552,0.01962538962949608,0.6226574731411612
1508932219,1.0E-6,1.3276890848119036,0.14663795859999856,1.0088992741034046
2196457,1.0E-6,3.2334126112578447,0.020616032702218172,0.044680044039023106
45966580,1.0E-6,2.4852268127586634,0.05079471922624573,0.022043503599989703
89692,1.0E-6,2.919934756871895,0.012787657171184234,0.5379517104912489
222815744,1.0E-6,3.1188009155176166,0.011839290893214937,0.8805703993011901
176925601,1.0E-6,3.767033093988554,0.01054421888928521,0.10463974733635728
35127351,1.0E-6,2.5712935059239976,0.010025778843227029,0.12746814646164667
781429,1.0E-6,1.5788509050385113,0.012292657382565122,1.7181796750862044
189778250,1.0E-6,1.050208048250091,0.013670811531028417,2.8317960117837453
349467985,1.0E-6,2.6758501528037177,0.01621569547279346,2.264889267024444
990644,1.0E-6,0.9807072173920517,0.015660434121586585,2.5839474940957645
301613458,1.0E-6,3.9451204764589325,0.015921015557450326,1.6659793264218359
868058015,1.0E-6,0.6740586933739584,0.11653417262565753,2.557732998065437
190136173,1.0E-6,3.055977399977545,0.011708753253306723,2.5748165449285674
27431896,1.0E-6,2.8481945917965246,0.017475021344921838,0.0012101330416655499
1333203523,1.0E-6,0.7296581131335838,0.00827260161174395,1.284918068999873
200449325,1.0E-6,2.4389442567841226,0.08064171987511395,1.0787509465329452
12843885,1.0E-6,3.405076255456977,0.010601790635790717,0.5494176018853896
242708369,0.06800503528660613,2.5594791958602774,0.061875004973891604,1.0E-6
389492388,0.02845590480116724,3.563584138748541,0.014569356976919096,0.6835632611473808
4268403,1.0E-6,2.0468801015697364,0.014247341715087635,2.410497004465329
20850451,0.04076310856520766,3.7908217325577844,0.014397485213092743,1.6663429400826997
2490353,1.0E-6,4.067164933002135,0.024058297091358097,0.39628049843983737
6308389,1.0E-6,4.341167339969479,0.02733583707927282,0.041920870116595024
1898141,1.0E-6,4.915167765981346,0.015512061828423808,1.4981761906453201
181896432,1.0E-6,3.651785778124769,0.15193464306978968,0.06802145738079018
12752931,1.0E-6,3.9936086932262658,0.011528969301235497,0.5812754285075278
1113921,1.0E-6,0.7327108276902288,0.013567863546515338,2.952955731487495
145714741,1.0E-6,3.6027088385757295,0.02573085102375146,0.710018769076641
1676784,1.0E-6,3.249185847743843,0.031246892887439263,0.3513501669377758
1444451,1.0E-6,3.8546158858836552,0.012364263544296431,1.96343280963456
1213941,1.0E-6,2.321292067970196,0.05587405781370246,2.368725626932946
1371467,1.0E-6,3.8377320861391206,0.04295402276426088,0.7726853213691888
4487106,1.0E-6,4.03808411557104,0.025207606062381854,0.17172770891935724
289020041,1.0E-6,1.6802843744391487,0.0190793031409695,3.682711864461815
3135225,1.0E-6,4.128596498542717,0.12092023853393218,0.07506508105824133
2692900,1.0E-6,1.9976033923127077,0.045932491773868434,2.927174291053115
185416714,1.0E-6,0.5219803332289561,0.043119319480126025,3.3845263985465945
815942819,1.0E-6,3.0307352900121685,0.04698314514714721,2.2593996212569554
23876446,1.0E-6,4.803697272446403,0.058936524090570534,1.7994703793574123
1090055,1.0E-6,2.047293748764039,0.013227386980333457,6.143875716794876
