1469609400,2.0498963535435037,1.0E-6,11.237390591152034,0.9528488527167497
1262742,2.6983892110503014,2.660804987202719,3.6192188763156254,1.0E-6
431904090,5.502423745566102,1.5734079154339715,0.3164335968297092,1.0E-6
13299395,0.1669587050796464,0.6205318982177273,1.7980471540798793,1.0E-6
467814133,0.9270169514992616,6.066036115491437,1.0E-6,0.024856647773395826
1114970510,0.942544635189848,4.776565398572966,0.016666407988870948,1.0E-6
546998530,1.0E-6,3.437869310726411,0.04572655599170642,0.5971395588468956
1971402599,0.0013773827093172815,5.0405508045902865,1.0E-6,1.5055569255278483
267906357,12.470316828106743,0.27836566936665846,5.592513243114527,1.0E-6
1676703,4.951279715302661,1.0E-6,5.0853266575638925,7.793518270504399
1542462653,0.6936883065053209,0.4244815401885561,14.858129409639215,1.0E-6
385182586,10.622802490888489,0.18255100397181193,5.514806696438354,1.0E-6
1354076618,5.148102536255281,0.7796407417914926,5.25711660748056,1.0E-6
1827621887,0.9390187877900268,0.8099812602609259,4.999320323210996,1.0E-6
15318279,1.7209420607473802,1.0850776638721216,3.0228806659641814,1.0E-6
1112056,1.3415554145617983,1.568484757178499,3.348181160296015,1.0E-6
2183178290,0.19566877936513316,0.4568183059173368,3.9679536519633194,1.0E-6
1551859751,0.39544050338942116,0.09901236365216212,3.894075549204747,1.0E-6
1714328,0.6909475702791705,4.019270089871689,2.014484149769322,1.0E-6
962785815,0.13287531922045132,3.988334010426252,1.160198947661178,1.0E-6
24211166,0.09373173384939763,2.5043392107457945,1.466731015471738,1.0E-6
221758078,1.0E-6,2.9473145777644065,1.5547863136305429,0.012390130556424211
1088969,1.214855053514746,3.32616251386185,0.25963345596562104,1.0E-6
2516898,1.0120497815209066,0.6971593882470208,0.3602530093166978,1.0E-6
1406894013,1.6232251938189155,3.7073265530980466,1.0E-6,0.034204743965332775
1537191,0.27253545475263535,2.3539728692106636,0.6160621936176276,1.0E-6
2948999,1.0E-6,0.8804196931114072,0.28226141026806223,0.7250628828144018
15343745,1.0E-6,1.2222178309308844,0.5840210874691677,0.21300935733262982
15412975,0.25355707022652174,4.907936542821668,0.13160204401483847,1.0E-6
1545775,0.8265426811799426,1.0927024545734918,0.06512035178604834,1.0E-6
1696627228,0.8427666537223375,1.0E-6,0.004459871718003002,5.44821706114822
1480704938,0.3353255446297994,1.8894746610870972,0.1661835007902493,1.0E-6
278477371,0.9159226417976362,5.776240329951906,1.0E-6,0.004236873559113059
2031970835,1.0E-6,5.372698103481338,0.0022222514142173334,4.023631780888692
787724071,9.649839973204466E-5,5.843806415122951,1.0E-6,2.2620061969456318
26913335,0.2513896525062427,5.1908049074458615,1.0E-6,0.10977584842437788
21751548,1.0E-6,2.5574306820610344,0.07165219060068623,0.49899937406992584
61691,0.06230496125411211,3.632468438062055,1.0E-6,0.1378542297020667
1456330238,1.0E-6,5.132484118615542,0.011720255115210817,0.38438576423269066
50474234,1.0E-6,2.9942669200297334,0.014750127204084562,1.5231635379028254
2645075,0.029137388001951006,2.53666240884241,1.0E-6,1.2742208266623318
1722971411,1.0E-6,3.56991223286347,0.015650085353097122,0.9709405553750884
368237438,1.0E-6,0.0970805753706791,0.01814682728565921,4.707930586031066
1394586531,0.6444355798106467,1.0E-6,7.229466323207447,0.22918093986234098
215014211,2.949679913035578,0.38872980539341667,3.650855473305519,1.0E-6
43580430,1.382478211074729,0.7611708136808575,6.663041480931346,1.0E-6
264345969,0.12018324749946153,0.43686188183500013,2.4270066668163275,1.0E-6
25905206,3.2794654944464905,0.37767184330897235,1.8390120197455226,1.0E-6
1335967334,9.169751981288925,0.05443878314878189,0.2477216275504891,1.0E-6
1534227225,3.3064496550543643,11.17538682571187,1.0E-6,0.06280778687269852
2015349687,0.21968220763474175,5.25601652909688,4.1306942125555866,1.0E-6
245568716,3.4266635187491246,0.6975040228556619,1.0E-6,0.044874585441906964
922892,0.8118413853584501,2.2356310252851124,2.562605222936798,1.0E-6
1485590798,0.20798896214601223,0.023405352033565,8.371982388225575,1.0E-6
13429220,2.8530076340120867,0.26301555987627884,0.407567149512852,1.0E-6
478780012,1.425076468926781,7.885328770406929,0.0034726862884467947,1.0E-6
1549937221,0.24499713411777457,0.2463604564575203,1.876556569533028,1.0E-6
216497038,1.0E-6,2.854233700427932,0.867245871267308,0.2023367123138221
30386835,0.7956897345172049,2.5564816738447176,0.673892715969014,1.0E-6
31533162,0.7398320239352943,1.1973424585613062,0.4456512496262765,1.0E-6
21552360,1.0E-6,3.170217037235246,0.28356487915063305,0.4289456614839925
282674163,0.9665198038825487,2.5898362222847156,1.0E-6,0.11307892921786317
253875188,1.2068632461699205,0.7276144250808245,0.03550611411507973,1.0E-6
1593757006,0.7010397147455507,0.42150138697474226,1.0E-6,0.6030904509125536
1470941396,0.6800415190185182,0.5391741188418142,1.0E-6,0.6053497728545555
1227972770,0.9167937857451676,3.2094633769665384,1.0E-6,0.004608379981571786
2063174114,1.0E-6,6.304491047925381,0.012061727846833105,0.30055878536932645
1263811512,0.045364705058979375,0.7236766457767421,1.0E-6,1.5334079717935862
1427159752,1.0E-6,5.912034882446749,0.010426961982459902,0.07493687271477449
287467149,1.0E-6,2.3528128357368603,0.014419242512192175,1.7333296029586516
177274122,1.0E-6,5.179809664112346,0.010456809219363077,0.5709283650580995
328294485,1.0E-6,3.9277284622226003,0.017760037715933662,0.45001352560071833
1177786565,1.0E-6,3.71567449887932,0.0115365557200328,4.170971067818994
1375412714,1.0E-6,2.021581189188998,0.006306440243487306,3.3268724203083946
1856554,2.977772385949372,0.26874041851934344,6.476843282308516,7.123662926466709
1943148216,1.0E-6,0.39136136810071603,8.263395301589734,6.952421544149403
54285677,1.0E-6,0.3180902211342921,7.674349701151385,7.691013347436327
25839290,1.0E-6,1.0128279493725745,6.041396558298011,3.7557056894178458
360608500,1.7276883003515326,1.0E-6,19.820059367586023,1.8935505608534617
1531968802,3.1938798141805727,0.4168113044081384,22.47668664913964,1.0E-6
55153,3.3215912389373026,0.40619069994546325,8.160056910911946,1.0E-6
232933340,12.70692573401473,0.20348799595923425,2.5183197880077617,1.0E-6
1649781242,0.6696064853887054,0.3548403847346304,11.079786768825745,1.0E-6
1386808,1.3249484883964406,1.00129267435115,5.772386100530844,1.0E-6
317303826,0.4056652288581861,0.40915430754241117,8.302169121170369,1.0E-6
539308758,0.5977559194876726,1.3317795815231623,6.398604110187978,1.0E-6
8029226,0.3124176407842912,2.666823090806067,2.6627791248842745,1.0E-6
419591776,0.3399669845259916,0.7865270000011786,1.7045376507924979,1.0E-6
42141295,0.006830233218402892,6.0645279871000195,5.185009184644617,1.0E-6
1442509122,1.3728411818380433,0.47665712147815653,0.5184823334262025,1.0E-6
686394932,6.8643538376203175,2.9096905157182213,0.004364370770331388,1.0E-6
33322378,1.18742121742582,1.0E-6,0.06875799536669083,0.17529714923522163
14851693,1.0E-6,8.03335980784978,0.008286395262715324,0.07684512254001624
1422773575,0.9614905046229719,1.9686658984903587,1.0E-6,0.1089951086771755
2176671300,1.3603383509698717,1.0E-6,0.039840796293147844,0.04431767691823966
1476988950,0.6236489408478312,1.2122773838882777,1.0E-6,0.29570764987387693
5767799,1.0E-6,6.230938230069596,0.02802798655202779,0.4728943163686118
25496,1.0E-6,4.854564971357856,0.02489643061951252,0.5175209644370242
25614620,1.0E-6,5.851206836306765,0.04265800480957281,5.099437840669623E-5
373669853,0.024182697015667925,3.4620484783859395,1.0E-6,0.9865628053871779
1517348844,1.0E-6,4.377471734616053,0.0162247867068191,0.5839461465381516
358871966,0.008589914641465553,5.354014555143242,1.0E-6,0.19329201172490895
6239422,1.0E-6,4.8412422770207035,0.005308729205136143,1.5222948305771244
1153902371,1.0E-6,4.404564005089787,0.00963225436805481,0.05154634239398874
18454432,0.0032211638599505925,0.013205570618083768,1.0E-6,6.462266534356143
2126560010,12.453015659825791,1.0E-6,4.739358741364195,7.968677473094384
793489,6.996782440845735,0.6791038288809924,8.457532183083455,1.0E-6
1819997118,1.0E-6,0.5094481617466405,6.816445451976162,2.23138583420108
1491152429,5.103537431924467,1.0E-6,2.641543452434385,0.6449261859255161
2245324,7.7831711996567,0.42646419324845586,4.87689403453905,1.0E-6
1278495445,1.993676825246837,0.15332037548028482,10.02833539473414,1.0E-6
577750387,3.2844317187777006,1.6053196255511433,4.047765583927815,1.0E-6
621297654,8.26199021243689,1.0E-6,9.414658938007681,8.536215882929444E-5
1382916558,11.70749336338252,1.0E-6,0.050619123176047796,0.006613289198874061
192974291,0.43652572383960037,2.4666805362633326,3.7404692173805,1.0E-6
1331715096,0.1585096873070068,1.1808313005076545,2.108887214558824,1.0E-6
506234210,1.0E-6,11.873529513297486,0.3454179967019329,0.05208733734280466
496776266,0.038886378580629835,0.653393328685235,1.6590633277252462,1.0E-6
221252982,1.0E-6,0.6276466695235656,1.1808065073555218,0.09067025244846036
9370272,0.8610971003518313,1.605416198642327,0.24172236561409677,1.0E-6
721435072,0.9834689979189944,0.5666060372050725,1.0E-6,0.03218078960204969
789852986,0.546838689542986,2.1299397130330036,0.06640177175802843,1.0E-6
1543999939,0.7847587763113232,0.41936333252051006,1.0E-6,0.09210583238931902
553038838,0.7951923564058919,0.6997789813586819,1.0E-6,0.03712421680184015
232007553,1.0E-6,6.711793337460247,0.027510478356492375,0.3981316849737318
1499377514,1.0E-6,6.333835580350833,0.019296715882152957,0.34582250794899355
280453972,1.0E-6,2.6465626710275063,0.04650488701872442,0.4307472942129601
2101001175,0.06638457622353568,1.0885401600426081,0.013328004235855395,1.0E-6
1106052273,0.0688001104451963,1.269206314118558,1.0E-6,0.2863345518836031
1555268,1.0E-6,0.6555833506833229,0.007654838369049837,1.8472689610867
185147318,0.04340918929393651,1.2677078237008752,1.0E-6,0.24529074059812306
473769076,1.0E-6,5.372596063327615,1.2591644623068763E-4,0.1844280497309993
17504456,0.006014129528103599,3.4070730567961474,1.0E-6,1.9994163654301522
35901338,1.0E-6,2.530699093326702,0.0254909524802398,0.8825634087146678
499091330,1.0E-6,3.9376837936982403,0.006557483144928911,0.4514183641634591
489094581,1.0E-6,2.7012813419013657,0.005593422906724689,4.226957134846742
430746774,0.08308569559327592,1.0E-6,15.27062335545625,1.6946132298304897
698241691,13.246948900633903,0.12102379843149919,1.1549084223359818,1.0E-6
2047152,10.06741440099366,0.27790896652452024,1.0E-6,0.32385563504080794
484426217,16.284794176743063,0.018356436795629375,6.4298097062668,0.25919658620682584
1649551881,1.0E-6,4.865690420465031,10.772955953732154,0.02034802843580226
1144469368,1.3497465641022326,0.38666891050542296,3.2524669509558715,1.0E-6
1326277,2.057437550126465,3.0773900063238435,5.249713401906384,1.0E-6
959837397,1.5354849056097006,8.904340117366475,7.160006132652222,2.666370497300881E-5
3125808665,3.9813468897968862,3.7616119184716954,4.989248487240668,1.0E-6
392938880,1.0E-6,3.213629062416984,3.5149807653007574,0.3763338975756518
38275398,1.7116353609659787,0.687017804208666,3.726167433386561,1.0E-6
246114379,3.4928419621488485,0.7183444083709419,0.4321985637254237,1.0E-6
1904819173,0.03281938521084182,0.7300729461161889,1.4144827221726375,1.0E-6
498198797,1.0E-6,7.243026486428697,0.4277273593247675,2.1783590949350524E-4
1218141950,0.865825462842727,0.7940908457323506,1.0E-6,0.027294271181571426
1271676860,0.420251226520217,3.2545297873892154,1.0E-6,1.10085700420506
1676453981,0.6884624590210455,0.675250821995164,1.0E-6,0.13982730889723755
425079374,0.4854818657854372,3.2994201064728172,1.0E-6,0.11188872384558403
1516785452,1.0E-6,5.518621998061183,0.02336211727220867,0.7165323641443299
289565787,1.0E-6,6.010910656500442,0.01617626004874238,0.006389288062186311
1045930117,1.0E-6,2.8228588486702457,0.011613231996865363,1.1024451739098555
1480533045,0.07725997569064239,1.0E-6,0.010066072088124389,0.1612406468218708
1000424281,1.0E-6,7.446311999635121,0.005079655824788244,0.05339821907109902
243496184,1.0E-6,5.09580120433611,0.0010260380724015912,0.4616043070561116
1364311150,0.061066659201038334,1.3655707395780423,1.0E-6,0.5801155204382962
2968323592,0.03159295129800355,4.368440757155723,1.0E-6,0.10780538318633662
24513535,1.0E-6,1.6531362256002242,0.040166225272477,0.9095610255732813
717886418,1.0E-6,0.00966161799557462,0.028158250835474335,0.07200291525196298
853689,1.0E-6,2.4775142998016726,0.033084065649810694,0.2964086119480288
1490431958,1.0E-6,1.304335637290065,0.006219005084175097,4.3195634340566285
1169719950,0.007233241805885628,3.430805222841008,1.0E-6,0.09743442017620943
261196906,1.0E-6,3.0535197934168674,0.00619011799963363,1.8656514254002847
4331446,1.0E-6,1.5628624672166112,12.319216213392258,9.619430323393562
8938946,4.795784648338018,1.0E-6,4.702697637347252,4.504141342228567
45925025,3.5578824909668185,0.28136957299442383,3.8279029279836063,0.937980321507801
1491416138,1.0E-6,0.28154140201469147,5.7765602812884635,2.4876933396749354
1401016,1.3086400048561457,2.31172774011006,5.520328599716182,1.0E-6
2025788866,15.96295333071208,1.5750867252596665,1.0E-6,0.24587398052787174
1654614889,3.3239219368607444,0.3528556500012454,1.3919534181123625,1.0E-6
229136978,1.0E-6,12.355236437848403,2.1108960440477977,0.05894538015871397
1424109226,1.0E-6,5.20113458622984,9.488293294770445,0.015944495012155554
1215887186,8.367666971683475,0.35310562912194177,1.0E-6,0.014313090406394785
276680597,8.1354229493014E-6,10.283660697224418,3.2386819726857827,0.01921356976794147
449299746,1.0E-6,7.356816460423426,3.1132042846185253,0.013117297091030504
818729,1.0E-6,1.5746071625968574,2.2902589418908734,0.05092141134517498
2186924131,0.0485219588277733,1.0E-6,9.449583537463315,0.006338668347310696
670609188,2.1136935279449562,6.904562077066804,1.0E-6,0.011557097572480973
752373297,1.777157740688443,1.0E-6,0.0939689097452767,0.010150936984244192
177821977,1.0E-6,4.861340158862095,0.5358770303363688,0.011227303131109175
419425480,1.1996674606836244,0.6563436015972879,1.0E-6,0.023020739543682184
2280568248,0.9173771385721543,1.1350903361187525,1.0E-6,0.010452847205894794
91415,1.0E-6,2.037214178517737,0.3270212263175858,0.01223707393895144
1751791049,1.0E-6,7.054526218958737,2.601384359124859E-4,0.21517765401915068
1567628479,0.02608428096888321,7.195615052676494,1.0E-6,0.06867792337314338
79286,0.8400670583267146,5.67298351607579,1.0E-6,0.015281563294574264
637389737,0.6216771874058181,4.186561773155419,1.0E-6,0.01320854998158689
1139660770,0.5483553702730926,0.2287066647593096,1.0E-6,0.07492035358795386
1175334097,0.06812771971928555,3.5981640054546573,1.0E-6,0.4702551520042704
45207098,1.0E-6,3.183874492449282,0.01816797593129667,0.7959065262545579
2809647,0.030296587380612246,2.5687660780920605,0.014010071365492253,1.0E-6
1636331635,0.059432785157839924,2.172625802023359,1.0E-6,0.028212956543909613
459180955,0.024547420127735482,2.661225983688834,1.0E-6,0.9540447419145393
48067105,1.0E-6,3.1907878649671964,0.018224924269254327,1.0291784180780355
300562191,1.0E-6,3.822138869142544,0.007526345385356865,1.0218067101083614
1435651265,1.0E-6,1.4811563108355181,0.009890358456773109,1.0199093972193602
2397254,0.040600368207109765,1.0158575310610298,1.0E-6,0.6786665120930314
1773556180,1.0E-6,4.7631137027690755,0.0018415598600143817,0.32556772673566614
1435018358,1.0E-6,0.06046482259244234,0.01312704649831583,1.4007910313650007
1636712716,0.0106352435893567,2.0615427436031646,1.0E-6,0.5562265701493619
325307068,6.676845648539486E-6,1.7654378982116736,15.197086279176576,8.968280040522743
286776930,1.0E-6,0.3044726023373923,8.54175925288808,11.837844337804203
3357667,1.0E-6,0.29193981965768795,8.592883514727935,9.406733863898092
1524747123,19.26570953317629,1.0E-6,3.0362614393284764,9.23998093864584
5540769,1.0E-6,1.8978759281237179,8.407347298524671,5.52024132905599
1956431,13.43234731243214,1.0E-6,7.4673991300097144,3.1938741595821565
2073559080,3.984586357974701,11.410168130052986,1.0E-6,0.01628254075586499
45816005,2.971894130012712,4.6288128986703345,0.007736814921072143,0.03302049161713449
233899409,7.24341105869638E-5,8.366273666584563,4.990360998226176,0.020192377665718658
1691802,1.0E-6,3.671228455707447,3.8423006342156305,0.04900156392504643
1288083675,1.5855570125770615,2.2508247635417304,9.030010718619425E-5,0.034975402501739035
1478180863,1.0E-6,6.835464626733002,1.7336885321262459,0.011840095904362233
2942141729,2.0264498316621364,1.0E-6,0.07266919961610073,0.01220926306888538
1565173930,0.9938619862118687,1.0E-6,0.6770699275926124,0.022622893904487552
1355986145,1.0E-6,3.354682450849718,0.7455248231159948,0.03818653327899137
387826753,2.094185130382441,4.3806330567840845,0.004171408106959847,0.033406092768953434
445583504,0.061552284803799116,7.221610616315501,0.5100991038223405,1.0E-6
973423826,0.5453422906394031,4.746909003367713,1.0E-6,0.5800660356028017
1501575,1.3359854275678364,0.8113743841601043,1.0E-6,0.01069459596102678
616930563,0.5883063857040185,5.603848548221418,1.0E-6,0.13323373730232108
31314909,0.7924570586751387,3.8618548312224545,1.0E-6,0.06114966556195326
2821360,1.527142644506079,1.8864598114710256,0.005148995082297577,0.037438663561163175
1304193556,0.030564993153080124,7.437575238910078,1.0E-6,0.2530963944493562
2308975565,0.7494449218045341,0.8744359597093514,1.0E-6,0.029242590133117922
3999606,0.6263319717442821,2.26971680152496,1.0E-6,0.01566577541002511
465923525,0.029486983658565797,5.6555272157966465,1.0E-6,0.6094006356782978
1373831958,0.1903758984667263,1.0E-6,0.023852173218856722,0.20153019182500886
1264037986,0.07721095261457127,5.488968279825817,1.0E-6,0.01897807903993347
16467772,1.0E-6,0.719086971101541,0.09386771770841189,0.26047749856579666
1414182837,1.0E-6,3.589696337108515,0.011708218679687056,0.015696317747055
440174189,1.0E-6,1.755886737163576,0.015060748379940411,2.1025108249674784
3599657,0.0066519579558269775,4.718451241822813,1.0E-6,0.6975249383016742
1837920954,1.0E-6,4.770923984681922,0.005472272755200186,1.0313518643324822
1300620796,0.0070867618175020405,0.7588355028421747,1.0E-6,4.452016669498881
180442293,1.0E-6,3.7734834499594823,0.01870011627102506,0.6374949396563384
1328039922,1.0E-6,1.7118766227127555,0.029737837842336957,1.4106879654135427
466158442,1.0E-6,0.6073760291164643,0.012133023016249495,1.068969879126237
367027130,1.0E-6,3.4420483834037423,0.010747170828242473,0.6453947399745044
327925714,1.0E-6,0.7877697444078923,0.00319876784196269,1.2690916606657943
1985920060,2.909850506823171,1.0710226303584898,11.60860990538677,21.555642643767772
1183567008,9.37689077936523,0.5803948242661185,5.363516179281021,20.223812160226032
1856150,2.4655754175976217E-5,1.3680883512807387,12.000923757858367,21.960682838173305
1962233829,9.825723190001472,0.001687803722004024,6.583822219481255,0.14229421019114835
1516472907,5.183775159686361,1.0E-6,0.3823832342710068,0.009700543759394905
144499478,6.175959339280409,9.796602328595679,1.0E-6,0.02649155807232958
1116592402,1.0E-6,6.098052167682719,10.2195940709828,0.017878224643629804
13436270,1.0E-6,8.388212531668986,1.3950231813511917,0.016179122238698492
233923718,0.7561482016006082,2.508226549209528,0.1363598389181205,1.0E-6
1412514814,0.8275191640811629,0.5654876134277499,1.0E-6,0.203526109424348
38291410,0.6162271434461651,3.4206403765511446,1.0E-6,0.12635914034085807
2210447,0.2589244508527201,2.1388691046134034,1.0E-6,0.7571870194347444
1579010136,1.0E-6,5.8013054297875195,0.0253924414986321,2.0119445174135437
1209532996,0.5176085458025014,2.7993372178483065,0.044297302451865105,1.0E-6
1492725998,1.0E-6,3.5447733688713186,0.015024604648862818,1.6587394939847884
1918162045,1.3306293613887218E-4,1.0E-6,0.18259614813665906,0.11321106274411898
223279297,1.0E-6,6.119638888396485,0.008224268627202585,0.15940480718519376
816927414,1.0E-6,2.815651880208015,0.0085290880753548,1.1736883098107496
1017038,0.008013888329859964,5.049721801174493,1.0E-6,0.4847537899507648
673326824,1.0E-6,2.492562330988049,0.052432385403210595,0.33461851217790795
755662980,1.0E-6,5.128436115670799,4.90898741219101E-4,1.3422789850227996
185953913,1.0E-6,4.279921642243896,0.030279159302986282,0.003452709161034836
410823480,1.0E-6,2.013923619323969,0.02219843333333882,1.486969126543736
416747483,0.015860439250675467,3.2365928621514892,1.0E-6,0.06726805782242716
1576395300,0.05261534379423253,1.9306769216068895,1.0E-6,0.1953259339372929
237178974,1.0E-6,2.3865968248869063,0.010950422851623181,0.7075018783578926
434113701,1.0E-6,4.31424797783895,0.002354984642835685,1.232942884032473
1553062,0.025920099327145393,0.565542598010099,1.0E-6,0.025634144831515947
1691605549,9.628887733113126,6.316580096166124E-6,21.96739521854852,11.071554661911494
1032744242,1.0E-6,2.410868171977502,10.321718461530375,16.923127373033534
305293405,1.0E-6,0.5113634077695408,9.840954793394777,16.539241726021782
477795958,1.0E-6,4.164703570792479,13.324238674725736,0.019973576696400874
698951556,0.013903115976994687,1.0E-6,12.9344591994477,0.01546033895310628
1296293073,4.699132319962175,1.0E-6,2.0745696341347526,0.13951309773951903
532940651,1.0E-6,0.5155805304029845,6.792102031375061,0.04343744615905709
1409019759,1.0E-6,4.538024337117024,4.737302777578323,0.017983176387691407
288415648,9.224001474288592,1.3586839944867877,1.0E-6,0.02093186124720969
2196844247,1.0E-6,12.47279024747244,1.0176354592854473,0.019816255302088557
1083349321,1.0E-6,13.552623277145702,0.13474451248416608,0.026950829728898517
1869324,1.0E-6,2.2746245102665825,2.5264346424557127,0.02978616019223421
10217226,1.733806477417805,0.6590174090323585,1.0E-6,0.010195768494139371
1651870031,0.0759619873480673,1.0E-6,1.0340324537154981,0.01002380585673701
587003481,0.9954083152310186,2.8106915279449716,1.0E-6,0.02925011372929586
1568310191,0.533942430924622,2.2845612358669487,1.0E-6,0.3116103925519385
1706203427,1.0E-6,1.9277492835495889,0.1581912522840897,0.09767994490082783
14869619,0.057169100614242956,1.5307519930663627,1.0E-6,0.5820300313170501
317988743,1.0E-6,5.249434460446583,0.0018159485348279482,1.6548098641302502
798491561,0.05346866382586892,1.0451923377919996,1.0E-6,0.8418641796566273
1833036267,0.04947057549046363,0.794369407630637,1.0E-6,1.2783693783535557
1734853732,1.0E-6,4.565522524941771,0.003510804308329606,0.3932419387161276
217639909,1.0E-6,4.739639321801972,0.00635022154133305,0.5138249068080942
20049903,0.04737664900114627,1.7638844252854646,1.0E-6,0.21794105489516166
31283052,1.0E-6,2.183491359236498,0.010830846360058993,2.44977599964676
198442710,0.029663798975618577,3.0859700433736217,1.0E-6,0.016612856200011537
326759817,0.013484663094889212,4.237545596231138,1.0E-6,0.189148265571614
632452757,0.008593347573174133,3.134565571256367,1.0E-6,0.5709749935169024
44605115,0.041786904637884516,0.07149736427712963,1.0E-6,0.09265787853328232
8429742,0.007344773286713256,2.726567632884567,0.008663802877211954,1.0E-6
54793988,4.4000899717261765E-5,0.981285391914653,11.392448854063494,17.746300810522055
3429244,6.781650297470384,0.48733609474155076,5.5940789514193945,7.735722054833205
1481096959,2.2209057405631762,0.26410035671912013,4.071227371400629,1.9442838588098483
2641062,12.63944335063152,0.26514618333469353,1.0E-6,1.8854018317293888
1770922172,1.6290358737052237,2.3390479897997496,3.190916510505862,0.031767275434625895
536175077,10.548665493466174,1.0E-6,0.5760190376391457,0.013194969391911397
363140498,8.859514613887502E-6,3.5922437071202813,4.292929642038907,0.04644277571962088
203244119,0.033397767030023,1.0E-6,9.198789677205736,0.07106069462656203
421383221,1.0E-6,3.8367219255822205,1.9993792988044197,0.03306302226321632
13763185,1.0E-6,2.7343083396537566,1.651180378334572,0.023666884528438018
457199627,1.0E-6,9.88003343357701,0.26015135877137896,0.18131234837970814
1955404609,6.6734144777271664,5.822057025297163,1.0E-6,0.005982784041857231
399747591,0.2668049453782715,4.461534331265834,1.0E-6,0.42600490960703635
258055186,1.0E-6,1.0876784469908043,0.3090145064806516,0.6870418442384952
554792230,0.9128271051764567,0.012662341245100284,1.0E-6,0.11752338212034122
1443314383,1.0E-6,0.7543458503759367,0.23562230366557008,0.6236582730831692
530897843,1.439164885610328,4.009192423253233,1.0E-6,0.008334944788045948
23788064,0.4809655618571821,5.101293179281441,1.0E-6,0.0444280686581096
234122468,1.0E-6,1.2883724716392562,0.09161411893671367,1.313922771148383
32329455,0.0523285902787722,5.871888707959402,1.0E-6,0.36378801706878133
1482864011,0.05017431088101565,7.378460645626095,1.0E-6,0.11278025244686314
1573031,0.008875016810388396,2.068753282587548,1.0E-6,1.8168672868378455
308479058,1.0E-6,2.7233451715245245,0.011165663251862702,1.233711017599077
228131766,0.036268077066749164,2.0955814188395774,1.0E-6,0.4916719075811489
188294184,1.0E-6,2.4331493819337484,0.014232857712837268,1.6595140211149733
242298165,1.0E-6,3.1791704073357874,0.008184802843717604,0.14314517500968987
399496791,0.01126078232376067,2.5537405670851845,1.0E-6,0.14580933259422796
189380759,0.010406341832899348,3.8033303699441587,1.0E-6,0.05240409498143718
2049694412,10.158276448706413,5.156627966089913E-6,8.129037796960466,0.08457134568061961
1495967240,13.590427934107296,1.0E-6,2.345293969856882,0.029500420001770222
1016338314,0.011305619055553157,1.2355347503521636,3.9589712442304426,0.07071673196071682
976955592,9.124413847476218,1.0E-6,0.3627034660723404,0.005712627314483426
46879111,0.5772026119760449,1.1380623242050112,0.5892540606485874,1.0E-6
785790431,1.0E-6,0.8354253882756608,0.21294869295255595,1.051160242679419
602639885,1.0E-6,6.137281399186734,0.005644198288170686,0.10430792381067912
409147008,1.0E-6,0.747465826031755,0.04751052322697066,1.1990412896089107
325951115,0.09257432450206127,1.492367266460295,1.0E-6,0.13081278474997593
1171396364,0.021549751057579,3.9220514568051885,1.0E-6,0.2637758930196683
274978867,0.01107180035137187,3.1417559731907345,1.0E-6,3.334669768080065
1691535053,1.0E-6,0.792826510311131,0.03968773059615051,3.1454947087288256
1302497498,0.022376712437692892,4.846292014185841,1.0E-6,0.13897448261264347
416576311,0.00788038780425542,3.9929692068241867,1.0E-6,0.44381432719687164
1082428988,0.05329372675788606,1.0E-6,0.003230180794149711,0.18329436970510257
311231643,0.02303963330328789,1.0182244522530834,1.0E-6,0.10600891676284367
24693259,1.0E-6,1.902531350491524,0.007970603922442606,0.18337521579529412
1454352926,19.582307352658848,1.0E-6,3.946536038442507,2.484739895195795
1605254150,10.198998079881934,0.008610354533785423,11.886842177826985,16.504605666713516
422169964,10.474830740717426,5.089533910395777,1.0E-6,0.016810953467092455
35168079,0.4284227335088757,2.530628490468715,2.459191778052531,0.07457470036588151
193880636,0.9280621078454453,3.241708095001811E-6,7.655685264335533,0.033931285463343966
600642819,1.7587662038412424,9.425069262624524,1.0E-6,0.027991760342741152
208471870,1.0E-6,5.0117215781613265,2.4771724273055336,0.01902655387139627
1753558959,1.0E-6,6.253294852383246,4.349424622113474,0.01788116906872095
470262620,1.0E-6,6.728587105572481,0.7499401098444126,0.10246533084826316
1555906765,1.0349122329940894,1.6785422424785688,1.0E-6,0.0374469642678299
1507156742,1.0E-6,4.356597240491677,0.23361758790296852,0.0687627830679599
1484325420,1.0E-6,5.894110687850369,0.288738425736357,0.01425108436713595
557687018,1.2101214509986522,3.0187106938644748,1.0E-6,0.05227175237226472
557637002,1.0E-6,1.6156644109957803,0.1846214974639669,0.5286291374568701
1679620202,0.2777543498068687,3.961238355988522,1.0E-6,0.3729284322735557
360644987,0.48830940318025756,0.7424753600224889,1.0E-6,1.0252687607065345
3081667,0.11806787873266708,5.626532299455998,1.0E-6,0.2303358258995884
14226171,0.2936248567966999,0.7789474704844708,0.026398090366453998,1.0E-6
320887137,1.0E-6,1.1487143767271284,0.03045835351836784,2.0485833070307904
1520545325,0.08830162454171339,1.320978248685759,1.0E-6,0.1360916393966933
787034200,0.012575473786826963,3.7930066363985753,1.0E-6,0.8492223557323356
6878507,1.0E-6,5.8669637980955365,0.0013818485214730693,0.02682211671596387
200486085,0.05790094394823628,0.5718727824739603,1.0E-6,0.22130797067147134
975715980,0.010861500757316933,4.038523907057001,1.0E-6,0.29534203480502463
1086907885,0.018244691585125948,2.0760650356607333,1.0E-6,0.35819483484114073
1326449464,5.325266994755689,0.4564332235744608,7.840726384574013,26.129096097193116
855086,1.0E-6,0.890323895840941,9.005826181959176,8.797724142965388
600462354,1.4028937565476192E-4,2.997697710706205,7.3137133285239955,0.06622286477801846
1515586953,14.63418315232612,1.0E-6,4.355791614335058,0.04360768429858954
1818706836,6.894461701298414,0.6281680938217941,2.056947420371558,1.0E-6
4584966,5.2896865259632455E-6,7.9894912248089875,8.284533925626937,0.023394633151223684
565062187,9.098201913689435,0.18375242060048694,1.0E-6,0.015688586217622428
796936457,1.0E-6,4.5711698434412895,1.2341801523480507,0.023762374477292406
362626626,1.063147627865899,1.7877931617850793,1.0E-6,0.03373854424027661
1522027594,1.0E-6,7.339395625808412,0.21594084689520004,0.012948623722605057
224608307,0.6644888680822761,5.853834402561752,1.0E-6,0.3206388504908064
1659033973,1.0845323440569137,0.5010464580498941,1.0E-6,0.21167548164080044
607866507,1.0455184283478323,1.0874828290665168,1.0E-6,0.010365149376830425
1914530079,0.7245793855015038,1.380842980856539,1.0E-6,0.8925242203449476
1465362960,1.0E-6,3.0842571092383246,0.16532379607168093,0.042580270190734085
1532131743,1.0E-6,3.77590001447577,0.011606056150125567,0.920989366183864
4567477,1.0E-6,0.7810917199657421,0.008414778770183982,1.5614068620991512
28893179,7.613210265919865,1.0199140668095066,7.284065488376228,19.446350502853058
504504226,15.907619759998274,1.0E-6,0.830674258601622,0.026113757010197768
44111646,1.6320656034938956,0.47916315974900153,10.60326456319584,1.0E-6
1320835879,13.83624436357464,1.0E-6,1.0249323276061237,0.016210439692801497
1178430872,4.996198238714827,5.710867985241231,1.0E-6,0.5370319875082642
266954200,10.694704160497908,4.925166182142965,1.1175074441081982,2.058763613692921E-5
245980254,1.3001568344803671,1.379837060143905,1.0E-6,0.026332265556586604
1228619,1.1061223039462076,2.25185158612674,1.0E-6,0.028491939997384173
902199,0.5955646865729549,2.9230075427797035,1.0E-6,0.5399074562943271
5497777,1.640391855369146,6.507902208985445,1.0E-6,0.00179775283904223
1398219140,0.2405418594784444,6.083266171887973,1.0E-6,0.13253123096976746
7326258,1.0E-6,6.329502875413856,0.08657061347958825,0.06817186476718735
1389152936,1.0E-6,6.497806114239497,0.0017028210450159872,1.3469341638779397
12294825,0.6250101203908183,2.4156351771508127,1.0E-6,0.028801168604756122
37418852,0.4879396979695288,1.0E-6,0.0031216976738673774,0.12820989273290043
202233073,1.0E-6,4.2762179918249945,0.01733533907144061,0.9797024626665322
4277286,0.0011486328570838595,5.879165324487656,1.0E-6,0.30363339201823547
513777862,0.0592384753240981,2.8840395271724772,1.0E-6,0.13742432507515984
6339155,1.0E-6,1.2398489112690518,0.04753001532033872,0.02922023513609844
598953104,1.0E-6,3.8878722359679414,0.008393993423769985,0.6694090244893117
1036313865,0.04200111304481272,0.0058583395344043564,1.0E-6,0.3864847832157074
292541916,0.006527538755244042,4.0912735391598245,1.0E-6,0.4099939101143422
549914473,0.0378666800932416,0.6863037366084154,1.0E-6,0.051500584389957846
1507355199,4.440555005570409,0.5716205228063008,11.48663223560965,24.904669873748304
28249774,5.1208825221379515,0.6252599614281249,3.2900573544523515,3.1701213620195112
25969892,1.9043919635724354E-5,2.6295025628886743,5.658865908213471,0.03274721114632588
1153093183,1.0E-6,0.8135594163117779,6.362704099897646,0.2686039175281955
1649486146,1.0E-6,6.16229850368807,2.126465340826603,0.034069402083067704
422202887,8.609675300076751E-6,1.9676440137779982,4.482187482752487,0.05291594468618798
527605791,1.0E-6,12.239606735831172,0.2514568211100276,0.04960745991124226
1757730544,0.8733689462900881,4.256643485606605,0.017737256087207224,0.1496788300228495
278969024,0.5727495035806602,0.15604880172900432,1.0E-6,0.6376259413189599
56061555,0.6162160387341882,3.0014708241192025,1.0E-6,0.08357458280497561
3925743,1.0E-6,5.198033364646461,0.0152816737318863,0.773918513228894
239723074,0.05494228926846728,3.7914136880096287,1.0E-6,0.18240415476266097
267960956,0.017254685831302262,3.8713446568695242,1.0E-6,1.5446294210260934
661565659,0.01931067379571876,1.44501435708707,1.0E-6,0.8836105710491583
431007701,1.0E-6,2.9602557391566457,0.0038383942855815213,2.773613689701809
262061359,0.020142154694877814,1.501715866344769,1.0E-6,2.5786816091910776
1674727,1.0E-6,0.020570663364716028,0.006380029253282205,7.933315119300917
562986421,0.043081048460132255,0.6457009528297595,4.726804732485037,0.16067133964489352
307212206,1.6136078597978623E-5,3.2517602227209297,8.155742405756188,0.4449813636905231
329032009,3.831675868077429,0.3156441037685387,1.0E-6,0.008932247402593952
1499366709,1.4309518176716665,2.6243728457233586,1.0E-6,0.04441097947570342
1277491366,1.0E-6,5.26442989274272,0.6151032073083927,0.02261280153037099
315377927,1.0E-6,3.985676739990952,0.28115557717264994,0.31173570281229385
1400344254,1.3988218672312178,4.125017522233915,1.0E-6,0.023747082457652488
395692372,0.9576228527861638,1.4446720901778953,1.0E-6,0.06476290257578267
7251090,1.0E-6,3.6530521627711474,0.20743111310095314,0.07440681356402433
602163313,0.5571075972199975,2.322417852132029,1.0E-6,0.1500515138368001
976675492,0.4180955722378307,0.7940731432917429,1.0E-6,0.47229860182534406
528372598,1.0E-6,0.7881107546716503,0.10313035220586493,0.045426296878319124
1776159778,0.023165188326189804,3.092702433136858,1.0E-6,1.0119870965644298
2138705146,0.08404290550071487,0.951725849070923,1.0E-6,0.23256058177439567
1467334728,0.01470221440830206,4.598392722637134,1.0E-6,0.9831182265136946
905890985,1.0E-6,2.7780441609716053,0.01637236190273115,0.08369670001678646
1490671767,12.217242479148483,0.801721876780266,1.947153790426688,10.295013589516579
517406675,11.244573257824756,1.0E-6,2.8807033775986057,6.231190642960853
262385842,20.668720211371678,7.845275472397143E-6,4.135890482293233,0.08625611107770516
1627581574,16.893113011761294,0.4990191913185077,1.0E-6,1.0984056951109327
1293482,0.5962895102280723,0.5394434332852974,1.6624858699003282,1.0E-6
21142246,1.4413380359193129,0.6810312801992142,1.0E-6,0.05687012367785985
1175253,1.0E-6,3.4781986482172913,0.00778828961650167,0.05133120039895977
29574323,0.016685831349392843,3.0819036406326554,1.0E-6,0.16147756848363096
1677872605,1.0E-6,1.1159124202262343,8.420260535192794,1.447336830195244
315420407,17.83680107914007,1.0E-6,1.3355974042312095,0.4131392390456678
367792890,1.2217491088619294,1.4028829401142962,2.950547822938874,0.13468823137500635
18382607,4.102293803858658,1.5342141706202792,6.604141416032542,1.0E-6
252220691,2.463983399417476,2.6097452469555544,3.137774144359257,1.0E-6
1720320675,11.937567188165987,1.0E-6,0.10909335329330148,0.01628904319578069
596888605,1.0E-6,0.5369136957145411,6.741568023661269,0.2546529300398736
356916851,5.65985524366464,4.55793355484469,3.808962120623696E-5,0.02089063175406113
3398876,0.03987161579923407,3.96457166934212,3.808557159764226,0.036222465668344785
13889052,0.8995550771234155,0.6906876455579978,1.1855267858668626,1.0E-6
1522963042,4.081582855551455,1.946502800067422,5.048476029572637E-6,0.03321654365270956
536515954,1.2916279133592452,3.8924145800816716,1.0E-6,0.02491430069854353
1239547647,1.0E-6,3.9636664924229397,0.8830105142672592,0.027283411302329762
660530792,1.0E-6,5.555779784778602,0.06911064990077538,0.9092649219449196
13114092,1.2483233689371813,3.750620327957878,1.0E-6,0.024566514613996865
227342221,1.0E-6,2.8949398503965678,0.2607421645407231,0.143910186182756
490407155,0.7155755768226095,1.2444899829509464,1.0E-6,0.5677285365530274
1964604447,1.0E-6,5.002365133293487,0.35107545990163663,0.007985628482810437
145795748,1.0E-6,6.514581408930451,0.11445912375147248,0.08703532650692444
216469060,1.0E-6,2.418573828654897,0.03720549079592033,0.8794280584449118
1293951323,0.011756037342803762,5.96788320842225,1.0E-6,0.10373745831058978
234623250,1.0E-6,2.564924854750206,0.030818054865373853,2.5352309266220523
558684145,1.0E-6,2.4294914038613125,0.01161529628204855,1.9329448760139987
4623497,0.008980385415532765,1.6850037499629618,0.05309601830324133,0.06531064945369375
249061491,1.0E-6,4.1876736789299684,0.01975658458221288,0.5908940662682973
1702552003,0.005265914645390059,5.055238478237821,1.0E-6,0.4022579500095411
47525,12.710735547187252,8.57769808733799E-6,15.804682757973957,25.53396956559568
53960967,7.925299328139324E-6,0.9495793893666875,19.251034855590056,0.8053918260771576
183636049,4.715329096025084,0.2836237485066498,3.93140813023858,0.7241829190722869
1543676122,7.249732368260788,0.30530748646611083,7.434931987961899,0.07248823183274539
196778200,3.9690106814745425,0.8594785188990378,5.262396439992603,1.0E-6
400235601,3.3847561840168314,2.0365486978366762,3.9578725101031433,1.0E-6
263832221,1.0E-6,8.7218552085121,5.034370550970183,0.032178713145211015
883349757,0.001509048589135262,5.536059711534651,6.694550268616589,0.031055294200365652
1265783821,1.0E-6,2.755874917875341,1.8371806412046823,0.02670032599383191
449067455,3.800823599194219,4.599322670213666,1.0E-6,0.015953556901401073
31836700,1.3825194955862026,0.7647241000503111,0.3921166332218023,1.0E-6
207765407,1.0E-6,3.134298833781974,0.2725686937241111,0.6103901814225141
646795831,0.7157583966526612,6.485197186813664,0.018563012515600615,1.0E-6
1227476,1.2169559782199426,0.6812609570364849,1.0E-6,0.06464736150790333
466438858,0.019289007643008813,6.624021706800492,1.0E-6,0.045231958986632376
303310424,0.4407542209653907,0.8521330780426805,1.0E-6,0.03492140255126915
745141012,1.0E-6,5.38420236684657,0.0021832604923194793,1.1240869314344473
459486971,0.08197362210579551,0.162017439621995,1.0E-6,0.6445277322268601
1244851794,0.005456323338276744,5.731245035637719,1.0E-6,0.08908978035727869
930783860,0.011357498758045844,3.38790036835808,1.0E-6,0.5358640980376893
726342021,1.0E-6,2.086780194399559,0.024741618384283813,0.26598218120107037
295032399,17.752108096388934,0.46930763311538276,1.0E-6,6.2894791503414345
54194045,5.044438345481951,1.2143366220752247,0.39586498736638237,1.0E-6
349509147,1.0E-6,6.573569801376203,5.382086830487306,0.02187226425800293
28946283,1.0E-6,2.3912287354571427,4.095651019762378,0.03830888211083968
8615719,1.0E-6,3.0824277259433623,2.3451084942842733,0.12304828942446007
489759486,1.0E-6,3.1604054736817844,1.7588778540593752,0.0402415307928881
213089330,1.0E-6,7.069715348551795,1.8663658906140703,0.013434088680437502
316964053,1.256257136364099,0.7558169250431425,0.1218316905401146,1.0E-6
1027212419,3.1978695086604345,4.061892807006865,1.0E-6,0.014064040209178084
2316813039,0.9271943053028214,0.6847986729466564,1.0E-6,0.6672253582365093
205179636,1.0E-6,5.405361257457342,0.1342179773687584,0.05281200837816773
179649326,0.34460146701802835,1.3792287384317568,1.0E-6,0.7716279252527575
467702658,0.009357191663842378,3.8268410156141557,1.0E-6,0.5261219136684806
1172289835,1.0E-6,5.656178112915548,0.006413872564318507,0.245326328646435
1030664219,1.0E-6,4.439453720100866,0.014831064694033814,0.5786233524021914
468098413,1.0E-6,4.182815076173151,0.02972431485452812,0.0917126597598956
1466683017,1.0E-6,3.750107823415552,13.461812695270845,0.056572968458488866
1380723642,16.468103342670062,7.974057288184187,1.0E-6,0.01833152819217247
22628170,1.3798144997069692,0.8638617291386583,1.2027988050087977,1.0E-6
1435070648,1.1929733570274064,3.8363522900034615,1.0E-6,0.03241574281188805
357757604,1.1408085600354254,6.162598991946666,1.0E-6,0.02017979474062342
749668537,0.15771764049253967,8.425335722183059,1.0E-6,0.020812892393547323
905938824,0.19633318766322902,4.156055080961806,1.0E-6,0.23050853501879653
1473393,1.0E-6,4.624500099607761,0.021844127956665602,1.0653749962651387
1460711082,0.05693869050706253,1.0E-6,9.068349456537694E-4,0.5254248777899029
238380518,1.0E-6,2.8277955796883862,0.02188494594087707,0.4282870207865728
11743588,0.03315439248194418,1.1389900139912026,1.0E-6,0.6443543536976802
276603658,1.0E-6,1.6098461905613308,0.006820224057125889,1.4575324301774988
1557895756,2.344425471612284,1.0E-6,19.6355501840568,9.08109671929257
202670502,0.033989394749835866,0.33121850144055764,9.005932195974623,3.318803911127021
198854466,2.719514483741008,0.2790745176011053,6.832291749802399,1.0E-6
1929380441,15.351019875338336,2.8944273259383606,1.0E-6,0.014847357014976607
572377614,8.985150564747398,1.0E-6,0.221651047858192,0.007333515475096678
1359231784,0.7581596381193612,2.108953352221835,1.4370581716152373,0.031193820585907958
495379863,2.36327168247405,3.402350311129671,1.0E-6,0.011292288843985438
40366309,1.0E-6,7.145301389795935,7.14271262916625,0.005884933947667669
8907823,1.913968409683347,4.958053280714986,0.08199314563604523,1.0E-6
564835471,0.0012803918292435541,8.421949412560526,1.0E-6,0.032409643940952505
1988504894,0.8495372576710065,5.9625593104079435,1.0E-6,0.13104967370218212
643911676,0.049196179571003064,0.05409909310312002,1.0E-6,0.10357320708761068
425194107,16.68612792918161,0.28086148674330874,3.8768930162492126,1.0E-6
253454704,16.981515923838057,0.24369525205284837,0.9881849043922327,1.0E-6
963680216,12.39126516709771,8.812002358455644,1.8826193178039167E-5,0.027481783215682478
526751220,2.7733218068744232E-5,1.637795673909051,5.600131338613634,0.049674645010904066
362614946,1.0E-6,6.446083434176934,5.244646171046513,0.018171219563740088
605276364,2.4711936960733802,0.50396539931584,1.669150679736908,1.0E-6
1523737196,2.6104972895452705,0.5433076457866514,0.03803574445465571,1.0E-6
1499566990,2.923883906893636E-4,9.071683414347131,1.0E-6,0.03730164821843595
201037829,1.747377572242513,3.324212993592476,0.01733972428835381,1.0E-6
256497809,0.6663854811212906,2.265754458870472,1.0E-6,0.3712614378564905
6091652,1.0E-6,2.106019003969658,0.06583937398046237,0.7915995630946581
216662596,1.0E-6,2.6561226416235595,0.058266826692668666,0.5996068182040422
211895754,1.0E-6,4.229852116132272,0.02769249444500035,0.03629723523676937
218139189,17.062711062710648,0.2663669463685188,0.314478466559947,1.0E-6
2077774514,3.9166984305832044,0.5064947779798064,2.9817968015567167,0.29961008582154713
55995087,0.8819859763217788,0.4756993809092632,9.197464243878693,1.0E-6
222066767,13.8437036284641,3.6098786502140268,7.918698523059503E-6,0.04725657869693461
267621951,9.497074585465132,0.8768261715185186,1.0E-6,0.0430269432791562
177795215,1.0E-6,5.0361894746116755,3.302693768332938,0.021819403001274138
4562165,0.4613324670780653,1.5623477270006942,1.3905015353704981,1.0E-6
332326823,3.882839519789521,1.0E-6,0.0289943344751316,0.015007663118433691
1512211528,1.0559913363498832,0.6240871504762766,1.0010667629715637,1.0E-6
228667981,0.2935664455390064,0.9030362134580443,1.468082149993357,1.0E-6
271239922,0.5197285901416373,4.002356224455365,0.0238102643654304,0.19664705520964681
1501539660,1.0E-6,5.285858616555618,0.3189232259879877,0.0143699226501994
1513088920,0.7178100601240739,1.3786490311891186,1.0E-6,0.7668504985174438
1360848222,1.1096431659321842,1.2360532290102153,1.0E-6,0.0866495016498352
1538102375,0.4882325286941307,1.0E-6,0.13117633978030044,0.03496510604754116
864453698,0.7583389743024931,0.7910027490019349,1.0E-6,0.08221205566589536
1178456903,0.17887513777337416,6.0758917328601365,1.0E-6,0.041477708822664286
199158775,0.06894786793957984,2.5140152990215086,1.0E-6,0.0023799359406345352
870166,5.615408281012532,0.37529713744362964,7.690436839450232,1.0E-6
741575740,0.8975073652481471,0.4092260925045695,3.501663806536813,1.0E-6
2869768,1.7755829713603763,0.5423244478105258,5.370639660141364,1.0E-6
864009,1.069231402198811E-5,6.773882468179546,8.051953587398799,0.020463651186436692
1320005854,0.34548299749341077,1.6608435839431352,2.453401681259882,1.0E-6
240383262,1.0E-6,7.978679658505242,0.9409395636311692,0.016356080039780615
20362787,2.885553496518177,6.405983773960131,1.0E-6,0.003499324238864139
3384273,16.03657673935382,0.5885885064042918,2.8426528288990176,13.376241923108735
1297589,6.068644433403655,0.5362512146090559,7.705776409666026,1.0E-6
3868576,13.365347395343203,0.5320795620284846,2.171979662480101,1.0E-6
1505821325,6.751859925692906,0.6559108006622533,0.2286721984502634,1.0E-6
869170233,4.671586919261725,5.992962168823702,1.0E-6,0.26139337779639893
478494954,0.5166236210585612,2.3936235963427106,3.5539124744160966,1.0E-6
1056489708,0.2357397642370356,1.988569319437698,2.0121137136360616,1.0E-6
2805685,0.4053089222149022,1.233296245603052,1.9168763121221906,1.0E-6
457726539,0.44414347094008927,5.970792028222198,0.008458180543962029,1.0E-6
10792760,1.0E-6,1.0405119813971986,0.047621809988564884,3.4047217762803808
237513364,1.0E-6,4.832282634802249,0.0044782512176538445,1.1855215610912064
476132155,6.575884860950239E-6,4.466934377728092,0.014044124172514452,0.533199409713982
1430565170,10.845198270163614,1.0E-6,0.5887819943973729,0.011880818180969867
1198017,9.489675494861688,8.883390327880223,1.0E-6,0.002059656577696782
247538574,2.738020377467421E-5,8.218207728755184,3.2134341586376114,0.015212105157341506
561748977,1.5781285701916026,4.149633787076332,0.06213671259411045,1.0E-6
25485637,0.13690588973681692,1.5943997571925514,1.7776314706640877,1.0E-6
507532621,0.8495728407883439,1.0471530673561342,0.416061782388699,1.0E-6
188531337,0.27512930053219037,1.9194769557378917,0.508011182704483,1.0E-6
538891745,1.0628067836788855,2.286412626082476,1.0E-6,0.010457609906054773
309256667,0.2945644998380829,2.3902031706793267,0.24686312883302738,1.0E-6
1268586529,0.010232745711857187,5.187176576208739,1.0E-6,0.030086972775956608
205697930,1.0E-6,4.5914811975630485,0.0194605567106139,0.0051686864592221165
2493785,0.0063718137434117745,2.0774332896928662,1.0E-6,1.4743386219952546
1637893417,1.0E-6,1.4117123055473535,0.013816752981295914,1.1937018413214404
1225970901,20.520118268511585,1.0E-6,3.7923030802859565,8.532316255100069
42374887,0.05007328418284924,0.3037953013374786,9.416682297285265,21.59892349601298
1217669213,1.8879813389772615,0.33170640872900314,10.941491654611882,1.0E-6
249463098,4.72739966099782,0.3808543648193456,5.487009932090362,1.0E-6
186892618,4.67314371547971,0.8300941355359419,6.295786071871973,1.0E-6
3014331,0.08214749586869657,4.51505118812661,0.22850506265174486,1.0E-6
303982408,1.0E-6,3.694386601977093,0.47742671534531883,0.0057500993547436275
1325596464,19.02766114262466,0.7648109158508699,0.1813706985798772,1.0E-6
1351903609,0.016506808990677562,11.082751927070976,1.5571239153901613,1.0E-6
48805145,1.0E-6,9.75227555315297,1.0133027879627547,0.007882792837343522
373615074,1.0E-6,7.292648549053227,1.4436932367627326,0.02497053253795546
179192602,1.0E-6,6.464050929273416,1.2094467795061403,0.01417494636404251
1585494956,0.006119058187351475,8.640994981845173,0.638087240255856,1.0E-6
178448614,1.0E-6,4.034689724131414,1.3252681729127718,0.015837221048511752
11936494,0.735627765469403,0.8101262557477427,0.1590847939338883,1.0E-6
361863289,1.0E-6,4.626156922432824,0.01403827412537381,0.3374276443267084
310091193,12.97266228926371,0.05103352714591654,1.3464781426524783,1.0E-6
1198417,4.697674360455345,0.8558410112872545,1.1666999606774353,1.0E-6
794087,1.9102823012615913,0.5170310429156738,3.6541602833393454,1.0E-6
530770006,2.9295803891206487,4.5904122917384385,0.007919284238662463,1.0E-6
530899937,1.0E-6,3.6176937486382865,0.01225631567424049,1.4567595308474726
353020539,0.03776882496628036,1.9799182352217848,1.0E-6,0.07269204616335907
1515197396,13.382702740920207,0.2686738633696895,3.1965096352921183,1.0E-6
1217807468,4.214405036160319,2.773983131715329,1.895999245045899,1.0E-6
812059436,0.770924614074859,0.4466026623343294,3.0316203210617405,1.0E-6
711882506,1.8942303913620635,4.167116048683857,1.26993540422364,1.0E-6
233379621,0.017264243012001693,2.877043637263319,0.519879617803151,1.0E-6
642020385,0.7545145826082701,5.119461146321805,0.0160817555285446,1.0E-6
21413848,1.0E-6,2.0368499851777866,0.053708426807532524,0.2545192187970347
1517665571,2.258379833753702,0.36245731621903216,11.783884381835962,1.0E-6
250649733,11.958093909522772,0.2655913391862592,3.692070487742415,1.0E-6
1513962184,0.4038824151156494,0.45880012522364066,5.062219054265629,1.0E-6
1080490214,5.109864143361762,3.8812472188593747,1.481011175694367,1.0E-6
342135320,2.30270635562333,0.7357134317317696,0.011040539064381889,1.0E-6
406131785,1.5417664964175102,0.7144368591355582,0.028647488648456863,1.0E-6
415340009,1.7582437117220566,5.687290599608361,0.01771922326832693,1.0E-6
23640688,1.0E-6,1.1475045725683441,0.3008360134263053,0.3120069652823589
1557097025,1.0E-6,0.5507400127186544,0.21622066003746732,0.6863381440240756
300551308,0.6105738645283402,3.3700798227764794,0.028490277617213944,1.0E-6
1676477,1.0E-6,5.66887537252316,0.004855134343741449,1.57178545640686
185524037,6.123421981664454E-4,2.3471815047123035,0.020097989500820677,0.5159262290186096
197868268,0.0069098780480837275,4.648163517305437,0.007290034889949055,1.0E-6
637296152,22.92437713276072,0.2297711208892506,1.0E-6,4.630667937251515
1530338851,15.103983438983532,1.0E-6,0.06288219945529473,2.1868071479343807
2382136,2.818624448348469,0.4737366692146776,1.7441981871286705,1.0E-6
1068757954,1.370572129547388,0.7982285473290254,0.29116087942147556,1.0E-6
259362248,0.5292218208543618,1.2239785780367505,0.08154738711571437,1.0E-6
1968021964,0.027630134217806634,4.173636974379615,0.0028683481214568478,1.0E-6
257610297,2.1821128026903436,0.40966614396122536,16.81073296981383,1.0E-6
1347197698,2.910825132525767,0.4260278816472269,4.955624432455561,4.480799261707031
9539073,2.2464954939420343,1.0075591645956297,6.861087916559626,1.0E-6
1381400840,4.676818195991412,1.0924074223249363,0.3500532179528935,0.04898936946536955
744313691,7.179565244688918,0.6487334272316791,0.31845511315270675,1.0E-6
376424344,0.7021334107541939,3.9550973247767756,3.1832305249547392,1.0E-6
342018260,0.991030670693578,11.477596737135558,0.09830027903478342,1.0E-6
208265659,1.0E-6,1.706290294423857,2.938652972038678,0.06858674652676426
845519,0.22830600924267308,0.4071572285572537,1.218185141773085,1.0E-6
16262285,0.0653364730297018,3.033969249345341,0.31622721027489514,1.0E-6
1567992975,20.825808146788543,0.42493389500381545,1.0E-6,6.395750226493222
12906914,1.0E-6,0.2415097762846453,8.150579355984933,2.709289770441645
407092217,13.285526591700112,0.11077110439340981,0.6170771808227697,1.0E-6
979633571,3.7035698024312813,5.361866490251972,0.6670690963908883,1.0E-6
523025192,2.7826582449141015,1.0E-6,0.9053759866229,0.20451199181334623
752099318,1.3641745454922138,0.8521295658385193,0.6264569110600549,1.0E-6
322100534,1.2363885690920742,1.5325970593004956,0.1589389629799397,1.0E-6
1661597304,2.2023690259512656,6.895655500813376,0.016952567097017097,1.0E-6
1721619967,1.0E-6,2.873794114294296,0.021463279866909095,0.5900016862337584
1788508,5.6498833972636655,1.2276680899452792,3.5225366802714695,1.0E-6
33747063,0.9264214798209159,0.3098985828067655,5.551833782474339,1.0E-6
208808122,0.28994691934195416,0.8162054024763356,4.537172204605737,1.0E-6
26795042,0.45350377659694957,0.7790493427977696,2.85550114944558,1.0E-6
192231307,0.027702661545990725,2.0822346941836942,3.405568854007304,1.0E-6
535887615,5.862116977491067,5.073380244145848,0.014882911964619973,1.0E-6
241421428,1.785399243686486,3.0030029721894214,0.15517148457940727,1.0E-6
235476465,1.0E-6,3.0380392801260188,0.04644036621864535,0.24959608622653162
271156627,0.0030213556589462173,5.1336812957307565,0.018712073749274662,1.0E-6
582416280,6.022629062715333,0.9317944406897565,12.328062736772628,1.0E-6
382170702,9.111450625685155,0.34706754426878944,0.3404659241538057,1.0E-6
175485485,5.6393039098389375,2.051268701160402,1.7108382670418927,1.0E-6
1484014000,0.04557648799608434,3.801113771779099,2.744592788352258,1.0E-6
1119840252,1.178968313074866,1.0E-6,0.013360793174021083,0.1192839508299827
200888797,1.0E-6,6.415712249145069,0.02859744480259469,0.3095778643435879
831038,12.778574822204472,1.0557906795906253,6.827400930665347,32.32084847198516
37077380,5.868103829117826,0.47684870875240837,5.389706268161069,1.0E-6
467481116,12.048211870657116,4.897758584994187,0.08615807682168419,1.0E-6
224888618,0.6816430735716638,0.3987197198705085,3.9591201241766254,1.0E-6
266084535,1.6684301816845735,0.4490068980952405,5.619301156821509,1.0E-6
363087494,1.0E-6,0.8738496877311461,3.0055320665826577,0.04458452424837298
335036925,0.660664774455618,4.59469802463518,0.03375622078571146,1.0E-6
1528450183,0.08268244756316714,8.249952228169306,0.01901699392663475,1.0E-6
1038393,1.0E-6,2.146238956439704,0.035812438961597665,0.3059331864813551
460386136,6.289603399918448,1.504209041644587,12.319276944249115,1.0E-6
471877964,8.535992360885116,0.34209149305623865,9.386295884726128,1.0E-6
267653965,3.791318130263369,0.43729173421338774,5.213635208102961,5.252685171972949
50844490,6.886833979195325,0.28865094224377974,9.393420857398059,1.0E-6
26926343,0.5416534639270955,1.0863384794359585,0.04751090376042005,1.0E-6
1991366,0.006377014736994713,4.9121941312631705,0.02265065494568347,1.0E-6
372958001,16.11970508107729,0.2725775775197576,0.07613479831082996,3.8757951773903354
224984506,2.240712921080771,0.7478228420921244,4.2849674286135615,1.0E-6
30412871,0.5518589562390053,0.8954732469706186,2.9193465443278432,1.0E-6
239380550,0.13287217576518898,1.0E-6,2.6686609765429297,0.20762402701703683
23732334,1.0E-6,4.553661638631067,0.009912812066363063,0.5666694126975899
976262961,8.550879167955227,0.24190507236028236,0.5260729490119511,1.0E-6
44272785,3.624080121729145,0.434581616987948,4.381736038881012,1.0E-6
5175130,1.0E-6,5.559375708744723,0.9760891406767244,0.005509734693578871
1465001512,0.015202575349500811,5.263664929407213,0.010379612122769168,1.0E-6
359509471,5.674659841470478E-6,5.483195436381554,20.189899699859236,0.047512992001288605
43373288,2.539465881935267,1.4990281445738494,4.1658362559498014,1.0E-6
769582,2.387396824373618,0.9997968035037136,1.7137957516147124,1.0E-6
1484212212,1.5128084784430837,0.6586897667458993,4.965560770507898,1.0E-6
16838282,1.0085053091230479E-4,4.057033504026847,0.28346064582107344,1.0E-6
366564420,14.380291801662983,0.5223807439498858,4.75950662189554,1.0E-6
856125062,1.8199153244398443,0.31012614534682625,5.447432356601048,1.0E-6
1477732293,0.8889401281752316,1.2373261980208394,6.237137507840098,1.0E-6
778228762,4.592113632192341,1.7250385948820435,0.1195756073375427,1.0E-6
495410610,1.4347784838414872,4.32002148464212,2.486796792332508,1.0E-6
2061161,9.128866265687298,0.4395820885616017,5.797328260159677,1.0E-6
635537849,9.948106409342918,0.35946366413848857,2.2514194651505703,1.0E-6
9688438,1.0E-6,3.222953516914589,0.15821035606351555,0.3801669040503099
2076190,1.1370794780331885,0.829342109147358,3.4710902415696068,1.0E-6
387804605,3.992840563602165,2.609351833492764,1.6982373896272092,1.0E-6
299889819,2.434411743186782,0.7528096013688264,0.4252104917531201,1.0E-6
526363172,1.0E-6,6.4529775290314735,0.1715883862353355,0.004959660359768849
341934645,17.285713881810583,0.40476920481220224,1.44839088903769,1.0E-6
12462327,2.1134657517740867,2.9349120988106865,4.34485906381523,1.0E-6
1392836448,9.926762257619583,0.5093537626332186,0.5062970775614204,1.0E-6
1066901,1.4959058054625851,0.5304341277125235,7.585939526706667,1.0E-6
527909974,8.717741171207754,0.2597563400439417,0.7876674162829108,1.0E-6
781876,7.026815574685043,0.01102080117614031,0.5380452236559318,0.5293441558932142
242343983,0.18108042067708696,3.5007473796381965,2.0086245030219656,1.0E-6
42050086,0.4399445828991106,3.4626486477669878,0.059732222249519615,1.0E-6
208695603,0.029677484295862942,1.3494068775851016,0.25094233938602767,1.0E-6
1603709979,0.01314154164622579,4.824334724259009,0.008025376341616335,1.0E-6
12823531,10.310687198734595,0.3481854214357792,7.0223474677750355,1.0E-6
2479803,7.235777763608799,2.2852824654693795,2.5887153366252313,1.0E-6
240442515,0.28394409563909595,1.167301897067731,3.65061343908304,1.0E-6
269922335,0.03922362486619434,0.6600440901446908,2.2041642474125696,1.0E-6
1215437540,1.5871831837194774,4.3954997980888395,0.01472201033918361,1.0E-6
196677619,0.03364142378610381,5.470734626842999,0.009946015725636295,1.0E-6
211739830,0.007690063672075063,5.403279135391546,0.004015827620858991,1.0E-6
309194749,1.0E-6,3.215090133106159,0.01610877302995985,0.7850225773275115
1424701184,3.9610274415718036,0.2897153846059869,3.1261836040676103,1.0E-6
78648,1.0435828908252778,0.3188389243636573,6.60015557771807,1.0E-6
343614888,10.592993809339,0.020719283553260557,0.2676677086791406,1.0E-6
206367606,0.6115582425087253,3.5095153861841704,1.2567215749550196,1.0E-6
329678610,17.17019800288276,0.34467819932619287,5.550442353425936,1.0E-6
22440645,0.7094080186964116,0.4559012188066757,4.329651598193377,1.0E-6
29859151,1.021926885601555,1.1409169133972916,4.890636446513371,1.0E-6
788005,1.0E-6,1.9012373779222094,0.0518234845177615,0.45518909249417366
23461186,0.01256525022144853,3.5332644212770825,0.028290839101261067,1.0E-6
13059005,11.993314021889457,0.2722886568190874,4.893352433506723,1.0E-6
251584954,0.1508319532149787,0.31122192422030265,2.5705170084323545,1.0E-6
248522344,0.13048796584550248,4.008491299764094,1.5896996349198274,1.0E-6
544012526,53.9864537237786,0.8747139571733806,1.0E-6,1.0E-6
345586825,4.553772205548501,0.9196047887336221,8.913677711246764,14.260536311742445
18854090,14.422833173884099,0.30053347121829266,0.42846540434517366,1.0E-6
1449596183,5.254392020898226,1.0E-6,18.504969108978177,0.9272416692804741
526172948,14.092171626607646,1.0E-6,0.6882940681681712,0.005527287982226629
211165873,1.9952876604356882,1.8486450517219566,5.7367518731068134,1.0E-6
24958698,0.3994364954530595,2.537161170821099,2.4537682150584317,1.0E-6
9456650,0.3683207171143823,1.4784721784677073,1.9979404015238074,1.0E-6
39609231,0.2274409250823931,0.7007559962654663,1.0936392967717288,1.0E-6
47783190,1.1349711363929516,1.4415704279135797,0.07501645459154771,1.0E-6
218496931,0.010769275932510303,4.984777236919186,0.013528683555862587,1.0E-6
2602391,1.5156213842334016,0.2644465076412261,14.190364910157575,1.0E-6
1340118021,8.418651439439188,0.4696826671814789,6.337335283609166,1.0E-6
297317271,0.5436350092595477,0.7497742940021607,2.724811518485164,1.0E-6
276862452,2.283615405912028,1.3926520799854805,0.06153225364431457,1.0E-6
1105797835,0.08308656323602832,1.4432863127947453,0.9384913958999854,1.0E-6
8829552,0.014722107846017903,3.1556380032837748,0.012857713663836503,1.0E-6
273275256,1.9227158894737506,0.32116247563397965,11.864012472024257,1.0E-6
4270959,13.041467897471238,0.273411533831148,0.3764580793643646,4.3153460465041125
23626351,4.021914723179536,0.3601598445785043,7.675061885522674,1.0E-6
2308135,0.24507210291976472,0.5812594468296334,3.626321324747993,0.09807553612474881
233986127,0.9807453287629101,0.8024357168612549,8.032245193845933,1.0E-6
976963157,4.307583989770957,4.880861882823391,1.0572861840946723,1.0E-6
497665067,0.654868958052421,4.50799629750402,0.07882818728446203,1.0E-6
187634975,12.558471090274555,1.1158578624153095,1.0E-6,0.085383582168809
208367668,2.04814663370425,2.549672780450479,0.08045507429852534,1.0E-6
258102864,0.05177925350460734,2.5127678218440157,0.004715387775886202,1.0E-6
3890255,0.05440301949106934,5.444539537909319,2.285931448747947,1.0E-6
1358376686,0.23476459458238522,8.902838168552083,0.04216733582212052,1.0E-6
29950685,0.28250530796985135,5.442374935039402,0.013193194944973532,1.0E-6
218585478,0.40887119439649744,0.32991231906339546,7.224801044967085,1.0E-6
1370119083,19.136017542403646,1.0E-6,0.8880156220818392,3.830146711368174
21420093,1.783853573450091,4.028832272715593,1.9625897914624368,1.0E-6
12152779,0.6611572229733276,1.6058364205351503,0.6661650945209975,1.0E-6
337358922,0.16028240311220032,7.098110662747885,0.39468012163701155,1.0E-6
447587670,0.22278217497182562,0.6744635007376978,0.9632863361247781,1.0E-6
178043101,0.06831797944998955,0.8585414406742633,8.059052769113709,0.033835037893443345
5755715,0.17211485618180386,1.0083368598893336,2.6629547337953006,1.0E-6
1387411024,18.695479635563753,0.4947936916474199,0.4162807694199433,1.0E-6
176016306,6.805989452749702,0.40890047950439373,4.548217365878353,1.0E-6
3044909,1.0279603535298623,0.4840628377532775,2.3698803448762478,1.0E-6
204847429,0.017438215183904274,3.6942324744648465,0.008115308868300777,1.0E-6
4360687,1.102369538743101,1.0E-6,0.027684549626256397,0.16308571453619447
1271707178,0.19679377483251684,5.5806529713889885,0.05838784735341292,1.0E-6
190439839,2.142370944732899,0.4514707692626141,6.299959144248729,10.849240558709376
187151842,1.6807740149018746,0.3923474953176119,19.69651455053669,1.0E-6
241151788,3.9356134915262095,0.2691035911012835,6.034049024891402,7.3953588368174845
4787785,4.113298186685956,0.32241658863715034,11.560354907720416,1.0E-6
10185510,0.9525340657661776,0.5936343350209226,2.648257224549711,1.0E-6
31633728,0.09969346914523344,0.7587235942033875,2.086898395926091,1.0E-6
10004059,1.5557514644324815,4.449077384262271,1.6730363472771241,1.0E-6
3373974,0.29786486516870786,2.041441255621237,1.1695148337405221,1.0E-6
273114450,1.0345223226571945,5.367560663578192,0.04856770726149349,1.0E-6
3879158,0.6486020490934922,2.3206894799969215,0.2316829905850055,1.0E-6
628103579,6.449763113438288,2.162505346535,6.73419787204786,1.0E-6
192121043,7.824473603993803,0.5305877582956406,10.024754803899233,8.00476994750153
1312221,1.1747771821681932,0.32556882714581914,4.237496790359695,1.0E-6
145308730,3.157549413902311,0.436772643972449,4.048242775624207,1.0E-6
646862038,0.5713173113890718,1.9192272633800156,1.1827011587074947,1.0E-6
294631191,0.009577114287560884,2.386758939746332,0.014821121947270297,1.0E-6
8946560,0.6188701091028884,1.5344756262698886,0.02838535488945547,1.0E-6
198762295,0.12517090531755892,0.28786256164543644,13.51102548426826,1.0E-6
2007924,0.329603534949296,0.9633321403488377,5.159379450478362,1.0E-6
1683745,0.5063265072785659,2.5128318670317626,2.620683314686757,1.0E-6
230727846,0.1766856454352102,0.5369419156737063,3.2634044164633833,1.0E-6
217782915,0.09643558995352641,0.6541127554232257,2.590628652077279,1.0E-6
31768160,19.00194699625541,0.5359167248908943,0.7735789377990364,8.891329083680693
237776406,6.009950160535801,1.9930410979534467,3.2203509132240558,1.0E-6
224336487,0.2548046029881434,1.2652727522253246,3.6793753952260277,1.0E-6
331302998,13.474881535768251,0.3097929102203568,3.2210881974922247,1.0E-6
407307136,16.208394283860695,0.3268829530041583,1.452322654679792,1.2869877181229552
870445759,1.5582743252872773,0.46262320881495794,4.846093869752509,1.0E-6
2708917,0.06686891434840639,0.605446671196161,2.701538449934769,1.0E-6
287869909,1.2201690561238276,0.5521269605947822,0.030484911377459286,1.0E-6
509995308,0.9886445145399463,0.6755020745464249,0.18078113084460945,1.0E-6
367160963,0.08446329767192769,3.4628251350629036,0.11032457919088666,1.0E-6
5361039,0.024590173266682017,2.3929484387210493,0.0669993382372427,1.0E-6
41357433,9.490711384801122,1.121625641580628,9.449810629200403,19.896176395554654
1551389,0.15861006270749164,2.573162013314031,25.463749036420634,1.0E-6
5977929,1.4713052352292588,0.8963850990678192,4.0210978058292355,1.0E-6
2537473,0.21153087469571008,2.0332566439180213,1.8033532681204438,1.0E-6
16065847,1.8638572858283275,5.129488786899199,0.018220792122079037,1.0E-6
326739637,0.7641928261843277,0.8117968739958109,10.928589371932963,1.0E-6
27543924,0.42081423963165504,1.0694710999566521,1.0392601512289883,1.0E-6
41987900,0.01726768294056368,2.9156961178612297,0.020360653175373392,1.0E-6
856855,0.045164242456238526,1.347200966063223,0.006555995292968921,1.0E-6
41373987,0.8539984383869096,0.2674075781284742,4.671158175517303,1.0E-6
1075272,9.862807103420675,3.378542293810992E-5,0.7056978061726831,1.0E-6
252976899,0.3618105919419532,0.6323037756470636,2.768684305649317,1.0E-6
1064366,1.0427025082196943,0.8651986699076483,0.7904167257459235,1.0E-6
1113090,0.059643903122045254,4.467747982312602,1.2550143065281396,1.0E-6
179360669,8.643204063978185,1.3036249460414038,1.770086102902653,1.965680715838594
10820607,0.8852930809285086,1.4110140311147445,3.5831173898455098,1.0E-6
583684651,0.2788647749100562,0.6541367257010008,3.519683734935437,1.0E-6
335965077,0.08821870703159196,3.7626368874896925,0.14456319160866335,1.0E-6
777821651,8.923462454665762,0.849657160133457,0.13249247886931598,1.0E-6
320498757,0.14229125590848998,3.0441972930918477,1.8935032113531909,1.0E-6
610571830,0.1409736986495344,0.5691587829465875,4.300724246659806,1.0E-6
15977721,9.391901679492737,0.270147729690075,4.786720340786409,1.0E-6
1476954,2.294179917832535,0.46135191946432563,7.869170211226106,1.0E-6
35720927,1.3595701934179256,0.8215207156860055,4.2745331521253656,1.0E-6
15597699,1.718362227408407,0.6459735619099435,4.830124770762746,1.0E-6
26958503,0.8893009466811268,0.43424167428136295,3.4616161254542264,1.0E-6
630230818,0.00930407841932347,3.96114208248669,0.008785598749668305,1.0E-6
2226095,0.14958221459692891,0.6099021788493235,2.160229183780779,1.0E-6
2188824,3.509523335982885,0.3709930431952628,5.751287136178036,1.0E-6
3830537,0.5952212898414249,0.4516557445018904,2.5489895286486903,1.0E-6
6360082,12.733014288083577,0.28584166483191725,5.548023015038317,1.0E-6
4130384,9.850982954368748,0.2926019635726141,2.495731214785718,1.0E-6
248508947,2.8234598802417294,0.8740943559681122,0.7840811755113948,1.0E-6
845529,0.32668063379718376,2.05864076208671,1.8289306806523697,1.0E-6
231949310,1.151644936335244,1.7691218298731861,0.1815165408387643,1.0E-6
1445709739,0.24726076815488787,6.749260851003661,0.015964013561871042,1.0E-6
54051005,0.625614258551497,0.537472204428115,2.541917401731521,1.0E-6
363956201,0.6456826344974044,1.8658083490455435,0.8077192294174682,1.0E-6
626589315,0.7700779686793007,6.386354219754621,0.051170355963108385,1.0E-6
217728319,1.3423355337818812,1.3407409610763916,2.1806472213900205,1.0E-6
174332982,7.819439976847537,0.4481037296122601,0.08261640390733252,1.0E-6
43221060,1.3361996020529003,0.8082943841614116,6.715391796296833,1.0E-6
27622521,4.180426851441719,0.5761997737457311,1.0792821216163322,1.0E-6
958642,0.5242512792222663,3.747106583937928,0.6892561135725608,1.0E-6
3112656,16.696629422460255,0.5793396682328905,0.4907471687420774,4.948745705820758
247605893,17.20929470358858,1.012307713598782,1.3088570809297255,1.0E-6
54815032,5.1801483200514555,0.34415057003700067,3.5250389044817854,1.0E-6
43958828,0.540922517605372,10.260126189076834,0.09395632595564822,1.0E-6
1649828,11.939212141356068,0.1944381145707263,1.990559201302082,1.0E-6
22171095,1.4678346428992977,0.3977871449871934,6.934291939250914,1.0E-6
316731281,0.4059596007650395,0.9282045015399295,2.5055300641818468,1.0E-6
1000179911,0.3585096336707217,1.6271074788079964,2.4871481178034447,1.0E-6
25424715,0.35712240030694636,0.6771736320089636,1.9053934453767847,1.0E-6
9685103,0.14456730062125198,0.6514797021902908,0.9161908170627845,1.0E-6
3037457,9.007249370032302,1.59487804568718,9.999506996204971,13.286904295651322
186019852,1.4820285163468965,0.26140443394475393,5.732521008176329,1.0E-6
255457057,8.930883317301502,0.43731348771668627,0.2437804823940058,1.0E-6
348630381,0.7289964970663064,0.8146177757220172,5.876857224371389,1.0E-6
1324153,0.08012288645098853,1.6305907234091495,1.8322339056509849,1.0E-6
52858265,0.00991673128161841,4.446979866517931,0.015468625667655054,1.0E-6
1371898,1.0753881307282722,0.4049667162258798,6.080152830487299,1.0E-6
1097118847,22.45754876909435,2.5891207059427344,5.578121942343682,25.76988679714297
3523523,2.8761379362396573,0.4144500622334963,3.1325377611108656,1.0E-6
2064315,0.6146199784312603,0.7973866206820267,0.1861169111961523,1.0E-6
3300887,0.8879686916657183,0.7422929792939968,0.14599017137171758,1.0E-6
5057456,4.1478433439267395,0.3912963718745085,0.41017907088363603,1.0E-6
4587001,1.6523343010289664,0.41549094589565233,2.7129133445561044,1.0E-6
3117840,25.360363483977892,0.00978204154468495,2.6252327816834824,13.564584616161188
450292261,6.48077461816275,0.2860741899408109,5.490371538139339,1.0E-6
1508932219,6.47331733798145,1.8171376465808033,3.8463879667212515,1.0E-6
2196457,0.40079484557525813,0.5171104107808044,2.6159687717664144,1.0E-6
45966580,0.07570594103254151,0.6914352660177718,1.5584705439102993,1.0E-6
89692,3.5164547680286096,0.44227056493213857,3.772486304525737,1.0E-6
222815744,6.849621060733233,0.3532905445967734,1.7756314728085367,1.0E-6
176925601,0.998389294113208,0.6887085954876841,1.608825479423024,1.0E-6
35127351,0.39183274197765483,0.4367173856475289,2.822705964923783,1.0E-6
781429,14.567374155868858,0.24184668041078855,3.7403339827877744,1.0E-6
189778250,4.886280162922541,0.3904438780091162,0.6320318075280468,1.0E-6
349467985,10.407573317426928,0.28409081939524056,2.981800936561346,8.62699417028891
990644,11.622965786902364,0.24155588560276037,0.5212081364039014,1.0E-6
301613458,21.60298814455618,3.6979915566634515E-6,6.320827007935258,12.224730330439385
868058015,10.67186505842238,1.4977162307359397,0.9431006542296319,1.0E-6
190136173,2.4191678435052966,0.5524584380228006,0.23370202027121903,1.0E-6
27431896,0.08442863726282224,0.6875542706140013,1.0819573983298252,1.0E-6
1333203523,7.576298473521565,0.18441242495589638,2.166336442653055,1.0E-6
200449325,0.8269824261567118,0.31231520628143555,7.207472801851777,6.259701593516623
12843885,2.322312270411559,0.282123918691334,4.5143867115380045,1.0E-6
242708369,0.20847406760478504,0.7709588219621554,1.263184576674045,1.0E-6
389492388,2.6688609946229724,0.9886540288651131,17.600087145122934,16.80361970991855
4268403,13.036011233021982,0.460018330825012,1.6751159348919855,1.0E-6
20850451,22.839653848549098,0.9451724543335108,5.432024379401001,18.909480105640817
2490353,4.592476084639094,0.27647216328020535,6.4410948989907535,1.0E-6
6308389,0.8608905407280072,0.596881624576412,3.905119538509121,1.0E-6
1898141,0.672749779649345,0.8150637185568386,0.05685921809562349,1.0E-6
181896432,0.7621742276613503,1.052078205553375,9.74895757309268,1.0E-6
12752931,0.6882138258312086,0.5077689793038366,3.9580826192254523,1.0E-6
1113921,18.727098098926113,0.29306177174464926,1.833939621969566,1.0E-6
145714741,0.7718045757442923,0.46482865196559237,4.2800190263355935,1.0E-6
1676784,0.3236557811471387,1.2387075424361913,2.3635489125954483,1.0E-6
1444451,12.439086598614972,0.7493057710428633,5.561626358310027,8.084257805054428
1213941,15.784840539961637,0.5167422923254699,4.35868475652171,9.824100555558209
1371467,0.7262664919410566,0.8097211024659615,0.054814332026170594,1.0E-6
4487106,0.11186613044039707,0.7065427512956445,1.5665220241092963,1.0E-6
289020041,29.16207451311837,1.0E-6,0.11311114467376399,4.574378037417365
3135225,1.5178775155761164,0.8572356812307762,12.498655733271857,1.0E-6
2692900,7.036846471278462,0.700963307292889,0.9634919445838231,1.0E-6
185416714,6.31134279210657,0.7347285817091869,0.07908846664773815,1.0E-6
815942819,10.904681870305142,0.34515161214316337,3.4360339356031813,10.354511413162019
23876446,0.310256918666133,0.9751288227201665,1.8460728370861534,1.0E-6
1090055,40.02849901440774,0.49701205784850844,3.1869545337141103,1.0E-6
