1469609400,1.3332932874297745E-6,0.4877222587802275,1.1019650596972426,5.0634173460599206
1262742,1.5140174077658173E-6,6.255940213254541,2.7254275566005267E-5,2.5400218518598528E-5
431904090,2.6207598423910587E-4,4.086144333859615,6.27775093366889,1.3331887551472755E-6
13299395,4.413406309641762,4.350882993019098,1.099215657080748,1.3333103359846086E-6
467814133,0.40591682201172163,5.303768184653192,2.3518364700924024,1.3333301090372452E-6
1114970510,0.6939428669590211,4.788293488669282,4.2390747557323987E-4,1.3351782000619254E-6
546998530,4.796579444827358,0.0016507377119432396,0.0024398661341684105,1.3328321985493674E-6
1971402599,4.159732013306094E-4,5.564897998277296,2.4382000047719172E-4,1.3326765851975874E-6
267906357,5.52576822312206,4.11119070130251,9.316388443645157E-4,1.3332699799450866E-6
1676703,0.00522532120078892,4.111808739706078,3.045426753956768,1.3332971589377818E-6
1542462653,0.34767907409224724,0.00577268091916347,1.3333751273316112E-6,5.392785696780274
385182586,0.003125339666053914,0.006262524644015404,4.395439986254324,1.3311663330157178E-6
1354076618,1.3333335140348919E-6,3.377959646821876,0.22527860946030512,2.7429317422859536
1827621887,0.4061091077408607,5.0146096664413715,1.3333321342507352E-6,1.333332378097233E-6
15318279,6.221520733529469E-4,5.602479400325412,1.3338132532116716E-6,1.3333381791419095E-6
1112056,3.368477439689438,3.0692332178210613,3.482420013680634,1.33333492842302E-6
2183178290,4.111294398538617,3.881982111790732,1.3333269534505047E-6,4.816664883125847
1551859751,5.352220815479225,1.333334334490332E-6,1.3333320961168914E-6,4.1112361400593835
1714328,1.3333246364213858E-6,3.057223318232913,2.022004046655083,1.9903917648579275
962785815,2.3675637673304729E-4,4.710368470419448,1.3344366973699716E-6,0.0014270488776691082
24211166,1.3333325316740129E-6,3.0484333772893657,1.3334807014651206E-6,9.460702151685629E-4
221758078,2.3980260453557545,6.5931753265462145,1.3333329172518151E-6,3.0909867956022774
1088969,2.4860542658119886,3.0456724844069143,3.913179077629121,1.3333318898082208E-6
2516898,2.3987697775876233,4.357583960502855,3.1789282111140023,1.3333348617504866E-6
1406894013,4.1745710215973695,1.3333332751801928E-6,6.16770022220947,1.3333302348719493E-6
1537191,2.4859565582060434,4.383079390798316,1.4726968838635077E-4,1.3388699178416607E-6
2948999,9.273700721024894E-4,1.70538489259727,4.987663675730559,1.333588319281619E-6
15343745,4.505578124648123,5.084734661830015,1.3333233064159032E-6,5.017510593449692
15412975,4.112040780051653,3.0456859026322385,0.0017401516793688538,1.333056588017556E-6
1545775,3.7387747771616637,2.1605922622483966,3.629890561774999,1.3333335940331043E-6
1696627228,6.018834428932677,1.5187189340673218E-4,1.2274836571285526E-4,1.3431055635848662E-6
1480704938,3.7139516133320623,1.3387842961001375E-6,9.773289619127476E-5,5.303692289569966
278477371,5.403101299791742,0.0024169243680586196,1.3334117378220966E-6,2.3030023806825746
2031970835,3.15933857587253E-4,5.771733930593802,0.003239033793567468,1.336642167395571E-6
787724071,0.40632621006015734,4.705887630369871,1.3465979946539957E-6,7.708477360657963E-5
26913335,1.2248976741951656,4.28887596461996,1.4827286264661943,1.3333141837422763E-6
21751548,1.2535062314032435,4.856673391966358,1.3391199838640996E-6,1.9689439634407274E-4
61691,2.603335267984837,4.924268169856548,1.333333558473631E-6,0.6937882808504654
1456330238,1.3333205151978406E-6,3.6112754484548373,0.29101451048067506,0.12326692555737745
50474234,1.333336524662668E-6,4.564518761638487,5.7870665150077985,5.081574285104464
2645075,2.352245252270671,4.401493958731796,2.3987646606927497,1.3333364753058901E-6
1722971411,0.001871085514991265,4.395598991449432,1.335517628430532E-6,1.7949153737248843E-4
368237438,7.550287443064362E-4,4.710399738501091,1.3347457080291927E-6,1.333587956555891E-6
1394586531,4.569749181078789,1.333332088760178E-6,5.954747174523816,1.3333318750713959E-6
215014211,4.723682158783044,2.5058838573020554,1.3333028524217248E-6,0.2223208088741092
43580430,4.638358300984646,3.001412480267101,1.3333284395582855E-6,1.4822495644359197
264345969,0.048228563691242295,0.035789806070201595,1.3323831041884992E-6,8.523183487700306
25905206,3.069092322897226,3.278188060486871,3.8077186971299937,1.3333308073539946E-6
1335967334,7.545973705309564E-4,9.513079961877719E-4,5.082010321758233,1.3324034153030889E-6
1534227225,4.094769232516795,5.147920803621649,2.3809877767341846E-4,1.3326182818977576E-6
2015349687,4.630589718033571,3.3851216069704746,0.00159996273051487,1.3315536799421896E-6
245568716,1.3333316698436368E-6,6.884066980337493,4.658803161540718,1.3333316348615214E-6
922892,1.3877442576494794E-6,5.0179195883361345,0.0012307659828435951,4.7845671639925925E-6
1485590798,0.40361642482814286,0.10202584744213038,7.48546706629309E-5,4.77705494271133
13429220,0.6938900531918172,2.3033287716190336,4.796534695651482,1.3333262210070212E-6
478780012,0.4062412903540569,4.945871937106665,7.148368750493931E-4,1.333794177007143E-6
1549937221,0.0020491813298349542,0.0036761967457470584,1.3372219201834118E-6,7.0741985216515255
216497038,4.894709198889208,3.2586801848553812,1.2533503950491118,1.3333346593945035E-6
30386835,1.3335440622505508E-6,5.301294606110511,5.262209472952265E-4,0.4059149159285396
31533162,4.640216256153081,3.8822086769781072,3.6547878314189083E-4,1.3323009503524483E-6
21552360,0.40602779369252634,5.139306681944523,1.3333320703669146E-6,1.3333283264194755E-6
282674163,1.3333307269668918E-6,5.303794331037593,1.3333295592131272E-6,1.3333320888145382E-6
253875188,2.9186447870522887,4.419716117048697,2.4432215406853617,1.3333336288237419E-6
1593757006,0.002974959244545636,2.565745345824704,4.235028562782155,1.3331636391739079E-6
1470941396,0.3232863460743883,3.7876067593572036,3.8782256936805375,1.333345086300951E-6
1227972770,0.0024766315254104066,3.7143619520764997,4.395241563678779,1.3325452795217632E-6
2063174114,1.335873723109906E-6,4.511907540734949,1.5779664268335047E-4,1.3274748943179626E-6
1263811512,3.7616856317573415,2.4428357071405307,5.001074098474622,1.333327950779521E-6
1427159752,2.565114209128306,6.378591332076533,1.3333311643134447E-6,1.3333321142879734E-6
287467149,2.2523009029249916,3.0455112046053774,3.9617972604681952,1.3333290052319319E-6
177274122,1.2539245990341579,4.30524065931264,1.7059040425384646,1.333346805036525E-6
328294485,4.949042669075993,0.007825498221807572,1.3334388426221634E-6,4.796084714526258
1177786565,1.3333301795402144E-6,6.908854308976978,1.3333322006144603E-6,1.333332210684466E-6
1375412714,7.117236465818596E-4,5.638701915315983,1.3442078147179516E-6,7.491968036636651E-5
1856554,2.2705774186127785,4.782488657240377,4.337788024949059,1.3333272635853782E-6
1943148216,1.9845706739800713E-4,4.616033014821467,0.0018234318368616786,1.3380499555794305E-6
54285677,1.5048066382183094,4.825044207363531,1.387018083477138,1.3333478840143793E-6
25839290,3.5414164906059E-5,4.383190289755158,0.6943195499757076,1.3032811819998679E-6
360608500,1.5041983091448756,1.3333404767622505E-6,3.905964649344322,3.865409676028478
1531968802,6.133606752209333,1.3333321551130104E-6,2.398102773178487,1.3333322929130753E-6
55153,1.3333351180018625E-6,4.824851093311608,0.4059242186849502,3.8506934900251686
232933340,0.9167169259315676,9.190612630729101E-5,5.436329311286446,1.3377458598247862E-6
1649781242,6.934646167672679E-4,6.176072988399507,1.331735889041593E-6,1.6203058677590563E-4
1386808,1.302353672098988E-6,4.710402569443627,2.6185928951528276E-4,8.808942770966293E-4
317303826,3.829515555927832,1.3333369260232546E-6,1.3333306332417121E-6,4.190529840606969
539308758,0.9124255011737034,2.0911969145367557,1.3333304060663671E-6,0.4582449632215394
8029226,3.4665368157008785,4.5006112046324676,2.004038482182378E-6,3.390067850077157E-5
419591776,6.463184348473202,1.8571800315093521E-4,1.3351700109532295E-6,1.3326655742807084E-6
42141295,4.682933825688844,2.565737341442339,0.6939297162236191,1.333338210028056E-6
1442509122,1.1647230306087637E-4,2.3988419878841194,4.511809473303978,1.3363293376108853E-6
686394932,0.001878191019550151,2.1981489646260273,4.533536297745055,1.3332319851578872E-6
33322378,1.328877901348276E-6,2.3987651857873664,4.615992507041711,4.8125008451918794E-4
14851693,3.5842797238979385,3.9519452133983157,1.609930422597369,1.333339643300827E-6
1422773575,4.818694468882383E-4,4.263836499063798,2.3990473453620726,1.3310279800692948E-6
2176671300,4.949277710093721,0.003495433703681143,1.3333120033972962E-6,3.7140877193715305
1476988950,0.0017567975154511575,4.3956109210246535,0.0011450630514008777,1.331068642744691E-6
5767799,6.38910477619588E-4,5.30379399206879,5.24723970410173E-5,1.3709350758063677E-6
25496,1.3365702521899077E-6,4.875157238137389,0.0014925498834464728,4.167221163214216E-4
25614620,6.849697571060106,3.481341173804371,1.9460112452843348,1.3333365552656572E-6
373669853,3.3008957448539586E-5,4.785524002487284,1.331636427513854E-6,1.1800081501024554E-4
1517348844,3.045004708500656,5.198981057052879,1.3284717476470268E-6,5.158103303591049E-4
358871966,0.2879145912379241,5.989194177347324,3.332437268467473,1.3333299711404065E-6
6239422,0.0030658164233800024,4.79657935244968,1.336453698480695E-6,7.313300454381005E-4
1153902371,1.7475538014183618E-4,6.758210168189224,1.3312531062304237E-6,1.3333074525714043E-6
18454432,1.3333320675328468E-6,6.1964923136925005,7.365861027335001,1.3333300163728296E-6
2126560010,1.1757349726574882,1.1749375686077594,5.208985875514954,1.3333306790371865E-6
793489,3.333048284872151,4.425708052293734,0.4063036206643875,1.3333295477568993E-6
1819997118,1.3333257372119476E-6,5.007944381601385,0.40611350181157374,0.6937950311160034
1491152429,4.79244148431832,0.4062385542949748,1.3351566279917649E-6,0.0015312547583743376
2245324,0.4062688206132505,4.788296488094421,0.40626866703480025,1.3333398980706873E-6
1278495445,1.3333291239877386E-6,1.0020521621055407,0.14662120954736152,5.144420400207258
577750387,6.438691085242447,4.460284300439293,1.3333325298775845E-6,1.3333320904996755E-6
621297654,4.511907066272528,0.011238836023215914,0.00727942890551864,1.3328843606705678E-6
1382916558,0.002063349504699242,0.0017811373616519574,5.638688628458826,1.3329995916280373E-6
192974291,4.575232251284905,4.425360372104004,1.3333402551258905E-6,0.9167788210661353
1331715096,4.2984391539990074,2.1412178334919885,2.7217589623925343E-4,1.333944596889042E-6
506234210,4.736785918010565E-5,5.525845395888033,1.3215725196166132E-6,1.333291176755297E-6
496776266,5.069447276020036,3.1360360134806453,1.3333342734177055E-6,1.3333328547619927E-6
221252982,4.261198828734825,3.929934521859607,1.3333320811224719E-6,1.3333251433990138E-6
9370272,3.79629414607636,4.304868900010666,1.5048816256770168,1.3333308689069444E-6
721435072,1.3333334898035724E-6,3.8715927951607725,5.318512230884724,1.3333458046934412E-6
789852986,5.13042754137849,2.5654693934608295,2.8904400783434767E-4,1.3363794402761029E-6
1543999939,2.398100925413177,2.398419271317845E-4,6.155064069207196,1.3391623914970382E-6
553038838,2.140530472194932,3.1991381157840095,5.193422443520826,1.3333328715001468E-6
232007553,3.6380272388628954E-4,4.616080603222479,3.7891773673301795E-5,1.3076213098724298E-6
1499377514,0.4063394049385609,4.705891230126791,1.3333422519440028E-6,1.3333320435228087E-6
280453972,1.3869808225155629,4.913345791380641,1.3333350225853946E-6,1.0992999330401665
2101001175,0.6934291500425227,0.40574688026287514,5.85678584732303,1.3333288364835256E-6
1106052273,0.0034637778760978496,3.903125912413714,3.482385854846522,1.3329889806569562E-6
1555268,0.6118334977220481,2.4262899011983543,1.3333435501980317E-6,0.7397374090785651
185147318,1.8341594153862364,2.081029374351843,3.846393520037378,1.3333338868499454E-6
473769076,6.255940561235765,2.5751239561676148E-5,1.1412227904723663E-4,1.325647338323978E-6
17504456,1.0988135756443278,4.860325658627593,1.3333314122475632E-6,1.3333321349673486E-6
35901338,4.770931640474231,5.649221500837009,1.3333325220069576E-6,1.3333322941440058E-6
499091330,9.300090283867592E-4,4.796593425351881,3.660863390720797E-4,1.3336778366092766E-6
489094581,0.9168211613067505,5.19071303750048,2.748979638151704E-4,1.3348313920351674E-6
430746774,3.7143757526967014,1.355796280470734E-4,1.3343173486520592E-6,4.395252964787992
698241691,0.001912571167368421,0.0022348607727218123,6.431487375676542,1.3339086813822466E-6
2047152,4.894203082133042,6.22959831725374,5.834912346869676,1.3333332358486497E-6
484426217,7.056261169276705,0.6932330845829637,1.3333322490113123E-6,1.333328405582219E-6
1649551881,5.525825305222842,2.398265517468831,1.2675242134589404E-4,1.3591116789565145E-6
1144469368,4.395632245311609,6.48856825966286E-4,2.3365374522530834E-4,1.331242833038249E-6
1326277,2.91790686239343,6.570318627076218,1.1129489263939642E-4,1.3332042142030586E-6
959837397,4.994438447432682,2.464464185807519,1.3333304392108657E-6,1.1792654287331175
3125808665,0.0014434342596832041,4.616076606460374,5.660431219457244E-5,1.3695455536799794E-6
392938880,2.708539026559691,4.449005222429134,4.630351642663099,1.3333295411812228E-6
38275398,3.4561569760553046,0.27568737404622595,0.012948750478220885,0.00709814199137666
246114379,0.0015565179249855596,3.04567243239625,4.112031165430798,1.3353498379423659E-6
1904819173,2.5433522862793367,4.7106237808929246,1.333317813522638E-6,1.7521078775720873
498198797,3.0447633918290293,5.968948678282029,1.33333347489373E-6,1.3333308954327175E-6
1218141950,3.7999542648070923,2.773315151299677,4.309290167579706,1.3333195140105204E-6
1271676860,3.6508106742512925,6.377729704383292,3.2582489913450425,1.3333186678068972E-6
1676453981,2.351782575149181,0.4058686258879768,5.442825887218943,1.33335055189727E-6
425079374,2.33770098298134E-4,4.511816773261287,1.3344029673414125E-6,2.398851966788391
1516785452,1.3334819137895757E-6,5.5648979788310555,4.8801290082347627E-4,1.333197670333005E-6
289565787,1.3333332078921833E-6,7.29342552048043,1.3333334146547386E-6,0.40553265987186504
1045930117,2.398326688821361,5.352294137330032,1.3333286834299984E-6,0.002915461452997007
1480533045,2.8335863583350602,1.4463597501265387E-4,5.501636393913577,1.391269492625676E-6
1000424281,3.434014339243032,8.20278351920839,1.3333240672673922E-6,1.333324669688425E-6
243496184,2.3986374661917615,3.0452648188034797,4.615863585524982,1.3333352278407408E-6
1364311150,2.4834953514144305,2.6734695076457946,5.37585675204651,1.333327628491171E-6
2968323592,2.485147348077801,5.799335749631798,4.111116383818427,1.333316610961915E-6
24513535,1.2537164920709014,0.6941005470099627,1.3333138403237119E-6,4.580809655574973
717886418,1.3333317636330372E-6,3.6110127417650686,6.922738705707502,1.3333432024395483E-6
853689,2.0155066341323717,5.040798504768544,0.003304651096217732,1.3335369796315272E-6
1490431958,4.174994944503482,4.56495603491353,0.6937539324405275,1.3333367375006661E-6
1169719950,3.157206533891757,5.921784642453175,4.460350869700157,1.3333310775360676E-6
261196906,1.3333321968813648E-6,5.638701982352482,2.888941958898987E-4,1.3343760161115228E-6
4331446,0.9168318003123804,5.1907168048572645,1.3339815129061356E-6,5.883828902174739E-4
8938946,3.6252644903502396,0.026213462412638597,1.3328904533707488E-6,3.8713507499285718
45925025,6.377724600496971,2.9445866384678454,1.333331561634911E-6,4.226981425658452
1491416138,3.913184475862848,3.4668925265618014,1.5187570608892322E-4,1.3380159894078542E-6
1401016,1.333328019053444E-6,5.24489564331818,0.6936442803887537,0.4059504148112842
2025788866,4.263722491019324,3.045563466482837,0.0033065027319250343,1.3334146450620222E-6
1654614889,0.288648270472284,2.539907778136721,4.474503963880506,1.3333219411915115E-6
229136978,1.3333315680645149E-6,5.994208604923731,1.3333322662729805E-6,1.3333322214249635E-6
1424109226,4.796586316574906,0.003652150655374102,4.8272841797416616E-4,1.3352185034349506E-6
1215887186,4.1028205326438645,1.333331360804124E-6,6.217780789679582,1.3333320684101563E-6
276680597,5.511608005910773E-4,4.796592397082289,3.4745173976510955E-4,1.3327398745934878E-6
449299746,2.197585579569702,5.572518335644941,1.3333320932163096E-6,1.3333315258302743E-6
818729,2.517493563780219,1.9437353026845776,0.5818544807010984,1.3333351327685335E-6
2186924131,6.176073638423946,1.334011477238317E-6,1.3333316739661118E-6,8.035300430415081E-5
670609188,3.8395650168244377,6.3622789578165095,5.5491890147388805,1.3333328804378028E-6
752373297,0.0019469804592669396,0.002517917897757572,5.525838729505917,1.3373052182130677E-6
177821977,6.333268025576247E-4,4.949451435415527,1.7363908518762123E-4,1.3237801158063621E-6
419425480,2.198017506488267,2.4431416316081984,4.630662964240961,1.333333074110082E-6
2280568248,1.9116718411965185E-4,6.1336133303617695,1.333330183673811E-6,1.3322271788300784E-6
91415,2.895840312401195,2.2085301326873963,2.4307303478075787E-4,1.9268426330923871
1751791049,1.3325495084632232E-6,4.616079742924001,1.3333056162399573E-6,1.333305622429935E-6
1567628479,1.2533976312184374,5.001227266245924,4.254732678476968E-4,1.334137477291252E-6
79286,4.989009710938139,5.170763788142959,3.504334234487137,1.3333199320489914E-6
637389737,5.078703064509883,0.9166993939283414,4.382435765520325,1.3333336725377719E-6
1139660770,1.9467070927880794,6.347283982678014E-4,4.7457344099853875,1.3331112648982606E-6
1175334097,1.3332748614431073E-6,4.174621181544422,2.279803910907156,0.025887381873512874
45207098,0.023930165117067633,4.011381507380259,2.0896891118305145,1.3333112561386879E-6
2809647,6.818480921947885,2.602793233772413,3.5554514573501925,1.3333341521443827E-6
1636331635,5.303564091920132,4.990693110834415,3.55560811735293,1.3333305860129814E-6
459180955,4.407715871482829,0.006049622500594425,2.3035700214065176,1.3332561252022638E-6
48067105,2.140660010852888,4.8947512441963665,0.003270508467833045,1.3335140300615396E-6
300562191,1.3333311124900081E-6,5.142237349414452,1.333332161364046E-6,1.333332180611666E-6
1435651265,5.136286638639702,3.466225171159746,1.3333302131059973E-6,1.3333345949732723E-6
2397254,2.071210832641717,1.3331390143538635E-6,1.6224433113452352,0.014566543668128507
1773556180,1.4816907650811625E-4,7.051298147267837E-4,1.3322458827448534E-6,5.525844396349441
1435018358,1.3331982506860791E-6,0.0016181287638860687,1.3333326816476694E-6,4.796588900550184
1636712716,3.1140491982412297,3.7262292769438323,4.691898025688269,1.333326864841557E-6
325307068,0.03498552676484824,5.860820361577543,1.33343239442861E-6,0.037343875124069656
286776930,1.7068415100687224,3.6527777238055372,0.6952195137924931,1.3333457269728837E-6
3357667,4.783673111096878,5.0209414530570475,1.3333305496947544E-6,0.6934855444492479
1524747123,2.6619641470082843E-4,7.695514715542117E-4,6.608132699912609,1.336921858043701E-6
5540769,0.40589017251240894,5.39406284938692,0.4058889257905126,1.333328133002041E-6
1956431,6.005212804967486,3.1986900363559743,1.098427764117001,1.3333367082064058E-6
2073559080,5.985039277646416E-5,6.0892698414666215,2.0853863718255235E-4,1.3438828934828406E-6
45816005,0.00740799033715584,4.383158537267211,0.6941689825080312,1.3332024651902692E-6
233899409,0.4054273147692572,5.294023718905358,3.211595925604449E-5,0.3889480841823451
1691802,4.600746921423242,4.135756671148735,4.370492121731839E-5,1.3375518012865312E-6
1288083675,5.720115359394934,3.784032964877754,3.1776925172199046,1.3333294902283546E-6
1478180863,1.8721292107221104,5.688996287314938,1.333333295867681E-6,1.3333303757869455E-6
2942141729,5.872198298598434E-4,1.6209360906318515E-4,5.303793903323888,1.3354802414180366E-6
1565173930,0.10933469573581729,0.10769361032692706,1.3333584391585672E-6,4.708357427139737
1355986145,8.411894012674293E-4,4.796593246224835,2.8878811805510725E-4,1.3328652603238245E-6
387826753,5.640406995071787,4.262954435688882,2.3516497742904043,1.3333470069620683E-6
445583504,0.9169835951134521,4.938758059218989,0.0010668344539477147,1.334470290364634E-6
973423826,2.5262329558207854,4.494861169118269,2.39840943460107,1.333333110832628E-6
1501575,4.425454598199546,4.06963500267461,3.045130457765946,1.3333397224924079E-6
616930563,2.5026088300673712,2.625955560558101,2.06731895070313,1.3333449401196084E-6
31314909,8.821112129877083E-5,4.920665895371766,1.6101219827151905,1.3409365951620595E-6
2821360,3.9330016467342626,2.399069513991699,3.045697798002009,1.3333316561486889E-6
1304193556,1.7792412407800174E-4,4.710404210398364,1.706193082767596E-5,1.3578098831618507E-6
2308975565,0.004903134053752713,5.303704352335848,0.005160344972220981,1.333535747204605E-6
3999606,0.004538118954015133,3.0453090796101727,4.6159114047179015,1.3333201540394993E-6
465923525,1.8749163231502776E-4,4.511914044009687,1.297880083420216E-6,1.0237379057074841E-4
1373831958,0.32474395721571486,1.3333202056584274E-6,5.139382101515031,0.25260217637958526
1264037986,5.489301935170733,3.4015615283648226,1.3333262504566504E-6,1.333332073087886E-6
16467772,4.28462488150897,2.709083846675298,1.7057669714564796,1.3333306395172632E-6
1414182837,5.505449958325509,3.5410767848194697,6.31457127577163,1.3333337058403918E-6
440174189,4.987539914380433,3.818227113834405,1.333330413372924E-6,1.3333308835176616E-6
3599657,3.6246626891539444,5.574382717578606,0.693468115403374,1.3333425347871506E-6
1837920954,5.226235210794003,2.3983825866335224,1.3333351381714956E-6,1.7922461579572417
1300620796,1.3338708348357534E-6,4.395458830356869,2.398890085667189,4.377826145149018E-4
180442293,2.3984232140070345,5.14219592980406,1.333472173895385E-6,0.0028558285066193657
1328039922,2.945082706447329,4.848762698855244,1.3333338788288856E-6,1.8724481825586774
466158442,4.710271639465431,3.0452628307566334,1.3333354732526395E-6,1.333332185045387E-6
367027130,8.722467783213933E-4,3.045397385323044,4.511735670572597,1.3350958248712753E-6
327925714,1.374674641278015E-4,4.710401087801584,1.3400823765613303E-6,0.002218380854959909
1985920060,4.04335810341657,5.580037007149279,1.3333324601510556E-6,1.3333328504935368E-6
1183567008,4.111917967139332,3.4350306683236145,7.553468255742213E-4,1.337511837613342E-6
1856150,4.263279742475424,4.511459297240548,1.3312806557672855E-6,0.0013876024690936328
1962233829,3.0454874639332368,0.0025917025819324835,4.111854629013252,1.333080119647179E-6
1516472907,0.004799238999285025,0.008446856783417708,4.395563623914888,1.3334386796221229E-6
144499478,0.4059620502779,5.244899544641529,0.69365200284363,1.3333502614727673E-6
1116592402,5.85677789046388,2.526002697656376,1.3333309120626412E-6,1.3333324250608456E-6
13436270,1.3389832023614546E-6,4.616073665087369,4.8076836947188735E-4,2.678761301918376E-4
233923718,4.11998790421384,3.4974529100324645,2.1410120200441716,1.3333411460491243E-6
1412514814,2.398850498065963,0.0010570477497052148,4.511816552915237,1.336270036534435E-6
38291410,3.1356923212519034,4.419038643433636,5.984134798058714,1.333324211538552E-6
2210447,1.610576513058307,4.344967680005175,1.3333225909615952E-6,1.3333324273918298E-6
1579010136,1.3331286236047908E-6,4.5063921347308575,0.00125415175237361,0.40646996999835966
1209532996,5.855220059196618,5.366124138975085,4.700628498725281,1.3333228495890902E-6
1492725998,5.321007263212368E-5,4.7838276868322164E-4,5.916469030530437,1.341885193471222E-6
1918162045,4.710400345911087,2.0346627712415857E-4,1.3268492345896906E-6,4.991388032875831E-4
223279297,1.333331985439833E-6,6.781170636293591,1.333331867910426E-6,1.333331570780572E-6
816927414,1.3871641745100278,4.683004128502485,1.0429627234438744E-4,1.3633550856418E-6
1017038,1.3333320377119946E-6,5.303793725532202,1.3333264314626586E-6,1.3333320380492446E-6
673326824,2.396953138510535,4.262271482401408,4.1922866620082113E-4,1.3335885443956076E-6
755662980,2.398694145527333,4.710330987189271,8.549169431936299E-4,1.333379467203073E-6
185953913,4.3689082053525174,3.9822704227007093,1.1946393901572105,1.3333357505466148E-6
410823480,8.220918055535268E-4,5.485205750610235,1.332824393592421E-6,0.0013261329772375195
416747483,2.3985017648265687,4.783923651471801,3.48184675666494,1.333336764786988E-6
1576395300,3.426838870585038E-4,4.220310856201675,3.9897861583491077,1.3329806491568247E-6
237178974,1.3335087568856333E-6,5.707438426236472,8.051977563089058E-4,1.3333201989184956E-6
434113701,0.0032516755859692457,4.616075489433242,1.333469374497037E-6,0.0014042485670751914
1553062,3.5413507019801598,2.862594571978981,5.303697631803351,1.3333226788808708E-6
1691605549,4.395403460712074,3.045475708613031,0.002664827364748579,1.3333909658334728E-6
1032744242,0.007034705764352481,5.017814079157154,0.003051640173607185,1.3335179370351004E-6
305293405,4.631697453388153,2.1756001123091964,0.1829935135073449,1.3333206673578955E-6
477795958,5.017860123546332,2.398468794282113,1.3335487497414301E-6,0.006758179139266338
698951556,5.389241666353026E-4,2.3989486427247244,1.3317115733949914E-6,4.39550391292799
1296293073,1.3333313595564493E-6,2.3989523753138946,3.7146296444490106,3.7146295557353133
532940651,8.514373571160914E-5,4.710222346989154,1.3627176297886023E-6,3.4346788481921267
1409019759,4.1115106014928,4.511497217596584,0.0030251511228099577,1.333513860803664E-6
288415648,0.9170306580633851,4.008075301116591,4.324876299816505,1.333335214857812E-6
2196844247,1.3333376903973067E-6,5.303794300673364,1.333331519308298E-6,1.3333315138457093E-6
1083349321,1.20312041263161E-4,5.017925735675975,1.3094360279057887E-6,1.899535095743856E-4
1869324,2.140200386253901,6.5979619403767575,2.912942419692631E-4,1.3359300728079244E-6
10217226,1.0139339157926115E-5,4.136040809941021,3.9028473257270546,1.3271182149375284E-6
1651870031,5.826290672539676,1.0989027231143877,6.773409120210467E-4,1.3339161729089583E-6
587003481,1.9462883257323427,5.47893152652564,2.8037386341362645,1.3333319453354712E-6
1568310191,1.3360043916959624E-6,5.223565899547802,1.8723071722637308,2.1352054301147474E-4
1706203427,4.8796918807389575,2.352060232460613,0.001411691676610144,1.333616638382562E-6
14869619,4.654763236443045,2.6034921658901244,1.504880695274851,1.3333302538329914E-6
317988743,3.450921497028492,4.2565518206635895,0.004988044702756414,1.333275005865227E-6
798491561,7.660981317513893E-4,4.220687375356447,2.6402363210178446,1.3320500752480917E-6
1833036267,0.51211023459659,0.8486548302774646,4.056205061673464,1.3334129504850318E-6
1734853732,4.205484568987264,4.008121547830761,0.0021388132029004784,1.332973803403697E-6
217639909,0.0012968020586134766,5.303793449230073,1.3328040529448225E-6,1.3346249346671705E-6
20049903,3.3851658513097407,3.512328547501273,4.09511258618825,1.333332905589225E-6
31283052,1.9144793134866573,5.175990942315666,1.5669253636333667,1.3333317553102217E-6
198442710,0.1320222678457269,2.6814849491049775,0.12210049419584425,1.3333155150599662E-6
326759817,1.2273280805878977E-6,5.525845022552259,1.3988677028469366E-6,1.4986901820679035E-5
632452757,6.483622858466725E-4,5.303789933639888,1.3333223859423316E-6,1.3336265486691507E-6
44605115,0.004181839946179287,0.007032624480380464,5.943042824773358,1.3333188442742733E-6
8429742,4.714489960136742,0.007864002351125613,4.388725030316048,1.3332381491501152E-6
54793988,3.7326336484012383,3.0581399127465887,0.0136311451197122,0.06372982262042763
3429244,3.4664760631784226,4.256353663824358,3.4184662447839984,1.3333339446659495E-6
1481096959,4.008130131892128,4.205482632824518,9.966678584135238E-4,1.3315436671188232E-6
2641062,0.012887158276996397,3.8508067920375106,4.17511721423707,1.3333166596317587E-6
1770922172,4.2770436767129665,5.247401886083492,1.333333778857057E-6,1.3333322632302552E-6
536175077,0.27018544664774125,0.20992716221990457,5.451078509631579,1.333336604272528E-6
363140498,4.935077461922127,3.136094436957502,1.3333321122293105E-6,1.3333264308747446E-6
203244119,1.3333308273872865E-6,2.397945650537895,1.3333289840646065E-6,7.586346690234034
421383221,1.333332069429227E-6,5.564898552180791,1.333332069401571E-6,1.33332937094679E-6
13763185,2.485710689581665,4.506154241123583,3.021229048419492,1.333336645491448E-6
457199627,2.4853951773078986,5.247512991126627,1.333333422298007E-6,1.3333303135792934E-6
1955404609,9.793899731780447E-4,4.401174232059219,4.505921419186672,1.3334790188028182E-6
399747591,1.3333319926381354E-6,5.638681463950266,1.3365647442627778E-6,9.461982432068846E-5
258055186,2.3990376434065075,4.263829371997856,0.02043031358714599,1.3333439122320481E-6
554792230,0.002624974357213222,0.0030561767723204488,4.511913905032989,1.3336850610564342E-6
1443314383,4.355838261802536E-4,4.796594341118805,1.333885437108806E-6,6.507424699980731E-4
530897843,3.052338185418336E-4,4.610962531131315,3.0688574566527826,1.331559701944402E-6
23788064,4.331429036635832,3.82937842621095,1.3372202040689687E-6,7.391758232606243E-4
234122468,0.0016180277276673734,3.9712509921186347,1.3337049870021254E-6,3.8927768880350886
32329455,3.178856685175687,4.517143434616321,2.015705348585026,1.3333392661951093E-6
1482864011,1.3333326525794911E-6,5.673662674556664,1.333331743234647E-6,1.3333323936983157E-6
1573031,1.504878941736924,4.741376960816069,1.3870942849423609,1.3333377520825096E-6
308479058,4.111676270990347,3.94238715044981,2.352179596480853,1.3333265849810612E-6
228131766,1.388125557411053,3.8412936056153693,1.3333412544283007E-6,0.9181267688065806
188294184,1.3332845919169436E-6,4.043160130381085,0.007541215470450457,0.3716870156606379
242298165,2.07971605891052,5.8695715391075485,1.3333291696358427E-6,1.3333291890027619E-6
399496791,2.442952206643936,4.511465548149481,4.103249569376382,1.3333323789257676E-6
189380759,0.6932814467472127,6.323596812203773,5.2123490193106985,1.3333393487149522E-6
2049694412,4.6157440118801665,3.04512697131942,0.03151360028601581,1.3332761994331512E-6
1495967240,1.33260534147627E-6,0.0236843387077015,4.710336574889296,0.006680684992508284
1016338314,1.333328850184708E-6,4.049021456275006,0.9178702363615576,0.22471386422408843
976955592,0.40594999815788935,0.4059500184804559,5.298805677074759,1.3333339832235057E-6
46879111,1.3943666610877029E-6,6.018834482720074,5.361678149192679E-5,1.324824448720549E-6
785790431,1.3867017673186888,5.133231355563291,1.3333380017777907E-6,3.902359626501711
602639885,2.3427824899973837,4.405256933454814,1.333334299625758E-6,2.129209548927273
409147008,1.3283494298701575E-6,8.111318393768688E-5,1.3348232578927798E-6,6.803615768878166
325951115,3.0455770504481188,4.263735361039178,2.3792105717525294E-4,1.3361503865894172E-6
1171396364,5.5256904320135485,5.017516478584872,6.086586724607062E-4,1.3330597467336136E-6
274978867,0.0016664703249457862,5.442839811855291,0.0011629427466571336,1.3330014919659953E-6
1691535053,5.994207325510343,0.0010538850531020647,1.333332005523905E-6,1.333515086991156E-6
1302497498,3.008081010825592E-4,4.949435907013466,1.3342828102681636E-6,9.027289524484344E-4
416576311,3.350004647498387,6.818478037749652,3.9121235645518633,1.3333274081119696E-6
1082428988,3.5700467639809665,1.7052623438105903,5.024394931366755,1.3333335499565258E-6
311231643,1.3333337831649663E-6,2.397987483738996,6.976440294596256,1.3333320948059404E-6
24693259,4.771288390919936,0.02887445775502048,3.784774819530185,1.3331814568895069E-6
1454352926,5.303793082870766,3.03007097581783E-4,0.0024263855366401387,1.3286236967723194E-6
1605254150,4.615911575091819,0.008142246826807413,3.0453107285134817,1.3340092323660284E-6
422169964,2.140511123593843,3.583963795168323,5.185033976464255,1.3333339363958637E-6
35168079,4.357052566930015,5.296168847467694,1.7050944839903248,1.3333394832858382E-6
193880636,2.0994291736778794,1.3333462004483516E-6,0.055742556049215145,0.8182274541447286
600642819,7.894541185308201,3.384426943864465,2.397931965840033,1.3333425822075496E-6
208471870,1.6847713263748364E-5,3.2369106488208934,1.1687923712846007,0.2871576307631228
1753558959,1.3334094884104316E-6,4.506295086833717,0.00949150061212641,0.03907198562198904
470262620,2.3987253669680966,4.615962857049497,0.006106430904246893,1.3335873424620036E-6
1555906765,7.140630176463331E-4,5.08201057252073,2.746087710153148E-4,1.32685752236846E-6
1507156742,6.098270527105901,3.516704443958329,1.3333352501558528E-6,3.39022028656178
1484325420,4.077841093941232,5.572457921807076,1.3325550457717747E-6,5.270472924025577E-4
557687018,1.328774434764466E-6,5.252784705434623,4.8252602009920897E-4,2.3023413868909212E-5
557637002,1.0993973678849225,4.489528550216744,1.333451130947955E-6,0.014950971051785384
1679620202,1.3333306588982262E-6,5.082011846215211,1.3333346912501997E-6,1.3333325191732745E-6
360644987,3.7136851173497387,1.3333283360793218E-6,6.673411030556278,3.931938686149677
3081667,2.0887008751086457E-4,4.395622044685881,4.8109531677597175E-5,1.3766817842930627E-6
14226171,3.7024473299044303,3.638738178312338,1.5052170048983713,1.3333440325697252E-6
320887137,2.862353677553894,4.436904311068213,1.3333309236748151E-6,6.3118876230710566
1520545325,3.7090890401714097E-4,3.9326944002023723,4.111742814098541,1.3418347420335883E-6
787034200,1.9467118296757002,4.745736331884838,1.0679550930294905E-4,1.314777157795916E-6
6878507,6.698389304879717,2.3980164975445466,1.3333251858396618E-6,1.3333290196951118E-6
200486085,1.9464836257372211,1.6100108970302014,5.08197786506454,1.333347271031626E-6
975715980,1.5045649667691336,5.283692299080102,0.40595050794951665,1.333355407015229E-6
1086907885,3.393164645216368,5.742121312705857,2.1910209196849566,1.3333333017198795E-6
1326449464,4.4549885446071755,4.190298379793263,0.0021559842199545126,1.3333225177900247E-6
855086,3.4347882950818884,4.511661124583044,1.3327173776681163E-6,2.5325916259707115E-4
600462354,5.2655250199155486,5.291036410978578,2.3981426591497628,1.3333311752820058E-6
1515586953,1.3342901415431372E-6,2.398896136699936,4.2636945623620885,0.0011174354501586716
1818706836,4.7965858358772016,0.0011827370419342034,0.002420135170798768,1.3335882763022854E-6
4584966,5.4406211508990285,3.0684174222343716,1.333334036892295E-6,1.3333339735978825E-6
565062187,2.5258200025317215,1.3333315943732604E-6,6.9843446253495465,1.333331108079278E-6
796936457,2.4854747572871405,4.9278211636555715,3.1360646121144944,1.3333303785287284E-6
362626626,3.0922239874388406,4.087158532505456,0.40665218433522704,1.3333336957265598E-6
1522027594,2.6397168509785103,4.85272411880247,1.3322078721733022E-6,9.766853404431215E-4
224608307,0.693472765243388,5.303539437851387,3.689104950946887,1.3333268918787603E-6
1659033973,2.3026641525417313,2.3979743479018563,7.124557366021115,1.3333304015267739E-6
607866507,0.04010411988823423,4.72696173204713,0.01619476677643482,1.3333299404097503E-6
1914530079,3.9373121837096337,1.569889685486071,1.5271440256213749,1.3333307974698962E-6
1465362960,5.352263408708894,3.434393417079388,8.363286778381654E-5,1.366759572492313E-6
1532131743,2.5268719860865607,4.242494971419934,8.365326904022368E-4,1.3337460507460355E-6
4567477,3.2084560726916465,3.8993495876715984,1.3333024334017584E-6,0.10280656976379232
28893179,2.7383332770647386,2.749098328125109,0.6961219628520776,1.333330188058404E-6
504504226,1.3333318929300315E-6,1.3333304031340845E-6,6.698390811163865,1.3333318870510635E-6
44111646,4.156425380537711,2.8884015034400763,3.431723223008862,1.3333273022693388E-6
1320835879,1.3868636217103638,2.08001224090408,5.081974722782614,1.3333336425985044E-6
1178430872,0.0020581018651098233,5.564897482303252,3.660756162858804E-4,1.3322176907870824E-6
266954200,1.0990770556646614,3.6894389026237797,4.382598472258812,1.3333186527657056E-6
245980254,2.251833399915294,2.9962746409032257,5.034242661359693,1.3333326676732726E-6
1228619,2.526101326028183,5.517825216770058,0.4058255541961176,1.3333464783202924E-6
902199,1.3333321030952619E-6,4.511819037353962,2.3988543676433327,1.3333326237377582E-6
5497777,6.145438339562365,4.330913428081101,2.351555456448065,1.3333347493413769E-6
1398219140,6.006528891134139E-4,4.616075943343617,0.0023286755047434602,1.3336226576363487E-6
7326258,0.40620915566920995,4.872116873544794,1.3333449387034693E-6,0.07617850779497677
1389152936,1.3333321768173447E-6,4.395604969928359,1.3333320147582064E-6,1.3333310226137021E-6
12294825,3.114692815688312,4.087154566025635,1.3329539066806054E-6,0.0015165563437187384
37418852,1.3300514305023983E-6,3.688165194602692E-4,6.255940394765016,9.307217944602152E-6
202233073,0.0012822899179101598,4.39535851950499,1.3353135352378943E-6,0.0010064474438634125
4277286,0.005684915078624996,6.347544533877371,0.0028168339283452417,1.333395446042774E-6
513777862,4.297762942751276,4.745427040809236,2.674635698420465,1.333344687131668E-6
6339155,3.6770424939262942,4.413541468024062,2.3986371844375363,1.3333199822930718E-6
598953104,4.511453370497683,4.263298689893709,3.279239058310579E-4,1.3290981647950806E-6
1036313865,1.3337535883912338E-6,7.011936016874106E-4,5.0820121659373365,1.3333311756269606E-6
292541916,1.3333316914708555E-6,6.7465291574109045,1.333332710978507E-6,1.3333321335490612E-6
549914473,1.3426767413823971E-6,4.4594305310377157E-4,5.96896111728181,1.3333351423268444E-6
1507355199,4.511473223434131,4.1114903703932795,0.009844896785327156,1.3336257148560677E-6
28249774,4.034487534651128,5.837976261176997,1.333329619841986E-6,1.2530079855905916
25969892,4.120157399341858,2.9968047880134168,1.3333397523965823E-6,0.40640794235462485
1153093183,2.995033684485669E-4,4.616067671334118,1.3334657189361037E-6,0.003602953893927606
1649486146,4.212963738446607,3.541941558147082,0.0010626003257228113,1.3356394193494836E-6
422202887,4.008209061362041,3.7265689134573434,2.804236303179276,1.333330543451265E-6
527605791,8.396800275619627E-4,4.949438893618555,0.001204234360198907,1.3339258285792555E-6
1757730544,3.04524099279823,4.710256344298641,1.333401382326286E-6,3.538652414753109E-4
278969024,9.740731357319383E-4,4.511911376084743,3.727996482652413E-4,1.3331393782972816E-6
56061555,1.3894262117371083,3.181221213190472,0.8504324659064963,1.3333440291037399E-6
3925743,2.526898562435318,4.242483964161013,0.001359688497416423,1.3330103460599969E-6
239723074,2.3988327429043634,4.511805572150997,1.3320996873247856E-6,4.799860106935144E-4
267960956,3.465863236628043,6.5999979740516155,2.7727160566734037,1.333328747284537E-6
661565659,2.3982465013984378,3.044874209751534,5.525804534838298,1.333329880256831E-6
431007701,1.3333203759817649E-6,3.846415079279699,1.8341789488397648,2.081040982881039
262061359,1.333319677220845E-6,4.051913168254847,3.5266110007390448,0.4035721354759984
1674727,5.272693117029935E-4,0.0012387057672263258,1.3235402566729611E-6,8.38960919079578
562986421,2.675290881467948,4.213288949429194,5.237513382471227E-4,1.3300507760235356E-6
307212206,0.6934139268354219,5.9137700359329735,2.015395227314589E-4,1.3326218868380664E-6
329032009,3.09115060040543,0.40557317565340234,6.80194720286665,1.3333242799708976E-6
1499366709,0.9170739751964166,4.455102328626023,3.5417380333187634,1.3333231343052373E-6
1277491366,4.6159226639806885,3.0453240076560775,1.3356667183244328E-6,4.1103266394029617E-4
315377927,4.324357649370677,5.883547600016806,2.140291261904183,1.3333354224833788E-6
1400344254,2.5988652296402933E-5,4.738723092177171,3.9234382170108564,0.5010726301855274
395692372,1.7919111198413262,3.5697033130167477,6.156091892645347,1.3333301712891066E-6
7251090,4.096118508439795,0.16344674806964954,1.3333072621476115E-6,0.009490278871288567
602163313,5.535540830443677,5.710604318182325,2.0150800678923,1.333336231859027E-6
976675492,4.120220813278474,2.4860893677344715,2.2524753251038163,1.3333241115425457E-6
528372598,6.7075904722057,3.4966245606969637,0.405582134331595,1.333319618015065E-6
1776159778,4.045152118815789E-4,4.875940936804555,1.3299086488001099E-6,2.2030030575442253E-4
2138705146,3.714010054565475,3.6381099963181804,4.64479737461838,1.3333311272303084E-6
1467334728,4.363787960272119,2.603232125257309,2.398476417992794,1.3333301063468923E-6
905890985,5.2527634358576485,0.0016445797670941677,4.131354614569465E-4,1.333895897937779E-6
1490671767,4.263705595394857,2.398909461459482,0.002745739699440283,1.3331982831045834E-6
517406675,4.535528670133542E-5,4.061471961647815,3.527408885250993,1.4059341469625601E-6
262385842,0.0018779223183370602,2.252466744092477,4.284755998493412,1.3333117988237178E-6
1627581574,4.745728154279385,1.946707220860634,1.8436658539207462E-4,1.3356766804288787E-6
1293482,1.4817024711652222,2.4266779397526888,1.3333225826851901E-6,0.8188239362475149
21142246,0.4061580236994262,4.792342775135913,3.045215262867622,1.3333337577759692E-6
1175253,3.1139747885591675,5.190644218228552,1.3333265444040518E-6,1.3333378826056243E-6
29574323,0.001373950445866797,4.616079396605655,1.0035283619303638E-4,1.3671105329624758E-6
1677872605,0.009715117861538048,4.796565894336536,0.007888701671012821,1.3337983997472229E-6
315420407,1.450484530043017E-4,2.398542357087827,4.949406823132544,1.3363496035449224E-6
367792890,1.1416429939319014E-4,5.398608013658455,1.9797202272391564E-6,1.335055911385879E-6
18382607,4.610962703016969,3.068857896965168,1.3333320749851142E-6,1.3333362558862306E-6
252220691,2.3521766962907797,4.714827367278344,1.3333315746713198E-6,1.333331590620946E-6
1720320675,4.590454591775011,0.004114074839068926,4.9667523141082555,1.3320178475454119E-6
596888605,5.698292251001923E-4,5.121407663881562,1.3326643816813383E-6,4.167088805666072
356916851,6.865697685865182E-4,4.2638506150945075,2.399061351967704,1.3341911787345222E-6
3398876,3.0921007169830985,4.070086289456716,2.5267865052199556,1.3333452065403324E-6
13889052,4.460656366679811,1.3427382733279435E-6,0.0022360067786885186,4.65922095939703
1522963042,3.296783163254649,3.04546804213206,4.0082844229699,1.3333286367857324E-6
536515954,4.938002366092333,3.7500594683973794,0.018115947401067464,1.3331958785785776E-6
1239547647,4.395591566062714,0.01361996233623279,1.332221896576056E-6,0.00150022260906723
660530792,1.333328219584413E-6,6.04286855334082,1.3333322855441747E-6,1.3333320805539931E-6
13114092,5.030816058801843,4.472017057879654,3.1138934132131415,1.3333244540077707E-6
227342221,2.6395218642734743,4.927793909471395,1.3333319491731634E-6,1.3333291227485111E-6
490407155,2.52621616809308E-4,4.796592210330168,1.3318841308511672E-6,3.4288355525885044E-4
1964604447,4.591008113002846,1.2537073050139333,0.0036699859921201796,1.33351511651396E-6
145795748,3.410838524217278,3.785136759779874,1.3333275208489797E-6,0.5608495953026738
216469060,0.6150819661687574,3.368354305530584,1.3333201545431366E-6,3.932913216100102
1293951323,1.9460754725988372,6.3887268678038875,1.333328997333449E-6,1.3333268959996984E-6
234623250,2.251696513723998,4.212999323610908,1.792091231555438,1.3333337742537972E-6
558684145,0.01590772437670241,4.394928052729995,0.07489132612185458,1.3331076300901732E-6
4623497,4.8757402066339,3.8612725856622387,1.5046199396205264,1.333315436441916E-6
249061491,3.435029044649092,3.5269200763455215,1.3333269718161062E-6,0.5187051842343402
1702552003,2.772905629063838,5.620740365467066,1.3333227749770155E-6,1.3333320422037084E-6
47525,4.370251357495597,3.091847441290645,3.091847092717552,1.3333277718818052E-6
53960967,5.440659542374064,2.4427556422763876,1.3333323848867846E-6,1.3333324960522614E-6
183636049,3.971127903779016,4.069870958374218,1.3333443959752945E-6,0.40620106141301865
1543676122,3.4662524136518367,4.094897924226165,3.434442707347116,1.3333314192396542E-6
196778200,5.141945884207447,5.1419458891607634,2.398177583831295,1.333330573888139E-6
400235601,1.3333324307387077E-6,6.2540195115142385,1.333332185381749E-6,0.693337733604822
263832221,4.701022779755675,4.2585157482207245,0.005184796691716491,1.3333917598725408E-6
883349757,4.103828049722644,3.0692367968529677,1.3333311676913715E-6,1.3333300791712474E-6
1265783821,6.540450091766334,2.2514337321199225,1.3333276372307877E-6,1.333330682114629E-6
449067455,1.8028526717251675E-4,3.980253527524242,4.687330420118462,1.3261446452601267E-6
31836700,4.66863307730707,3.8506341447315724,3.902460152831492,1.333328468981906E-6
207765407,2.141241415949229,4.298470281964711,1.642393665498519E-4,1.3282133987708325E-6
646795831,0.4062375963305548,4.611007135339917,2.3987314191191285,1.3333205854647933E-6
1227476,3.920143793255599E-4,3.989114830183675,6.5625749170999725,1.3291180907721126E-6
466438858,1.3333326951642114E-6,4.875942189439885,1.3333326951642114E-6,1.3333326951642114E-6
303310424,2.398754662237786,2.443211657502065,4.506209995648903,1.33333276254214E-6
745141012,4.60581295947151,3.9518878855837998,1.3333315862247628E-6,1.3333315773176072E-6
459486971,4.579875440787923,0.1796371858044962,0.08166924061317965,1.3332992516279298E-6
1244851794,6.425836690399527,2.6743062288177635,1.3333325264935645E-6,1.333332084319445E-6
930783860,2.398374249414865,5.252755215172384,0.005321149836320917,1.3333014823779976E-6
726342021,4.331785740322653,2.398944778025355,1.333331072693828E-6,1.7928096545076224
295032399,4.6448573746189075,4.477803035147786,3.044987725320803,1.33332746209616E-6
54194045,0.40642358271800283,4.611117109092781,1.333331164182078E-6,1.3333313584878599E-6
349509147,5.53507690514753,2.6394277282045366,1.3333334563234516E-6,1.3333269150452222E-6
28946283,1.3333339542454544E-6,4.395621119887839,1.333332191896358E-6,0.39763130029366844
8615719,1.8975811047954452,5.329954804797517,1.3333280761426526E-6,0.6936079277119634
489759486,3.7737821774829654,3.818692477403112,1.3333334748091535E-6,1.3872611546057838
213089330,0.004540459289942102,4.511912102527572,1.3335322743377938E-6,0.001999065538125141
316964053,2.2515438146649274,4.710014155716475,0.9164900222354692,1.3333254168040379E-6
1027212419,3.401711996294958,3.4344978999637292,4.80453706735898,1.3333249106222329E-6
2316813039,0.00905776753414946,2.3990296009684338,4.26382712004111,1.3333016666263825E-6
205179636,1.8134200820293278,2.5282273704887235,1.3333282367793412E-6,0.12149064086446362
179649326,1.332879575020004E-6,5.303794557708343,0.0017440073475135944,1.4121702386856523E-4
467702658,2.970639635529446,6.042857988063693,0.9165158566202415,1.3333190736327142E-6
1172289835,1.0989027984255022,5.826290682280479,1.3333325022811196E-6,1.3333324809689984E-6
1030664219,0.008509993770815688,4.616059732730385,5.794573193203679E-4,1.3337825612514839E-6
468098413,0.0013819215694035505,5.673660733752719,1.453790675343584E-4,1.3310470329672623E-6
1466683017,4.640113251526943,4.363638165710726,2.9241850684244087E-4,1.3324444089623223E-6
1380723642,4.505442928782518,4.363191731818929,6.8069224427891015,1.3333348269593774E-6
22628170,3.92214747600471,4.901738299882859,5.961179427273297,1.3333295859846788E-6
1435070648,0.005447986453363375,4.615917893806583,3.04528979965059,1.3333556740728147E-6
357757604,4.871488365185665,2.392121850548073,0.05141111125775919,1.3332895464854132E-6
749668537,1.333332329193043E-6,6.825568243695228,1.3333324016341464E-6,1.3333324178169037E-6
905938824,0.023786360544551386,4.511817895918254,1.3333255455167547E-6,1.333331720051065E-6
1473393,3.770032079976762,3.681618031318937,1.333341632987664E-6,1.6750776707343356
1460711082,1.3333297494979038E-6,3.4345637635239186,4.875779476644298,1.3333323762848876E-6
238380518,2.741487919509279,4.758539742161504,3.0451705741634547,1.333325984517312E-6
11743588,4.43138870764497,4.043623870592163,3.46630796672612,1.3332858702215974E-6
276603658,1.333444629402149E-6,4.390681331318855,0.03943517822485216,0.057079390183502915
1557895756,7.1554673316062045,3.4340572257454127,3.0445917159783256,1.333325166179936E-6
202670502,3.689569996507678,4.625662104408273,1.6328194106046305E-4,1.328825472177346E-6
198854466,5.865291118143,3.4967524317734284,0.11604510519454372,1.3333422433171652E-6
1929380441,0.01857014027745128,2.3984980160932676,5.017883733288078,1.333452094666553E-6
572377614,0.011368656393765395,0.0474320147210975,4.615668183817643,1.3334214441925953E-6
1359231784,1.3333321203570524E-6,4.61608051561653,1.333327565893154E-6,1.333332118600514E-6
495379863,2.398458941656026,4.812755152531564,3.6641327009635254,1.3333329764035536E-6
40366309,4.357357245884519,4.304712118237714,1.3333324490933302E-6,1.3333324946739997E-6
8907823,2.398000019519091,6.845984637917312,0.6932519417914058,1.3333233840802391E-6
564835471,1.333327922533913E-6,5.994208855988403,1.3333318725679926E-6,1.3333320906758607E-6
1988504894,0.0034801344878949243,5.082011892686417,1.3383867505550683E-6,2.48517368776802E-4
643911676,2.4426548668826635,8.901730856851498E-4,5.738492232935472,1.3343709762126237E-6
425194107,3.045482343139051,2.3988551790507056,4.2636399302223245,1.3333373837250344E-6
253454704,1.3333322875129159E-6,3.94178411000247,6.0881127663853905,1.3333322719471506E-6
963680216,1.3333488317965987E-6,4.511798580370711,2.3988239362617585,0.017976316327424437
526751220,1.929257091415571,0.6541031412423903,1.3333341840944314E-6,0.11181852293856784
362614946,4.710335390190051,2.3987001744502625,1.3333321283786886E-6,1.3333369674375403E-6
605276364,5.645649164207405,5.3401413665074795,0.40566725550865634,1.3333310079256064E-6
1523737196,4.705529975349038,2.442861570074714,4.2631947301625335,1.3333220821025273E-6
1499566990,1.3333328895637824E-6,7.456512216603514,1.33333304479668E-6,1.3333329927898102E-6
201037829,4.632653934916806,2.635171280262274,4.0249121437709325,1.333317868667466E-6
256497809,4.120165743212438,3.021545799267308,0.0064729173223733675,1.333160721133542E-6
6091652,4.477608005549882,5.51773681102741,2.7728666485250435,1.3333334751306252E-6
216662596,0.016591623236685026,4.511804551990687,1.3332157458405771E-6,0.002771298424387462
211895754,7.8734438855104,4.736234878384212,1.3333211969578473E-6,0.9163271644772384
218139189,4.241380671049657,6.3953155013664,7.077129955082335,1.333340603162279E-6
2077774514,0.004137053411405684,5.485201913049063,0.0014148244382979572,1.33352821440319E-6
55995087,3.103748562617787,0.20195176772173695,1.3333269686049975E-6,0.05968651454263569
222066767,0.406422237095148,4.305023986124756,3.3151453092494148,1.3333310541941268E-6
267621951,3.5065361630889873,3.898497386244516,2.2974653608354028,1.3333215740170797E-6
177795215,3.2723444970769338,3.518121969829698,1.3333348877791753E-6,0.5123883316757489
4562165,1.5045899517109171,5.234292768088377,1.3333310635203066E-6,1.3333319221524968E-6
332326823,1.3330324398171103E-6,0.0038658997219763033,6.111686279555066,1.3291930705239733E-6
1512211528,3.9323029989333214,1.3333298604549953E-6,5.017758671859381,1.3333320847176316E-6
228667981,1.299621096777105,2.165809898395316,1.3333153449899289E-6,0.013837831392928613
271239922,4.516944464444798,4.25621632360567,1.325187857748137E-6,1.1569381452442645E-4
1501539660,1.7445648237448776,3.887650178062966,1.0514188936131135,1.3333328952452349E-6
1513088920,4.625415914727514,4.787931847042437,4.1980003212665805E-5,1.3297737322728073E-6
1360848222,4.700941722678562,3.0449807842600496,4.407179384844256,1.333332758348893E-6
1538102375,4.710404247950761,0.0012463644153300924,1.3333318942437541E-6,1.3333367703826221E-6
864453698,2.394823208615965,3.4314874062861342,3.9297631708268175,1.3333313295595341E-6
1178456903,0.406061050786615,5.014598049571987,2.1566295027642575E-4,1.3330628126766364E-6
199158775,4.3373337358293975,5.39367055960712,7.614108468269263,1.3333175381608108E-6
870166,3.932423275219354,4.710128818775283,0.00116045417847998,1.333582798135933E-6
741575740,3.0770397004971914E-4,6.089269771560917,1.3333321514894487E-6,1.3329826467492522E-6
2869768,2.7821513713778305,1.2038075631564735,0.2820193959703222,1.3333019342818937E-6
864009,4.871821437831372,2.3925794398259863,2.6106906955173444E-4,0.03218364106004595
1320005854,2.251683593632688,5.311183795983049,0.0027268662079870036,1.3334466190778388E-6
240383262,3.4965592479429204,7.549134403628624,1.3333358264185223E-6,1.3333357756849874E-6
20362787,2.565375217615465,5.296240522003366,3.0208509140197837,1.333330419997255E-6
3384273,4.630240105802369,4.511237121546579,4.241704431745545,1.3333375140287453E-6
1297589,4.80436061393364,4.879346436138257,3.6766402818699393,1.333339978074005E-6
3868576,5.531538384639944,5.340066248217552,5.774678863365816,1.3333306359813947E-6
1505821325,7.215329187464247E-4,3.892880835938848,3.7622599260639262,1.3287044395982236E-6
869170233,3.7264980131708247,3.714376715572651,3.702106640479332,1.3333301894787838E-6
478494954,6.230662081175125,3.45333827335363,2.197405512568861,1.3333419070228532E-6
1056489708,1.333329908776531E-6,4.38124002447533,0.6914274976444501,0.25242930052659046
2805685,1.010172582863065,0.9164467427454405,0.061774271936802634,1.3333250350095927E-6
457726539,1.3333111536938791E-6,4.930240009675347,0.014902694739825985,0.05835949502373511
10792760,6.171864073204612,4.808275907140486,0.4056271711879276,1.3333339242902613E-6
237513364,1.5360446068556817E-4,4.6160749337419595,1.3349703795088503E-6,1.3333404575751213E-6
476132155,3.418271562163251,4.952848885847163,0.0029202558336328876,1.3332022387186072E-6
1430565170,0.0016649650490654392,0.002955676942988903,5.0179226750724935,1.3394917565840337E-6
1198017,3.8398238410563676,4.980581888087912,3.434368673854602,1.3333280554759603E-6
247538574,0.40607016014275943,5.078901652012303,8.668043718663331E-5,1.3318707145003616E-6
561748977,3.62447864186189,5.966284731465736,5.68880694024902,1.3333358478030577E-6
25485637,0.01794016906694047,4.51171200075144,0.00897979155901957,1.3331764053891895E-6
507532621,0.8524644077456613,2.6441900801348415,0.5159685445208403,1.3333342088358724E-6
188531337,1.3476237458371848E-6,4.796595442309441,1.3169295205851225E-4,7.518531598409648E-4
538891745,0.40642290970789224,4.549559199618085,1.9468696849845764,1.333333964780049E-6
309256667,3.676608329536486,5.638662612972489,0.9165982231104716,1.3333329474615895E-6
1268586529,0.01453669486476798,6.067345576793535,2.351388552336597,1.3333719338705916E-6
205697930,5.893271849935383,3.6111648503236466,1.333329442467348E-6,1.2530100290498907
2493785,2.9937247951091517,4.127795099338973,0.00690534553754786,1.3329486256668083E-6
1637893417,5.293667815648264,4.290821781129933,0.0024425063044116223,1.3338805699602806E-6
1225970901,0.001807134567926237,2.398953303011394,4.395507295456003,1.3328645961927126E-6
42374887,3.713603378154719,7.154255955364962,7.5297062939394666,1.333335597688511E-6
1217669213,5.827747615190681,3.113788520954154,2.5374702760752686E-4,1.337184894340705E-6
249463098,4.610835398714104,2.398559399109272,3.0686959167564654,1.333334536650082E-6
186892618,2.140546395372536,5.265758045327718,1.338178385763242E-6,2.210872963704198E-4
3014331,2.1406855567525285,4.88346719492359,0.916888580064858,1.3333307791688968E-6
303982408,4.710269392200926,3.0452599260426165,1.0166342673719981E-4,1.3318867740575197E-6
1325596464,2.8038117266920817,5.084971607250583,2.708484526156138,1.3333478879534455E-6
1351903609,0.40642064958918306,4.611116809677584,1.3333263112669234E-6,1.3333302682797884E-6
48805145,0.917555837704547,4.260441260205302,1.0128662937933357,1.3333303472682126E-6
373615074,5.956085654604916,2.6628358796248426,0.28793007340987226,1.3333283703753044E-6
179192602,2.4430833172702795,4.7923884904571175,1.4481344803806622E-6,1.2098444503637212E-6
1585494956,1.3333371171080199E-6,5.199038420640797,0.004290101699146251,1.3333321199256757E-6
178448614,4.585773065339777,3.157805682107082,1.33333077714582E-6,0.4062700359701999
11936494,3.350963850224035,3.980740679862518,2.3989544040383572,1.3333323218304521E-6
361863289,6.530571788891805E-4,4.511913683868318,1.3332461275822392E-6,1.332547643877689E-6
310091193,1.4598294111390528,0.6721533326568935,4.562226385227407,1.333367867056353E-6
1198417,3.7139809784948747,4.700889372882788,4.522197491811147,1.3333296984497905E-6
794087,4.600647222032909,3.961302632234998,3.932315132734698,1.3333432844455168E-6
530770006,3.5159413387680303E-4,3.7145307479366183,4.111832794981539,1.3369072992350084E-6
530899937,0.40633932423320185,4.705890869141985,1.3333294413400223E-6,1.3333301690949533E-6
353020539,3.726135255213114,4.977182178048607,3.2775848790004134,1.333340263418582E-6
1515197396,4.27694051533498,5.024155019728789,4.934748542909173,1.3333466434935035E-6
1217807468,1.3333320588275015E-6,4.51160459471123,3.714317053057264,1.3333308948701504E-6
812059436,0.002993484233098721,5.802414511064267,1.3350918302016378E-6,1.3333893725750172E-6
711882506,4.060668088929566,5.943024393444009,1.3865194320707548,1.3333333274858305E-6
233379621,5.7717492179751035,8.829585749488614E-5,1.4170834272050168E-4,1.3403576345344138E-6
642020385,4.389062461759136,2.996537482261581,3.1143204029827563,1.333330899035005E-6
21413848,3.7961718463567187,3.861512071255876,1.3333392666297905E-6,1.734280501794613
1517665571,4.205760405137263,3.2199115376687533,1.3328349166523894E-6,0.0011232162777785417
250649733,0.49299153243177496,1.4448973241144014,2.0391054031876803,1.3333306305795863E-6
1513962184,4.478207808029946,3.1789217412622763,2.1525396781158575E-4,1.3323339787546423E-6
1080490214,8.999661584854276E-5,3.7739300343288744,3.651831401102454,1.3305141062752981E-6
342135320,3.52684939465989,2.3518642375001013,5.066243869320516,1.3333380092319828E-6
406131785,4.175192155276242,1.0994164420761323,4.008137750486254,1.3333325335716655E-6
415340009,4.511223047001563,5.081767014358807,1.3333361050473462E-6,1.3333288641142337E-6
23640688,4.840776944672521,4.016914008740999,1.3319155140331711E-6,2.685205763871341E-4
1557097025,5.86674223434056,2.197498622546033,1.3333321046972115E-6,1.3333310851025615E-6
300551308,3.576892096288902,3.7514859626377612,2.0682516585415027,1.3333389010189121E-6
1676477,2.397602619761139,5.198450188154793,0.01243310956683455,1.3333431449371594E-6
185524037,4.016926168180404,4.466450836530767,3.701844298046756,1.3333296024120972E-6
197868268,3.701853200055315,4.879560591676034,3.092340959665082E-4,1.3315987696556033E-6
637296152,3.9224355039096177,0.0028211458638607084,5.084967628267081,1.3301345916343906E-6
1530338851,3.045705255558918,2.399078662024461,3.933008821977602,1.3333350788719594E-6
2382136,0.0023925598723317405,3.3853727464967966,4.13615488902508,1.3332845482019213E-6
1068757954,3.7022602437453553,4.111833289735041,0.40642236912787955,1.3333668222671992E-6
259362248,4.069629428435307,4.615726321501494,1.2533637011338363,1.3333451924370885E-6
1968021964,1.3333312358971294E-6,5.990404538095739,4.808301789376881,1.3333323982461666E-6
257610297,4.875686164893303,4.263168651513781,1.333317072595086E-6,0.11741470919635108
1347197698,4.7429941292871647E-4,5.303790116789855,6.807873897174888E-4,1.3314800498880158E-6
9539073,0.9817649434884739,4.582515402466899,0.288590807106959,1.3333521741175904E-6
1381400840,1.333287111056953E-6,5.199039188158789,1.3334283986519614E-6,0.0018335413625780077
744313691,4.007454350995739,5.788551342317184,6.090299112107851,1.3333383690167852E-6
376424344,0.005016750287627346,4.710403027364276,1.3331606337194162E-6,0.0015335225234534688
342018260,1.9459793421559899,7.266896551432628,1.3863635743723313,1.3333314180230758E-6
208265659,2.9709037644349903,4.808600331561531,1.3333326240339681E-6,4.111363216430139
845519,1.4733539337598287E-4,3.932781430009492,3.9327813183177422,1.3326807894790414E-6
16262285,0.91702943527397,4.860555117641472,0.406199627873033,1.3333440535156208E-6
1567992975,1.3333331269218057E-6,4.615768132088344,3.9324731265391004,1.3333320862168548E-6
12906914,0.4849955526888702,1.6164397864643898,1.3333322901640375E-6,1.987656951136232
407092217,5.91398692732126E-4,6.948032802200865,5.894055657952198E-4,1.351881743723776E-6
979633571,4.615984806192365,0.0031099928663981774,2.3987586130455045,1.3330163143779928E-6
523025192,3.6199345750640437,1.3333325036817134E-6,5.021104831959645,0.9168066682262107
752099318,3.135761154788759,3.0447895708170543,5.796324952216676,1.3333291053182786E-6
322100534,1.3333353120407755E-6,5.252785113200555,1.3333311097545332E-6,1.3333324800494007E-6
1661597304,1.609661309987649,6.044044170613346,2.803584316717686,1.3333217575556986E-6
1721619967,3.0685403053427533,3.7261824176625886,1.3333261758588296E-6,4.942131634393941
1788508,1.737861196302555,3.2407125981017733,1.759050836932692,1.333333605238435E-6
33747063,4.0554458640803865,2.9929070961321145,1.333570556641363E-6,0.036785837054447434
208808122,4.935121811705395,2.565596577832526,1.3701916031384403E-6,8.76676784324419E-5
26795042,4.500611581708289,2.6749516702588028,2.918572856533761,1.3333342037839333E-6
192231307,7.231349476824409,5.393689724842046,1.3333414381695237E-6,1.3333414273158519E-6
535887615,0.40573212118427104,4.949027017513168,5.44051801009178,1.3333356811757246E-6
241421428,3.2776314478576847,5.056735088295689,2.970902324367023,1.3333297429535136E-6
235476465,1.4203490556884211E-5,5.771748933116622,1.328068373005063E-6,1.3254750645148853E-6
271156627,4.11117344789749,5.438386405851502,0.6933980944719332,1.3333468538758605E-6
582416280,4.395404707314058,3.0454772850211014,1.1803875045019084E-4,1.3549522440434404E-6
382170702,0.0015644551455045895,4.249359694400163,3.738532079358261,1.3332978367464277E-6
175485485,1.3333281720872358E-6,6.196642401764071,2.3980934766768245,1.3333322025249384E-6
1484014000,5.493420510322153,3.3676539664584086,1.333332964723413E-6,1.333330844189605E-6
1119840252,0.025847661464749316,0.022545580633240483,4.949294777664225,1.333637199487369E-6
200888797,1.2983585356414216E-6,5.485200537899861,7.665343968645993E-5,0.0015095374445289764
831038,1.5769044835532338,4.646245999882937,1.2803308349664122,1.3333399326055335E-6
37077380,1.2538956302945252,4.3642452407448875,1.333869900909931E-6,2.0211516334928275E-4
467481116,2.3979494858368464,7.456508772213788,4.615174731041644,1.3333561139785782E-6
224888618,4.714273306259151,4.7919099930778195,6.72838459181387E-4,1.3339508349663733E-6
266084535,3.137769637848298,2.644201946578589,1.1914987949340226,1.3333326884253963E-6
363087494,0.18577579811539155,6.318876769109962,1.333254964152852E-6,0.013738397011058603
335036925,0.4065799027036389,4.357869800581676,1.2538949503208703,1.3333341088953738E-6
1528450183,1.3269548301778276E-6,7.433134361504199,5.948160818559194E-5,1.3269505063178055E-6
1038393,1.9407265139700198,4.390259690078844,1.3333331404707171E-6,1.4158616931630201
460386136,5.280990863933215,4.659038855220334,1.8755762634842208E-4,1.3350639377559205E-6
471877964,5.3403703880489894,3.1349591927931764,2.3966371104654622,1.3333332078839025E-6
267653965,3.932020723100533,4.7099597800335555,3.0447797492134114,1.333366129186522E-6
50844490,4.407323280029866,4.127736056148239,1.3333323516382335E-6,3.025893684322018
26926343,4.533085062039317,4.691834099810113,1.333332967556066E-6,1.3333321162065497E-6
1991366,4.87584311977469,3.0451674549641616,2.3555900058357805E-5,1.2934527569958949E-6
372958001,3.091229564596776,5.882115784325513,5.027351730397804,1.3333279513288858E-6
224984506,3.0451673697324564,4.875843200038621,9.7565390292035E-5,1.364178587465226E-6
30412871,3.4971101050193933,4.860417260381881,1.3333323292969124E-6,1.3333315629698474E-6
239380550,1.2740225749594853,0.26375494716670095,1.3333309069413876E-6,0.4309621258344457
23732334,5.830689593520847,3.06832741881468,1.3333341379515935E-6,1.3333344891094069E-6
976262961,1.3333348970573084E-6,3.7016288138477753,5.566762231292039,1.3333348377158789E-6
44272785,2.6033724276023023,4.745622439436364,2.674837426298176,1.3333337817577062E-6
5175130,3.045527388493687,4.263689913272067,1.3335534053572475E-6,0.01802336911084778
1465001512,3.7140637948557633,4.949318389296091,4.909543395768584E-4,1.3334314229311296E-6
359509471,2.8709098745584205,1.1338694958224933,1.3333303147156245E-6,3.7326781971826017
43373288,5.4492785731753735,2.2516240315472085,0.004015269482777735,1.3332562437054203E-6
769582,5.464137405043194,4.159187749578643,3.1357995081516132,1.3333329991403622E-6
1484212212,0.703269976904571,0.4605362564163438,1.1200672686534427,0.12109107805042137
16838282,4.388942844826704,0.40584511361661424,0.006949520343964858,1.3334220403879736E-6
366564420,5.1329565237680255,6.6613188351491,2.485010279541179,1.3333411485341612E-6
856125062,4.570340258926574,3.2394786161315046,2.404684366740538E-4,1.3317425631776506E-6
1477732293,2.565196196093158,5.9638265685245475,9.341483887682296E-4,1.3352425568562734E-6
778228762,0.09831187531482138,7.073784205501091,4.332349055216106,1.3333489144608795E-6
495410610,4.478141174059188,2.6034948277812973,3.0688575426811022,1.3333313885280729E-6
2061161,4.227009683990601,4.423633007573161,0.047389998809742734,1.3333902831450728E-6
635537849,0.40654263141380415,3.7852146062751206,3.861767486246317,1.3333306647105828E-6
9688438,2.1050285332971876,2.9957688942697382,0.05113159269136662,1.3333210900141718E-6
2076190,4.766798517737349,4.901922216035573,3.04488119092562,1.3333336848648638E-6
387804605,0.9166052244536235,5.633317742351726,3.434302402734072,1.333331465744059E-6
299889819,3.0453245749731472,2.398697276462581,4.5116623011450825,1.3333391872157808E-6
526363172,0.008005389981902668,4.9494070315100895,0.010521920699920856,1.3331574268601858E-6
341934645,1.3319325674260849E-6,3.6771938971290674,3.7505991424424194,7.867616771060907E-4
12462327,6.870474105603186E-5,4.949451479792637,1.3325539293090718E-6,1.3333288664750782E-6
1392836448,3.0453254001771097,4.111677142305938,3.7143752025957544,1.3333311141404326E-6
1066901,5.690606586253541,4.166912537252705,3.749751234569947,1.3333444009384159E-6
527909974,3.0128095027662085,4.481657528531016,4.2909921142225835,1.3333737219265222E-6
781876,0.917441887910627,4.376905463244079,3.7782650230972884E-5,1.339888692982175E-6
242343983,4.395339014241308,0.028332488531063096,0.02189692589758665,1.3334735724657854E-6
42050086,3.4509986754921704,4.103660536025368,0.0020829207201032538,1.333415942581157E-6
208695603,3.4184186251820856,4.714716651586537,1.3333350461966549E-6,1.333334531682545E-6
1603709979,1.946258413740853,5.617118182348554,1.192038571521477E-4,1.3351914978643316E-6
12823531,4.151526918441154,3.6767828003678904,4.605655340215495,1.3333248824896704E-6
2479803,2.3982327862253014,5.3985267512100314,1.3333294262408714E-6,1.3333320460787455E-6
240442515,3.917963877728419,3.5761288008636347,0.027424774559098794,1.3333204452759252E-6
269922335,5.60246746757694,0.004090514011078,1.333334939883528E-6,1.3336003748244107E-6
1215437540,0.69395010028535,4.249298766420055,3.932629041348051,1.3333117200693673E-6
196677619,0.0012508200983950312,5.303788610383592,0.001313908774854518,1.3325822742083642E-6
211739830,4.718678466910488,6.061636801963727,2.4850865588990394,1.3333169120356442E-6
309194749,0.850324809039234,3.2082708690326553,0.2913274065917022,1.33332196494442E-6
1424701184,1.3891965926370608E-6,4.615991059939209,2.398763899248285,5.2448594397709556E-5
78648,4.263707374613098,3.045546627737433,3.022728144414512E-4,1.338741961451287E-6
343614888,0.001188833206542611,3.045149737968973,4.875829035074365,1.3334753513735613E-6
206367606,1.0077506080908579E-4,4.616072457130621,1.3359302845735192E-6,1.3333116039307374E-6
329678610,3.932629453942493,3.045323410541608,3.9326234582479653,1.3333265942153466E-6
22440645,5.712233835742669,3.979698725984352,3.295937744061364,1.333334250455502E-6
29859151,3.4515076569649987,3.244159503577348,1.5490882894208993,1.333333248857534E-6
788005,2.3986039806540025,4.710262446128403,0.014472757733257395,1.3333789980539158E-6
23461186,4.235057576365775,3.4186758257579433,1.253704630474331,1.333335779906334E-6
13059005,3.9023691398321954,2.398290175181968,5.207153798766515,1.3333324533089206E-6
251584954,5.73827241663331,0.10159290522555031,0.4046913556301829,1.3333265433983344E-6
248522344,0.9164589789399062,6.3794429925620255,1.111942176031313E-4,1.3253715876048974E-6
544012526,7.709657250673978E-5,3.238692248548616,8.884139149043321,1.3463620586654858E-6
345586825,1.099699203627316,4.48950886064418,1.333331589235803E-6,1.333328858835833E-6
18854090,3.157543131654276,3.2963794892598646,4.887125138824373,1.3333294249469593E-6
1449596183,0.4055503261082527,7.04803810610566,3.339725108121865E-4,1.3324564793667186E-6
526172948,0.0011571662083971327,0.002214932065999268,4.796588292960034,1.3329117746167578E-6
211165873,4.834005206277188,2.3156968752925757,1.3333324381110004E-6,0.560282115523287
24958698,0.9172478002659266,4.4951975212246476,2.39885349827637,1.3333360967405468E-6
9456650,5.153779957982076,3.3677840135066557,1.3333588805424674E-6,0.09645569560946594
39609231,4.852543883621046,4.135674593427452,1.3333347213030428E-6,0.9167927496954927
47783190,5.901443436959428,2.74101712723998,5.204183867612802,1.333334067747946E-6
218496931,4.710311406444668,1.5048809425526588,2.0157059987699206,1.333331393427379E-6
2602391,4.590853267105324,3.1577926484101417,8.151539269378799E-4,1.332426880023422E-6
1340118021,5.3732142184516185,4.034493603686816,4.7960436777140565,1.3333395906990705E-6
297317271,4.87593835174414,0.0026839957788230397,1.332405464701317E-6,0.0012485495450834856
276862452,4.102786823617493,4.990576083062012,6.185322998505798,1.3333315783081728E-6
1105797835,1.2041471908478771,6.321543436459456,0.6933200508178815,1.3333294432603718E-6
8829552,3.9300203830328275,2.3955338653039457,3.042436925078163,1.333333070516035E-6
273275256,5.1961401802947895,4.111282151253754,1.3333343292039028E-6,0.40587408717123225
4270959,0.40607422747669586,4.94581584547983,3.0451305234954007,1.3333356692337526E-6
23626351,4.256417364501027,2.443151743564304,3.7143768392048186,1.3333296470424356E-6
2308135,7.273160889462473,3.0445907255544484,1.3333287097129591E-6,1.3333286676637013E-6
233986127,1.6100995502782638,4.844900707210715,1.3203485984547618E-6,1.7767128995478028E-4
976963157,5.405273465778358,4.086324522392341,1.4915043107090324E-6,2.8673803137311723E-5
497665067,1.6990348934379746,2.5955748542220736,1.03248698498925,1.3333278751890355E-6
187634975,4.111250862441398,3.1990505128677538,5.179349109541676,1.3333314218632176E-6
208367668,0.0380449554371412,3.0451475547251996,4.39512852636609,1.3333615229376038E-6
258102864,0.6933115839927043,4.941807305785661,6.133563366564621,1.333326289092735E-6
3890255,5.752840989931749,3.9658323101494575,1.3333301505178894E-6,1.1789235239041405
1358376686,1.3333320742379929E-6,5.564898721885198,1.3333326040456685E-6,1.3333324464533837E-6
29950685,1.2537198237230958,4.591013382353296,0.0010958207041360743,1.3322656318026496E-6
218585478,7.817260184859732,5.241784392534154,1.3333312260338432E-6,1.333335680074317E-6
1370119083,0.287760861253066,2.3026638616135298,7.136561979766897,1.3333262677603905E-6
21420093,0.4055510201533914,7.033151369875358,3.3322904007178265,1.3333058568948559E-6
12152779,4.104126209293041,3.705396055989272,0.014245920709980492,1.3333524679410651E-6
337358922,7.334064466036678,4.505411416341979,1.33333666411339E-6,1.3333313795078568E-6
447587670,6.46240422248147,0.40561997433204106,1.2168010747949766E-4,1.3369017196119549E-6
178043101,4.395253498068899,3.43479145521647,1.333336415517338E-6,2.398699381957738
5755715,5.438314933038097,5.170719660944479,2.8334490132009447,1.333338503714369E-6
1387411024,0.9165873260470436,4.197505716416969,5.537630363672419,1.3333291881854913E-6
176016306,2.729359509046267,3.7852752899500253,3.104339662799086,1.3333303243539896E-6
3044909,3.2198378304330175,3.8512027442204406,2.398903528112156,1.3333182936015223E-6
204847429,3.3684711117081103,3.9714652686072274,0.0010009987030705596,1.3321087970799654E-6
4360687,2.6569300120416233,1.871974956124465,6.3195911205952875,1.3333453800518178E-6
1271707178,3.5698790608834754,5.501603336354251,0.9166304556505034,1.333334811146509E-6
190439839,3.0442795268899585E-4,4.511916221892221,0.13467859072956515,1.3342727657628178E-6
187151842,5.2552354739678115,4.500156234252171,1.333351195992168E-6,0.40580842163685943
241151788,2.4429399070661115,4.615723787822865,2.3518686610643984,1.333338584002432E-6
4787785,3.2877976285296335,4.099866282555355,0.0019302702907907543,1.3331482059320715E-6
10185510,5.133964753681399,5.343104585736788,0.7024392580947083,1.333330921676801E-6
31633728,4.111802881359199,3.4348932375571106,0.0019942437822676783,1.3333532946773542E-6
10004059,1.5045838449339686,5.193461698480298,2.1405733597190753,1.333320901858009E-6
3373974,3.1146736269013364,4.087141404507591,1.333332216343679E-6,1.3333327488894327E-6
273114450,1.3333307270906348E-6,6.2989337629621325,1.9433259467389452,0.39968141370149823
3879158,3.4133469512821475,4.04415387167049,0.0029210453775303335,1.333323805267154E-6
628103579,1.3333096830227143E-6,5.602482239263608,5.440486357929543E-4,1.3333312790353336E-6
192121043,5.843781434637838,4.007569913318124,3.02552787060069,1.3333327108642005E-6
1312221,4.927680954019556,3.989458848471049,0.005651269353642619,1.3330539173783072E-6
145308730,4.511732174670934,3.0453945865921006,0.0012829031131340823,1.333475307386076E-6
646862038,5.5356100124731045,4.590312081120252,1.333329259992744E-6,3.434235490179642
294631191,0.005086240082832919,5.517837927362411,1.0989932622129666,1.3333404526935766E-6
8946560,4.522515849011038,1.6101378117348248,3.5842259504365,1.3333371873306015E-6
198762295,0.40646254871910753,4.389210697078606,1.3333277191702336E-6,3.045470473459744
2007924,3.4344508034027705,4.111450790670092,0.002993445262595532,1.3335206533572549E-6
1683745,2.3984829181188463,5.017828953180114,0.0024342062046075644,1.3341137052802336E-6
230727846,4.6160768771136915,0.011952508899615947,1.3335779675963515E-6,0.003486121822465603
217782915,5.668460283312984,3.481543723900724,1.3350135611478107E-6,5.3079726813212864E-5
31768160,4.226932131161748,6.740026051320558,4.595217695903671,1.3333328413937064E-6
237776406,5.9381162876265006E-5,6.176073005308605,1.8024227540289103E-4,1.3129004042674273E-6
224336487,2.3985843812993797,4.875888078457578,8.42259536792146E-6,1.2934675859011446E-6
331302998,4.682819031953803,3.5270446697612226,0.003351824289264714,1.3308123339781371E-6
407307136,2.0125966701015865,4.839417377754449,3.365228396595866,1.3333298273346732E-6
870445759,4.041901563049613,3.2025385801652413,2.1039087336369904,1.3333303173512728E-6
2708917,3.6384039654158205,4.291264132649416,1.3333283964693593E-6,0.6938587207449514
287869909,2.398535670194062,2.741478839267344,4.840886310896452,1.3333304051619875E-6
509995308,4.64500196107212,3.8717711869129348,3.341205324787627E-5,1.254361429870478E-6
367160963,1.6095548448012509,6.734708648733153,1.9460271163511431,1.3333326224505336E-6
5361039,4.920603178975196,2.6747561702895917,0.4060129311811217,1.333331068262941E-6
41357433,4.324874833380404,3.8401940654078333,2.3986365522661903,1.3333312063918617E-6
1551389,5.1358613350173234,4.262920052499877,3.465852942393288,1.3333330812394247E-6
5977929,4.723521018857943,3.850668245048381,1.3333353818662063E-6,0.4058360758874553
2537473,5.645671684183506,5.06597978235547,0.40569018916812843,1.3333310359213034E-6
16065847,0.26210206325182595,2.79844692224315,0.5428984725323114,1.3333229528003545E-6
326739637,1.6615666003435936,1.1286809340670776,0.14437872312033964,0.3573723179070864
27543924,3.0471158374093177,1.1279289860606356,1.3333477330662507E-6,0.2644573862739417
41987900,4.585575377837403,4.159490560981568,1.3333314918031147E-6,1.3333325555283584E-6
856855,2.485140382754364,3.091276584903475,5.911036836698136,1.3333279057583595E-6
41373987,4.331119586715941,4.197691866733699,1.3333273338619496E-6,2.351697055672468
1075272,0.0013546368315496317,2.3519398892009633,5.0850723113518805,1.3333147772753305E-6
252976899,0.6935014000685089,5.598782185168887,1.3333350774937665E-6,1.3333283097381732E-6
1064366,3.5269921193107403,4.527846355537725,2.803997914371505,1.3333404642950625E-6
1113090,4.548039126881554,3.8411455613680467,1.3332811691474716E-6,0.03966607438403737
179360669,0.0834721563553966,4.393546466810069,1.3333218620382811E-6,0.06416804140006332
10820607,5.133818969921127,2.4754475606880058,2.390460161361187,1.3333311693699498E-6
583684651,4.034819279440929,4.454915581554931,3.0209928655502405,1.3333369741176799E-6
335965077,2.4853394495195276,5.193415935880839,0.013263784660686442,1.3333593785319452E-6
777821651,0.16569633522654253,4.672287002029322,5.2693552116307005,1.333328584641121E-6
320498757,7.62393060534752,5.325490379153154,7.176897235551716E-4,1.3334653349712002E-6
610571830,5.759176068745153,3.8069366545827403,3.9759376758979954E-5,1.3314233805968139E-6
15977721,3.04526689619187,4.111618464686785,3.932570147041353,1.3333296645769834E-6
1476954,3.8612784228120645,4.241770738176729,2.773079733932353,1.3333324534454695E-6
35720927,1.2413467914064296,3.0392549534313376,1.3333372089228181E-6,0.023028904168893152
15597699,3.7491581694103258,2.6296073746602415,1.9236181637586554,1.3333286922498822E-6
26958503,5.70072464675194,3.94186265033665,0.9165700741746209,1.3333493127636205E-6
630230818,7.112115653461626E-4,5.566783239107281,3.020773031085293,1.333827223579365E-6
2226095,2.4973563454231362,4.803651648248381,0.25730818458962523,1.333335708632512E-6
2188824,5.883198468560993,4.807846140924932,0.40420475867852046,1.3333331182639487E-6
3830537,4.394990652140875,4.511401020776663,2.398436552650974,1.333340608356825E-6
6360082,4.1827441338229185,3.434680062686124,3.840144039680137,1.333330405160553E-6
4130384,4.620333454191604,3.555622494992719,5.423019304367657,1.3333308998977255E-6
248508947,1.3581228354180457,3.1473903059855193,0.0015667764298665085,1.3337781787131751E-6
845529,3.091647822454221,4.942249783688998,1.3333329181110142E-6,1.333332245166952E-6
231949310,2.2516848497717676,5.187779260898649,4.167058464250486,1.3333325802869485E-6
1445709739,0.9166626205967275,5.559132044956345,0.0037400969396410143,1.33329661327213E-6
54051005,4.705620746315281,3.922578093208232,0.6937459998113588,1.333335247270379E-6
363956201,1.0392003498344293,3.1385200671991336,0.2995408139712456,1.8614216077180023E-4
626589315,1.3318385666195155E-6,6.508917367525148,8.958553804717426E-5,1.3333386146276784E-6
217728319,3.9616011174261776,4.086765797655593,0.002285939793877397,1.3335919603735522E-6
174332982,4.197392701571611,1.7919502196384591,6.1105487917712775,1.3333353299677575E-6
43221060,3.51176032999929,5.75754982756581,1.098771272624862,1.333329717474413E-6
27622521,0.33274456630462435,4.761702165107444,0.8654226483522337,1.333326131051182E-6
958642,2.303523189642203,4.495182782517591,1.2536907884628858,1.3333337356749424E-6
3112656,3.6248974220923724,4.635295893026043,3.4817984575879635,1.333336989249632E-6
247605893,0.6933945278781862,5.817358615254599,4.174634690009706,1.3333249642363412E-6
54815032,0.4060851453090951,4.945865658623903,0.04027435766350171,1.33335560188093E-6
43958828,2.565438100831227,5.2422368356301305,0.001551588185248322,1.3327146872120504E-6
1649828,2.0157018221654246,2.080242276190238,4.678292102324466,1.3333288039415241E-6
22171095,4.610126120667959,2.391796664201638,1.333352432827238E-6,0.05405869333915563
316731281,4.610739140653789,2.4427876525626333,0.01118539279327277,1.3333883544449751E-6
1000179911,2.4994480119852955,3.642113758453964,3.39849930320267,1.3333258421405011E-6
25424715,2.3984050892429516,5.081915410450646,3.045032374894712,1.3333310767991265E-6
9685103,4.763020560884107,2.780172455295801,0.46125102598713896,1.3333484550650802E-6
3037457,2.9711629495985687,4.1193833162616285,2.4852269687946884,1.3333277581974056E-6
186019852,4.370019718378956,2.6031653295597916,3.418210845495826,1.3333283887330639E-6
255457057,2.891115594032782,3.5980553873991887,4.363842864387647,1.3333626612294271E-6
348630381,3.0578900451056508,4.225475434119208,2.3638690662077524,1.3333309259203401E-6
1324153,3.3065170340946293,4.514355940320872,0.10645174504382478,1.3333217869592399E-6
52858265,5.155048130253606,0.3214899230963875,1.333319223044961E-6,0.0178049976756602
1371898,1.3333313527268555E-6,5.299517464097976,2.3951934707943425,0.39656377341163057
1097118847,4.344247341901595,4.828759083275002,3.0449658074134596,1.3333373122042508E-6
3523523,3.136608811144951,3.892955656900948,2.399012145322147,1.3333358760715403E-6
2064315,4.65003442644344,2.0157210290615857,1.333253257479893E-6,0.0028440024253591867
3300887,3.7146025175843667,3.932856614853049,1.3337801461715657E-6,7.365808033561232E-4
5057456,0.02022962869717853,2.397079043865046,4.262059379182963,1.3333713096362888E-6
4587001,4.597727032193044,3.281139731963788,2.074610199518169,1.3333264114365676E-6
3117840,4.874485333707022,3.4332002676889686,0.06977551880097443,1.333329434305859E-6
450292261,5.466238650191063,4.559416840973041,2.398185740928837,1.3333312028984378E-6
1508932219,1.3333320882880333E-6,4.9494506909239275,1.3333282647581799E-6,1.3333320927999205E-6
2196457,3.9619666710160972,3.3855451949283455,1.3332463043900587E-6,0.0035433401707695334
45966580,4.197146880056105,4.559211824530514,0.010066629825733068,1.3333512629209226E-6
89692,3.9300176543937644,4.10908188398612,0.037130570028770106,1.3334048333259195E-6
222815744,4.466093327563203,5.702337174166061,2.803536437606876,1.33333077888135E-6
176925601,3.9027692494474704,3.4819706368191596,0.014143488818771302,1.3333674125037135E-6
35127351,4.9458461907903475,4.609353974765891,0.004808874836211961,1.3332974433401641E-6
781429,4.220049925317106,3.3849324780119874,4.449058359312726,1.3333301935710202E-6
189778250,2.398272937073953,3.932207148058016,5.252656771590559,1.333333446763357E-6
349467985,3.570223176958528,4.034934086796339,3.9325170260286004,1.3333315999135098E-6
990644,1.3333359820704298E-6,2.9967502531484276,4.128079237540953,1.333327761882929E-6
301613458,4.263088517950295,4.025760377244003,4.753998721535971,1.3333288731399877E-6
868058015,0.0100480562449463,5.049865142171549,1.3336546796868125E-6,5.902683180846254
190136173,3.332807646605778,3.942181529050832,4.425451850831912,1.3333325343538705E-6
27431896,3.278154164426831,3.5125213265861577,0.024062134883745777,1.3333519662536513E-6
1333203523,0.024588366190848806,2.398362162243499,4.615628691076983,1.3331320879670205E-6
200449325,0.31232928879370986,4.380716679986568,0.6851302265742082,1.3333195823397778E-6
12843885,3.3929291020110193,1.4629465498703138,1.1618284820980012,1.333338819112079E-6
242708369,6.875813014721606,6.350950160312273,0.4055287424524064,1.3332985220647768E-6
389492388,5.814276608846724,5.547262255278697,3.450122571303797,1.3333294696946848E-6
4268403,3.4346294194772407,3.714215233256057,4.395091738827091,1.3333307378634442E-6
20850451,3.179750329835745,3.3129372962100945,2.2039724638439817,0.040197919981751574
2490353,5.141980597108394,4.9490770981406005,1.3337540577834728E-6,2.482031289521666E-4
6308389,4.183430988750881,4.702860206577727,1.333360145439349E-6,0.006433405836188814
1898141,5.6299272691274735,4.761276483181665,3.067829083433393,1.3333497441151531E-6
181896432,2.397963627750584,4.263008679831765,1.3331059640160814E-6,0.0032676494755227575
12752931,3.8938214022063065,4.143626308805509,1.542694330189055,1.3333326955351939E-6
1113921,0.4227704522176128,3.6999658201930115,3.7112399507182254,1.3333334191763957E-6
145714741,3.891701433812746,3.494558892116342,0.0727147128104441,1.3333284085104487E-6
1676784,4.889934564636402,5.512672803302056,0.6911551180853444,1.333338342197355E-6
1444451,5.179052901185905,6.383596972139541,5.8097283497228664,1.333329870916831E-6
1213941,3.818061956550568,5.190527380335314,4.060793320255697,1.3333328271125167E-6
1371467,5.954963408834192,5.3992254246358655,1.758016261638069,1.3333277357048766E-6
4487106,5.3626879264880944,3.8425726822804114,0.08165700197401747,1.3333581333078758E-6
289020041,1.5041483215634814,4.990502013318666,7.099687858593886,1.3333335212950044E-6
3135225,4.511276189558723,4.949177630381742,1.3336370125754717E-6,0.00111260916261869
2692900,5.676771381455889,6.082236487595073,8.507766342291404,1.3333268503500444E-6
185416714,1.2528518696260171,4.727476719003067,6.914323189143726,1.333350325758258E-6
815942819,2.398587357126823,4.511551531738638,3.7142637364079047,1.3333325910168314E-6
23876446,4.103215301005812,3.9519297769291026,2.351944749809627,1.3333391044685708E-6
1090055,4.337391291980468,5.340039611610868,6.562544669116831,1.33333306847528E-6
