1469609400,1.0E-6,0.006291395221556227,0.007922885201614823,4.967452778994383
1262742,1.0E-6,0.0021521391113962507,1.3897220831095995E-5,1.3000642132118655E-5
431904090,2.2681019386904517E-4,0.010560179571737915,0.018228028016774468,1.0E-6
13299395,0.020055599878175772,0.0019193615592406647,0.00672395919072326,1.0E-6
467814133,0.012369476731710509,0.0030882840781754736,0.013538825704991004,1.0E-6
1114970510,0.012874219622903166,0.003801835550224805,3.131582050363041E-4,1.0E-6
546998530,0.009331954735743019,0.001119578735211574,0.002937975783487919,1.0E-6
1971402599,4.510782357451969E-4,0.006354407441408166,1.2174772219967228E-4,1.0E-6
267906357,0.012981071989918859,0.004517258880595746,9.663134549559034E-4,1.0E-6
1676703,0.0025150621638953103,0.004498649007915181,0.02219761217228235,1.0E-6
1542462653,0.017733718169086102,0.001269508068649185,1.0E-6,5.391417373166166
385182586,0.0017755672286171517,0.0018090308147596518,0.024246292240159516,1.0E-6
1354076618,1.0E-6,0.006312085667521055,0.012588132038529463,0.13252845086397502
1827621887,0.01301238235204059,0.005459121946753987,1.0E-6,1.0E-6
15318279,3.7746545718555916E-4,0.009273571593526011,1.0E-6,1.0E-6
1112056,0.006517951525889805,0.005402973810804236,0.018059453066722977,1.0E-6
2183178290,0.017593729612304182,0.0034941316447836537,1.0E-6,0.8994047976980879
1551859751,0.01884504890447463,1.0E-6,1.0E-6,0.2927054773057529
1714328,1.0E-6,0.00308685391748852,0.022473705900116867,0.6230567238901047
962785815,1.1834142045455518E-4,0.009491642616847835,1.0E-6,7.805994562250108E-4
24211166,1.0E-6,0.009570554882875493,1.0E-6,4.7301706058641105E-4
221758078,0.005301755171465085,0.003995286902108218,1.0E-6,0.4343829804965032
1088969,0.00757812899943837,0.0068765304218369695,0.009194362135408167,1.0E-6
2516898,0.013766572245321067,0.003535448120611466,0.012750416474330829,1.0E-6
1406894013,0.011855101806091775,1.0E-6,0.022190094279522607,1.0E-6
1537191,0.007915224573975154,0.008098174907375513,7.581436628626749E-5,1.0E-6
2948999,4.943005257246472E-4,0.0069089788345009845,0.013313992078507511,1.0E-6
15343745,0.013774276079421346,0.004671890328828187,1.0E-6,0.22537153963874748
15412975,0.014387709106028376,0.0036505809488847265,0.0015390621048212293,1.0E-6
1545775,0.005589165199953401,0.002091009932019401,0.028426383759719485,1.0E-6
1696627228,0.046629095197210854,7.355309136043956E-5,6.348953092561647E-5,1.0E-6
1480704938,0.014012904987333763,1.0E-6,4.895309128805691E-5,0.010428390718198814
278477371,0.020430360840890227,0.0013097034669155745,1.0E-6,0.21424808053980737
2031970835,1.5493383316725755E-4,0.007692394613571777,0.002036405250222097,1.0E-6
787724071,0.00785568995376812,0.008966951944395398,1.0E-6,3.962229232664021E-5
26913335,0.00921588197535982,0.004565920073401229,0.013940574238385055,1.0E-6
21751548,0.010604613383406753,0.005513792815639227,1.0E-6,9.846144979047683E-5
61691,0.012544187593883717,0.005324386748334668,1.0E-6,0.18867560472078038
1456330238,1.0E-6,0.0050199857492441435,0.01496736642415781,0.11216881509268486
50474234,1.0E-6,0.0031899756064559088,0.014955209050314952,0.7371719745339768
2645075,0.006676852146698112,0.0042825997778065655,0.016151693096135827,1.0E-6
1722971411,0.0013264447449915207,0.007813995469467486,1.0E-6,9.137995591681159E-5
368237438,3.790904863941079E-4,0.00875529192434973,1.0E-6,1.0E-6
1394586531,0.022109717386308937,1.0E-6,0.008129966203311897,1.0E-6
215014211,0.019703178751998687,0.0036435415257715952,1.0E-6,0.07665473642968837
43580430,0.023361562747105744,0.0022682386954980594,1.0E-6,0.11666473190981212
264345969,0.014007305449656638,0.003437576108205104,1.0E-6,0.5069617515080842
25905206,0.008773729775967496,0.002583302056589062,0.021815751292626702,1.0E-6
1335967334,5.273618814703345E-4,0.001049280301828081,0.023381589546218568,1.0E-6
1534227225,0.020789294898202484,0.003383637549489897,1.3032763948386155E-4,1.0E-6
2015349687,0.019463109696076716,0.003262214171452071,7.423754078383375E-4,1.0E-6
245568716,1.0E-6,0.0068744648611200965,0.016203880141849123,1.0E-6
922892,1.0E-6,0.027309172097651796,4.267846205087322E-4,1.0E-6
1485590798,0.013220033122363275,0.00373190986433805,3.9833029300375E-5,1.041874663464775
13429220,0.011436538563682418,0.0027663122595979967,0.0182577437928453,1.0E-6
478780012,0.022641797349164605,0.0021485550486036414,3.7042972718498315E-4,1.0E-6
1549937221,0.002007295441925399,0.003695086859707232,1.0E-6,0.14861619073941326
216497038,0.019108943748693243,0.0021308248657007918,0.009958917627603642,1.0E-6
30386835,1.0E-6,0.008418017613258782,5.129222216699066E-4,0.05263120005997084
31533162,0.009151109766947078,0.005649358942811663,1.9041327151981177E-4,1.0E-6
21552360,0.007650646580905515,0.00825366544467248,1.0E-6,1.0E-6
282674163,1.0E-6,0.009917643880971149,1.0E-6,1.0E-6
253875188,0.008977820219913139,0.004047993931622326,0.017500834884921542,1.0E-6
1593757006,0.00239653832968207,0.0017186229663013236,0.02695352207626912,1.0E-6
1470941396,0.004254339904270653,0.002878733238760859,0.026315018579585982,1.0E-6
1227972770,0.0011369285007938206,0.005368461177988524,0.020020350924367356,1.0E-6
2063174114,1.0E-6,0.01035654867766999,8.038456438490942E-5,1.0E-6
1263811512,0.014613267995702844,0.0028478018983594537,0.013573153774656274,1.0E-6
1427159752,0.02095666901509686,0.0027811919081102083,1.0E-6,1.0E-6
287467149,0.015989118022113266,0.001819788596948837,0.01481920358331674,1.0E-6
177274122,0.004920380974033285,0.00852120225193184,0.006783966476389605,1.0E-6
328294485,0.01588349052317325,0.003290319066368317,1.0E-6,0.10206175674966138
1177786565,1.0E-6,0.009680153953078606,1.0E-6,1.0E-6
1375412714,7.620497451857113E-4,0.006295006082485251,1.0E-6,3.8443253479536844E-5
1856554,0.004601179692487507,0.00600352518427087,0.020725694827599672,1.0E-6
1943148216,1.2081331299288794E-4,0.00861354817942852,0.0018687382691895764,1.0E-6
54285677,0.006391052199833218,0.00845004325653387,0.009427843397880727,1.0E-6
25839290,1.9177411441503578E-5,0.016281631476881112,0.005822880576771309,1.0E-6
360608500,0.023139789926965654,1.0E-6,0.005664839489260796,1.9184415228966643
1531968802,0.025389308873190145,1.0E-6,0.009431313719417302,1.0E-6
55153,1.0E-6,0.008727311986057959,0.011027324661703709,0.2159607272086023
232933340,0.009522319281346345,4.413889269672662E-5,0.012890826615601283,1.0E-6
1649781242,7.139197725694044E-4,0.008963979144657262,1.0E-6,8.144015610706089E-5
1386808,1.0E-6,0.012821251283821089,1.2940008711889654E-4,4.3930398835363737E-4
317303826,0.01647181122045693,1.0E-6,1.0E-6,0.5718205667492551
539308758,0.00427688601912192,0.00709327780348241,1.0E-6,0.32057150134995305
8029226,0.008518413776390262,0.01152530436357015,1.0E-6,2.008955183144355E-5
419591776,0.025416454424881014,9.165471958562825E-5,1.0E-6,1.0E-6
42141295,0.021588154545676568,0.0020987719236600683,0.009592360866771848,1.0E-6
1442509122,6.061325589212927E-5,0.0066541755286355165,0.008507172038829358,1.0E-6
686394932,0.0010248618309091886,0.002777651230615826,0.0305975350544955,1.0E-6
33322378,1.0E-6,0.003200564498974927,0.026685014428659844,2.3266466171271614E-4
14851693,0.014710691472364763,0.004187649342542682,0.011804499918777831,1.0E-6
1422773575,2.5777207518608633E-4,0.0042478000138079985,0.025287199259715284,1.0E-6
2176671300,0.024000057769666197,0.0011952149624832834,1.0E-6,0.1974978095208181
1476988950,8.630353256728267E-4,0.02049295902826411,6.522655684745282E-4,1.0E-6
5767799,2.952764845047419E-4,0.010854619656606645,2.6150723625394454E-5,1.0E-6
25496,1.0E-6,0.009037795450055492,0.0013142354635638498,2.852689490731114E-4
25614620,0.021554287321987584,0.001993509960926286,0.008435516287901582,1.0E-6
373669853,1.7189844632875604E-5,0.009535353718853858,1.0E-6,1.1755211518310463E-4
1517348844,0.004797845734761104,0.0121785709545619,1.0E-6,2.667675332833628E-4
358871966,0.004694088074262745,0.009811319113364074,0.004979594456874904,1.0E-6
6239422,0.004888626926594115,0.005786572370289071,1.0E-6,3.692107851483254E-4
1153902371,8.649253037404019E-5,0.01227122926557765,1.0E-6,1.0E-6
18454432,1.0E-6,0.0028634106469340786,0.0309026364836564,1.0E-6
2126560010,0.018748159269977676,0.00388631329372693,0.02219564090085278,1.0E-6
793489,0.004742383936373279,0.0078022420478121085,0.015705042348261443,1.0E-6
1819997118,1.0E-6,0.013365673186192407,0.018288864746338646,0.1837249117250194
1491152429,0.026341833753593672,0.002574672984761361,1.0E-6,7.652113544516307E-4
2245324,0.011529223987030482,0.0028183742598009596,0.024349882277476715,1.0E-6
1278495445,1.0E-6,0.007540369773193043,0.0062971610586961355,0.5993075226071858
577750387,0.01842829400893165,0.005620750468768754,1.0E-6,1.0E-6
621297654,0.012950482585012427,0.008942061185362603,0.009872111818416211,1.0E-6
1382916558,0.0033629967869597535,9.964663642371666E-4,0.023515496720915453,1.0E-6
192974291,0.017366748834888403,0.0027274219137718918,1.0E-6,0.39011578025375426
1331715096,0.014077924688135351,0.005828948515867207,1.3659922437626683E-4,1.0E-6
506234210,2.291337060804727E-5,0.011699270126966954,1.0E-6,1.0E-6
496776266,0.03039272529467205,0.0024137816461949836,1.0E-6,1.0E-6
221252982,0.018516826803004833,0.0072577254394011765,1.0E-6,1.0E-6
9370272,0.019062334596194663,0.005368468877982741,0.01689955551204701,1.0E-6
721435072,1.0E-6,0.013226975743088357,0.026469297854541912,1.0E-6
789852986,0.01252408764633071,0.00686366800086578,1.435892081079218E-4,1.0E-6
1543999939,0.026839589769816864,1.1741236622331568E-4,0.028610710182074325,1.0E-6
553038838,0.016008662964073075,0.012927726764484112,0.03356162750529543,1.0E-6
232007553,3.592642118474718E-4,0.01423012543874101,1.9401417693691768E-5,1.0E-6
1499377514,0.013092690972355298,0.010101528703364449,1.0E-6,1.0E-6
280453972,0.025272521734685614,0.006454805587352964,1.0E-6,0.10231214893880157
2101001175,0.0032769192212762414,0.001754513398273514,0.038210821594230844,1.0E-6
1106052273,0.002206121315918872,0.012153658137822433,0.011091774064283086,1.0E-6
1555268,0.019947560392788857,0.005631689402747058,1.0E-6,0.25799503034323346
185147318,0.010356921446825545,0.008048737574299044,0.03510140234496903,1.0E-6
473769076,0.049207829948067994,1.4036558097044443E-5,6.466935714214892E-5,1.0E-6
17504456,0.011560431505539658,0.008655816846939536,1.0E-6,1.0E-6
35901338,0.009330613781593033,0.022858199234195544,1.0E-6,1.0E-6
499091330,0.0015332054076465102,0.007697333991512397,2.847015774829899E-4,1.0E-6
489094581,0.006327892029688834,0.010351846978145464,1.3414445740372652E-4,1.0E-6
430746774,0.03831569902498879,6.861719234885487E-5,1.0E-6,0.09775691492271901
698241691,0.0017738448028558622,0.001512142603516968,0.037159622046793774,1.0E-6
2047152,0.00802990126272633,0.008470101970840293,0.024435173969414154,1.0E-6
484426217,0.012157153425061273,0.011562478012455142,1.0E-6,1.0E-6
1649551881,0.01103347179642333,0.007081927142277375,5.827322719757555E-5,1.0E-6
1144469368,0.026667040790195363,3.2052609395199106E-4,1.2083356917612606E-4,1.0E-6
1326277,0.005605007282571447,0.010748911686935252,1.117640407778238E-4,1.0E-6
959837397,0.02976220843109479,0.009285680865686274,1.0E-6,0.0698298045005836
3125808665,0.001111788247344994,0.015304883331777984,2.9647896302226712E-5,1.0E-6
392938880,0.006054387034311021,0.015039747829564605,0.016361804961614962,1.0E-6
38275398,0.019667805239978017,0.004037057786619407,0.013001291239428944,0.007061193691172576
246114379,7.54841788437918E-4,0.01126963423775127,0.03032880290833888,1.0E-6
1904819173,0.029292717844333606,0.002516502405804935,1.0E-6,0.4180031588189389
498198797,0.017361452571295805,0.012081379380129825,1.0E-6,1.0E-6
1218141950,0.012998848936464871,0.013568645718686304,0.038132303263019744,1.0E-6
1271676860,0.01126237765326904,0.006494831085264181,0.028193080268191416,1.0E-6
1676453981,0.020308751325440008,0.009702440783703213,0.05509978261052244,1.0E-6
425079374,1.1767959271241879E-4,0.022299752572540098,1.0E-6,0.02285455835429873
1516785452,1.0E-6,0.022719685417874114,4.908439040317978E-4,1.0E-6
289565787,1.0E-6,0.027337280499945035,1.0E-6,0.12021983421690433
1045930117,0.010472194842935203,0.016423414415000396,1.0E-6,0.001449243469254109
1480533045,0.010942800534982273,7.495743177379251E-5,0.01673699342938174,1.0E-6
1000424281,0.014118612852144254,0.01563603360878205,1.0E-6,1.0E-6
243496184,0.02514493422613974,0.009128020677033123,0.0067098518044708694,1.0E-6
1364311150,0.01462517690513678,0.005773169828574944,0.0553404006377015,1.0E-6
2968323592,0.013748162273744938,0.012421898721761518,0.010416866209349689,1.0E-6
24513535,0.04966631305518052,0.005127871246612787,1.0E-6,0.14891857193250993
717886418,1.0E-6,0.012141682554404705,0.026461152034382127,1.0E-6
853689,0.0308509329679684,0.017256023197085763,0.0015675215761339464,1.0E-6
1490431958,0.012188418376840345,0.0035356680579631465,0.035651497059549196,1.0E-6
1169719950,0.004824712673470579,0.00877809507030038,0.04435784590055104,1.0E-6
261196906,1.0E-6,0.036066345671287026,1.3619997656353443E-4,1.0E-6
4331446,0.01121633318003012,0.03151321997639734,1.0E-6,2.943479460918454E-4
8938946,0.00893127966594857,0.020958321457843373,1.0E-6,0.1443468309762016
45925025,0.025224477494658754,0.027310444151293346,1.0E-6,0.1992000434032278
1491416138,0.012051692697134408,0.014442019192441629,7.641107913306517E-5,1.0E-6
1401016,1.0E-6,0.023364066917404475,0.012876031493254643,0.12112733419234796
2025788866,0.01770736181895939,0.012036033421523297,0.0039916682108762725,1.0E-6
1654614889,0.010377615288789948,0.00429553235291242,0.07154975643925099,1.0E-6
229136978,1.0E-6,0.024988024960973305,1.0E-6,1.0E-6
1424109226,0.036762756125298696,0.0015608368320292358,2.5963147823801513E-4,1.0E-6
1215887186,0.00906075651512092,1.0E-6,0.09866165382219086,1.0E-6
276680597,2.66197109550298E-4,0.03526983612494259,1.7421514633604126E-4,1.0E-6
449299746,0.04069256078344262,0.010263445417303991,1.0E-6,1.0E-6
818729,0.018641617441304544,0.016187575799870436,0.0387615699021795,1.0E-6
2186924131,0.09434828616569871,1.0E-6,1.0E-6,5.886589542982874E-5
670609188,0.03595171431684192,0.007704255647820953,0.014894126113440957,1.0E-6
752373297,0.002631714301006258,0.004325987213507846,0.055325693505393486,1.0E-6
177821977,6.012549590911578E-4,0.025091646135794607,8.92531130664856E-5,1.0E-6
419425480,0.010172521992584265,0.01392813823413866,0.04269609926324595,1.0E-6
2280568248,1.5157676949391452E-4,0.014528703386109577,1.0E-6,1.0E-6
91415,0.04486071952082556,0.005068936750158142,2.4170334193948924E-4,0.06830846049056069
1751791049,1.0E-6,0.02268557632521715,1.0E-6,1.0E-6
1567628479,0.007357734102756892,0.024607417782499336,2.070062473974359E-4,1.0E-6
79286,0.02665027137401114,0.009025637731306255,0.061070235225940524,1.0E-6
637389737,0.034764804690039404,0.01830819974522935,0.026131519928053737,1.0E-6
1139660770,0.037693007540033796,3.0107404161230325E-4,0.027769014807367338,1.0E-6
1175334097,1.0E-6,0.02649432577445077,0.008962668686920475,0.023743512824466288
45207098,0.011572266290659156,0.02358516752769156,0.016143797433188584,1.0E-6
2809647,0.01996666843266666,0.03072481631826455,0.04264289096424164,1.0E-6
1636331635,0.040107589592639145,0.007439450179734854,0.014939884018903232,1.0E-6
459180955,0.018840106836701672,0.005127367954566552,0.03909288100492852,1.0E-6
48067105,0.03811784186663341,0.010200570986524694,0.003784110098231614,1.0E-6
300562191,1.0E-6,0.03164245710484478,1.0E-6,1.0E-6
1435651265,0.02150876360608049,0.018991949180748882,1.0E-6,1.0E-6
2397254,0.039304377283438253,1.0E-6,0.05952771596091117,0.007077084147935107
1773556180,7.582052590011393E-5,8.291866600299324E-4,1.0E-6,1.4093451320821075
1435018358,1.0E-6,0.0019294958688252785,1.0E-6,4.00925369310846
1636712716,0.039365906050719206,0.006040024800139771,0.016751603036278057,1.0E-6
325307068,0.013553390724470272,0.0341611055437896,1.0E-6,0.028074614446696254
286776930,0.015672747260481307,0.030752099389213992,0.029237480064645265,1.0E-6
3357667,0.045865427504435424,0.007099818747413031,1.0E-6,0.11993180904325035
1524747123,1.5002620837165504E-4,6.70583174352087E-4,0.11773356710032544,1.0E-6
5540769,0.02693836029729859,0.026252383153465262,0.013407581164546866,1.0E-6
1956431,0.029242330443818895,0.018414848595987684,0.011019990518062517,1.0E-6
2073559080,3.410084278143729E-5,0.03531870499881991,1.8813387114772524E-4,1.0E-6
45816005,0.0036918283999689927,0.10703040210257357,0.023286866882420622,1.0E-6
233899409,0.007431026591172382,0.048098338373610064,2.4407503276379994E-5,0.031232970699182544
1691802,0.015043010451503778,0.01648975504399633,2.1360582577102067E-5,1.0E-6
1288083675,0.015039075357328936,0.017525390310390257,0.03504057766839176,1.0E-6
1478180863,0.025938929779771403,0.03647067574534439,1.0E-6,1.0E-6
2942141729,8.501782155759847E-4,9.368617626367858E-5,0.06899951007701405,1.0E-6
1565173930,0.042841593774150234,0.013717524570652338,1.0E-6,0.15408656296879117
1355986145,4.110590253768335E-4,0.062223107548074315,1.4283335189670368E-4,1.0E-6
387826753,0.03504905962580355,0.026404566316522073,0.013463918633947181,1.0E-6
445583504,0.028119863858073656,0.02261995140334707,6.558834332766086E-4,1.0E-6
973423826,0.03972784118441942,0.005501025343044699,0.051846709750875845,1.0E-6
1501575,0.028753587898143612,0.018691061226811558,0.07002781374276952,1.0E-6
616930563,0.03445000204273137,0.016518961224050683,0.02837285487292082,1.0E-6
31314909,4.454230781860937E-5,0.06034828067166091,0.029963324430813173,1.0E-6
2821360,0.0408719143893344,0.029751371163036517,0.03004660564253657,1.0E-6
1304193556,8.836625987455593E-5,0.04292744663384106,8.510902710920625E-6,1.0E-6
2308975565,0.002849888268278751,0.04344904907830626,0.0026322227401517494,1.0E-6
3999606,0.004585582387546736,0.030056282459060404,0.03270763895101453,1.0E-6
465923525,9.280976793505604E-5,0.08002979915417326,1.0E-6,5.233039512682274E-5
1373831958,0.03682168030645691,1.0E-6,0.06576307665918796,0.12985877473335503
1264037986,0.0350379617167248,0.016187460735972523,1.0E-6,1.0E-6
16467772,0.04758380528629288,0.013086556123769529,0.013413333408081514,1.0E-6
1414182837,0.02253952413938292,0.02807758493931687,0.011258722047453226,1.0E-6
440174189,0.02987663772402705,0.023731456983064333,1.0E-6,1.0E-6
3599657,0.00888754773534306,0.0376784223004271,0.013288540167689523,1.0E-6
1837920954,0.009709995673785594,0.019635904645280675,1.0E-6,0.5142482682578983
1300620796,1.0E-6,0.009247978267125862,0.054057094490507086,2.074260821910501E-4
180442293,0.025153282801495678,0.032765366477499225,1.0E-6,0.00168583292049664
1328039922,0.03781169460549774,0.029072658157046165,1.0E-6,0.19426220818146298
466158442,0.0417667805638777,0.013278301490553764,1.0E-6,1.0E-6
367027130,4.475070093555069E-4,0.046990389954342196,0.012736746835995112,1.0E-6
327925714,7.71621671753136E-5,0.02008737882917793,1.0E-6,0.0039000640711373377
1985920060,0.0333067832557011,0.030232623133345904,1.0E-6,1.0E-6
1183567008,0.016932607020795742,0.04784007399084374,3.829655818353331E-4,1.0E-6
1856150,0.04235102513907472,0.014689282968779332,1.0E-6,7.101306960297433E-4
1962233829,0.029821262385353074,0.00140931514645472,0.08156124863029797,1.0E-6
1516472907,0.002307971670224294,0.0039910735293381015,0.09542761912593953,1.0E-6
144499478,0.0200282640707397,0.054413849563812566,0.0226378580838447,1.0E-6
1116592402,0.04093159911867785,0.030285356094995993,1.0E-6,1.0E-6
13436270,1.0E-6,0.07025848814309722,2.381939355985064E-4,1.3471452087376542E-4
233923718,0.025651270789307734,0.05683126914472344,0.01987167788683668,1.0E-6
1412514814,0.03311819446412314,5.673013384987201E-4,0.06433156169213411,1.0E-6
38291410,0.025609980152409485,0.011840714298455141,0.05655029359551343,1.0E-6
2210447,0.019728911246841563,0.035353156353212484,1.0E-6,1.0E-6
1579010136,1.0E-6,0.049749035690323504,6.050372269387747E-4,0.030024474119832258
1209532996,0.044637641962659784,0.014484198435847386,0.055674983248432966,1.0E-6
1492725998,2.9561676731725908E-5,4.8040496385748995E-4,0.06044363339849991,1.0E-6
1918162045,0.06283209173942478,1.0111718557754423E-4,1.0E-6,2.625253120548151E-4
223279297,1.0E-6,0.04962385989153312,1.0E-6,1.0E-6
816927414,0.06520892069833481,0.06318845183854813,5.524490680277785E-5,1.0E-6
1017038,1.0E-6,0.0583450789184758,1.0E-6,1.0E-6
673326824,0.01389116322743134,0.053822928930257495,4.069866591262467E-4,1.0E-6
755662980,0.0367024395066479,0.027598191487005198,7.256844161519995E-4,1.0E-6
185953913,0.05758316693591378,0.009205941185755006,0.011947659839998077,1.0E-6
410823480,7.762137030328548E-4,0.04683378465493757,1.0E-6,9.04177433452724E-4
416747483,0.009511417760790817,0.03249101666778311,0.02573911838017885,1.0E-6
1576395300,1.6810043423164797E-4,0.05855182070374182,0.04840186387975875,1.0E-6
237178974,1.0E-6,0.037911961879295054,8.637614835209643E-4,1.0E-6
434113701,0.003903745962548461,0.04287205527258538,1.0E-6,8.67379524259218E-4
1553062,0.008080185360646603,0.022010573266979336,0.0914332166429598,1.0E-6
1691605549,0.010793337267294343,0.06097007041439117,0.002475038356213335,1.0E-6
1032744242,0.009194630178446912,0.04126891709256151,0.003017213685811423,1.0E-6
305293405,0.0323773882654213,0.030069489778085046,0.0643432325340175,1.0E-6
477795958,0.020675077372441113,0.0399873847891232,1.0E-6,0.011401241354604673
698951556,2.828497610764025E-4,0.049774139498528006,1.0E-6,0.09028415604076899
1296293073,1.0E-6,0.049082644413701124,0.06444520819066313,0.3411901058765707
532940651,4.2488991256826686E-5,0.06465932639215946,1.0E-6,0.03067979385034668
1409019759,0.022190409180078762,0.0407617228186803,0.0019052031305668781,1.0E-6
288415648,0.016123623598683627,0.07601103648677084,0.05427295508820256,1.0E-6
2196844247,1.0E-6,0.054065436837543744,1.0E-6,1.0E-6
1083349321,6.0774327177165424E-5,0.05570458146973665,1.0E-6,9.50181415252401E-5
1869324,0.026247248963462404,0.022853514270302164,1.3950966169802562E-4,1.0E-6
10217226,6.33364713300351E-6,0.048922582802515865,0.03896422839979303,1.0E-6
1651870031,0.02839260195650776,0.08906998366928376,3.3397731607896016E-4,1.0E-6
587003481,0.012639058382672803,0.054993775775418495,0.02985458705204312,1.0E-6
1568310191,1.0E-6,0.058576252231812356,0.020148033862320405,1.0672240173235355E-4
1706203427,0.04009939672539083,0.03687123787953845,7.316300183324091E-4,1.0E-6
14869619,0.04204800935078822,0.08053398893506104,0.04330203832678068,1.0E-6
317988743,0.017739347033720057,0.04625771433172984,0.0039280087873284075,1.0E-6
798491561,3.6728334723244564E-4,0.024000248871311435,0.09274300416176064,1.0E-6
1833036267,0.013583218010504569,0.0816182428690615,0.07155621202138485,1.0E-6
1734853732,0.037333734783082606,0.039025727572773825,0.002016744624201623,1.0E-6
217639909,6.564678874257885E-4,0.0876141670785662,1.0E-6,1.0E-6
20049903,0.012928288729682134,0.09079993431678864,0.04642201544286351,1.0E-6
31283052,0.028120033841332784,0.01483526191649465,0.0944600943177359,1.0E-6
198442710,0.02715473292620503,0.04762799092915639,0.015242797210613614,1.0E-6
326759817,1.0E-6,0.08404285033951239,1.0E-6,8.273688096933518E-6
632452757,3.30460664329754E-4,0.0688637671243717,1.0E-6,1.0E-6
44605115,0.00427263355349076,0.005146225085416566,0.13473288385471363,1.0E-6
8429742,0.036946905119535516,0.014573261255059082,0.04739988499327789,1.0E-6
54793988,0.03366145784319417,0.027302388384842023,0.014003412431897712,0.05975159621129693
3429244,0.01218446449248855,0.07767031240516975,0.08359211203993207,1.0E-6
1481096959,0.04699931842344627,0.04638557049626421,4.978400467391411E-4,1.0E-6
2641062,0.005724434973589559,0.03182154818127077,0.10078548026438965,1.0E-6
1770922172,0.01991246907050969,0.05604059604007104,1.0E-6,1.0E-6
536175077,0.008417123451438021,0.0794494683818224,0.0661384799221096,1.0E-6
363140498,0.031062096578531203,0.07641561188791962,1.0E-6,1.0E-6
203244119,1.0E-6,0.04865873318537331,1.0E-6,0.5665674467936461
421383221,1.0E-6,0.09421463014807217,1.0E-6,1.0E-6
13763185,0.015383135950122062,0.08843560224795477,0.016229190871791928,1.0E-6
457199627,0.012534361112945145,0.06521509024982769,1.0E-6,1.0E-6
1955404609,3.994661504601456E-4,0.06656793946181512,0.03673993380965245,1.0E-6
399747591,1.0E-6,0.074911650327644,1.0E-6,4.756505667269852E-5
258055186,0.008908666885613386,0.0858400281645338,0.0124039835929338,1.0E-6
554792230,0.003645631024769738,0.007201093401152083,0.08414295696541789,1.0E-6
1443314383,3.919543019332893E-4,0.06331414988555194,1.0E-6,4.509880798039459E-4
530897843,1.4775917839084264E-4,0.0475359983354703,0.044387916292156306,1.0E-6
23788064,0.030504139975267342,0.08132018773609115,1.0E-6,3.6965873445406997E-4
234122468,7.124922555627448E-4,0.06441674464852015,1.0E-6,0.11182189978019769
32329455,0.007737601646555342,0.0846246550069607,0.01716828161781423,1.0E-6
1482864011,1.0E-6,0.11750110827555056,1.0E-6,1.0E-6
1573031,0.007701639354525549,0.07649806670437236,0.019208364409113356,1.0E-6
308479058,0.02755085614437456,0.05793741658185008,0.04100729358849967,1.0E-6
228131766,0.023299264413056752,0.07271192037478744,1.0E-6,0.16654044210891683
188294184,1.0E-6,0.09014789544971419,0.006521901643643825,0.08534267796149445
242298165,0.007504834030424424,0.10914308438291873,1.0E-6,1.0E-6
399496791,0.00882085477015227,0.06121129263023295,0.04159937194080425,1.0E-6
189380759,0.019994497961133235,0.06589961245838968,0.0482835417954325,1.0E-6
2049694412,0.020519993518119794,0.038586256875624746,0.05033248827260345,1.0E-6
1495967240,1.0E-6,0.06073778697591736,0.09043266533865733,0.003278297159189
1016338314,1.0E-6,0.13278312882162943,0.05373398053376486,0.05468422768632328
976955592,0.007369029631445942,0.027083699580980898,0.12838287224532643,1.0E-6
46879111,1.0E-6,0.08770361231618336,2.908864956352658E-5,1.0E-6
785790431,0.009224584175784492,0.05856989165406514,1.0E-6,0.3046743157599368
602639885,0.022091784601190965,0.11299235019383046,1.0E-6,0.09410035256724611
409147008,1.0E-6,8.680067416440735E-5,1.0E-6,1.8869432076158086
325951115,0.020708051841329476,0.07910501743947439,1.196579846795986E-4,1.0E-6
1171396364,0.02701585995675925,0.06666834781068968,3.0180969692137006E-4,1.0E-6
274978867,7.871581647528739E-4,0.09540285622662356,5.56275064903276E-4,1.0E-6
1691535053,0.12151556502211504,5.57606756721762E-4,1.0E-6,1.0E-6
1302497498,1.5399836262887487E-4,0.07409153295529262,1.0E-6,8.914912643650614E-4
416576311,0.013390824851987426,0.03236307181294316,0.11424945773055548,1.0E-6
1082428988,0.008667539539476696,0.15485935346575486,0.026889264869279724,1.0E-6
311231643,1.0E-6,0.13268931165550032,0.09594905383004933,1.0E-6
24693259,0.02161161945695341,0.0527871937257567,0.03670888344858564,1.0E-6
1454352926,0.11292272904893005,1.643866282948253E-4,0.004735925436613718,1.0E-6
1605254150,0.03093619864973663,0.017030635935349564,0.08725003397604712,1.0E-6
422169964,0.016750554413262224,0.05342582685203468,0.08792047930704648,1.0E-6
35168079,0.0089040687145831,0.14433158256276307,0.036316335121291905,1.0E-6
193880636,0.06744113306288033,1.0E-6,0.02864003719855776,0.14011094986645514
600642819,0.04135594054741298,0.06135190351515465,0.04290733717484395,1.0E-6
208471870,1.0312775166503032E-5,0.07943940564229159,0.025999493376273077,0.24307953327447213
1753558959,1.0E-6,0.08557572413234414,0.004562719771194356,0.061784142469326626
470262620,0.0164657881509039,0.08281804765638441,0.018414540006090413,1.0E-6
1555906765,3.4883520628379726E-4,0.06435094601525226,1.347336303426554E-4,1.0E-6
1507156742,0.027476565838071305,0.06051585807074773,1.0E-6,0.3248902718599852
1484325420,0.056287572121295815,0.049223856531322926,1.0E-6,2.649541864014176E-4
557687018,1.0E-6,0.15480413217976866,4.961872839170555E-4,1.3069966843009006E-5
557637002,0.011761162136880455,0.07982557281209433,1.0E-6,0.030020639952816806
1679620202,1.0E-6,0.1518507381662597,1.0E-6,1.0E-6
360644987,0.007538560117231753,1.0E-6,0.20474878290258497,0.0674800721757882
3081667,1.0347390579340816E-4,0.07503874312608007,2.4016372476461955E-5,1.0E-6
14226171,0.041156759201858115,0.16411108201608338,0.028888501061975696,1.0E-6
320887137,0.009034492571611787,0.10591932638975597,1.0E-6,0.2477537374244203
1520545325,1.8634647181688506E-4,0.07681784255455099,0.027675992229940737,1.0E-6
787034200,0.037581262311435513,0.061230509157413786,5.340294144994004E-5,1.0E-6
6878507,0.025803989304076538,0.0880807911653831,1.0E-6,1.0E-6
200486085,0.008005258553141882,0.1469600027401256,0.022741552530721323,1.0E-6
975715980,0.006401176390710844,0.12533673815917135,0.024816813776699035,1.0E-6
1086907885,0.03203226537353756,0.06795173224243936,0.050289239302810235,1.0E-6
1326449464,0.026473480018499664,0.12308699104712201,0.0021536248486280843,1.0E-6
855086,0.04542574058173481,0.15436762710453195,1.0E-6,1.2577039763537334E-4
600462354,0.04450093894709264,0.09752645866057046,0.03355959095018293,1.0E-6
1515586953,1.0E-6,0.08209462432481753,0.04680664611001908,5.087325673138403E-4
1818706836,0.07695132942956323,9.779020580306845E-4,0.005247233193948461,1.0E-6
4584966,0.0516254338388336,0.06664009662947672,1.0E-6,1.0E-6
565062187,0.019011278305907615,1.0E-6,0.235281059614364,1.0E-6
796936457,0.03430525155746132,0.10403279413419458,0.018755832128318023,1.0E-6
362626626,0.007263909100106393,0.12785913577162059,0.03166411545167957,1.0E-6
1522027594,0.02752504310526732,0.12798591073366447,1.0E-6,4.906853372898114E-4
224608307,0.012300838122606749,0.2203221849307793,0.051789296004854365,1.0E-6
1659033973,0.007854705827522278,0.06880004564835508,0.1569826201064455,1.0E-6
607866507,0.005036345998694339,0.13632881025724514,0.012674729978190826,1.0E-6
1914530079,0.021345584604009635,0.08323114772881525,0.09334878951734124,1.0E-6
1465362960,0.043780728150759875,0.05902547859256751,4.179642678530585E-5,1.0E-6
1532131743,0.03768535408925984,0.12804899577842138,4.2112870087986245E-4,1.0E-6
4567477,0.017462546842457773,0.12834702307784046,1.0E-6,0.10392987818012021
28893179,0.033940830524674774,0.08828944655698079,0.09389991467052064,1.0E-6
504504226,1.0E-6,1.0E-6,0.2879265958139461,1.0E-6
44111646,0.03824326546021759,0.12747404592209882,0.056063513411397925,1.0E-6
1320835879,0.006168339986266851,0.10160694632563227,0.131482578347028,1.0E-6
1178430872,0.0015892052949338035,0.08200146753517028,1.8996557479115958E-4,1.0E-6
266954200,0.013647058196960417,0.1651081393160638,0.09105385971869838,1.0E-6
245980254,0.008917819772093777,0.1341895947626435,0.13779062417854027,1.0E-6
1228619,0.013718442471800074,0.2828704482185551,0.030624558249479315,1.0E-6
902199,1.0E-6,0.2712906450829787,0.058902313757269155,1.0E-6
5497777,0.01460691244787109,0.25679372617721186,0.06348087509381216,1.0E-6
1398219140,3.4164793895767896E-4,0.16198344263276118,0.002157105030239851,1.0E-6
7326258,0.009459668592074146,0.40305299777361425,1.0E-6,0.02432761788566164
1389152936,1.0E-6,0.3298114226922876,1.0E-6,1.0E-6
12294825,0.02503174492908283,0.13197044550888717,1.0E-6,8.660770902053991E-4
37418852,1.0E-6,3.6742939259892495E-4,1.0886873855604275,5.417635983642631E-6
202233073,5.973335758734702E-4,0.22008556271721325,1.0E-6,5.001830106944766E-4
4277286,0.0021680865853297435,0.248545145023445,0.0013588185794715995,1.0E-6
513777862,0.010831486563605913,0.2215434025425391,0.04588256162327337,1.0E-6
6339155,0.03338012345301901,0.17792211586978637,0.06407804426991012,1.0E-6
598953104,0.0621411740636495,0.11003007417119322,1.6882147882650374E-4,1.0E-6
1036313865,1.0E-6,4.024427892183419E-4,0.25461255035415215,1.0E-6
292541916,1.0E-6,0.24079646420903972,1.0E-6,1.0E-6
549914473,1.0E-6,9.225424598508798E-4,0.14235201532930294,1.0E-6
1507355199,0.019555792205760873,0.20226335247822114,0.010767225621908426,1.0E-6
28249774,0.010804304411511038,0.2559360210186713,1.0E-6,0.13157827844636089
25969892,0.0386214342319858,0.13421011468401486,1.0E-6,0.12596303116124746
1153093183,1.6784815593535654E-4,4.613809850558087,1.0E-6,0.00461568598267867
1649486146,0.1028105400812202,0.10051198902207466,4.74599061426642E-4,1.0E-6
422202887,0.031064918283502385,0.2137963280634927,0.034848782630106497,1.0E-6
527605791,3.997961668920356E-4,0.15724266329282277,6.049682917048512E-4,1.0E-6
1757730544,0.038840753387511466,0.24706891528717514,1.0E-6,3.3221476209447596E-4
278969024,4.6030735029297347E-4,0.20546520196259332,1.87947658373296E-4,1.0E-6
56061555,0.022958719741115314,0.46802048739289204,0.04813707511100668,1.0E-6
3925743,0.009611595130645776,0.335966946077755,7.151411488329729E-4,1.0E-6
239723074,0.05261069019195991,0.2345229247457964,1.0E-6,2.3492737803396162E-4
267960956,0.0079857310153511,0.1666698956579588,0.059938968326707004,1.0E-6
661565659,0.016408507359679587,0.17960398581582696,0.1415520841319196,1.0E-6
431007701,1.0E-6,0.23051472453401733,0.021464499906112915,0.3192811950193335
262061359,1.0E-6,0.2679323799745277,0.1458702408987139,0.06038779774606177
1674727,3.224600081232792E-4,0.006500985593352104,1.0E-6,0.2750290903982717
562986421,0.06677445183626833,0.18626929144904067,2.5154754602793844E-4,1.0E-6
307212206,0.024148361189348714,0.10985928116580713,1.7929858438204483E-4,1.0E-6
329032009,0.012445718772418821,0.18034843583004137,0.17637019336956888,1.0E-6
1499366709,0.016262641795670007,0.2108319613126579,0.06802444189668343,1.0E-6
1277491366,0.02425293564795287,0.1541936290230927,1.0E-6,2.107231255986581E-4
315377927,0.007660447705801086,0.19689697469626974,0.17010414674438387,1.0E-6
1400344254,2.2462936495183555E-5,0.13198169795437553,0.08592839428131,0.031355433446627744
395692372,0.007988842458018005,0.265157545637194,0.04414416090456816,1.0E-6
7251090,0.01947260055159781,0.22364537966448295,1.0E-6,0.007900730487096568
602163313,0.01706294040781974,0.22519096533816976,0.04982033113858666,1.0E-6
976675492,0.01326941581172935,0.19432850824278328,0.0738845185156933,1.0E-6
528372598,0.028591695355602548,0.23290942294302366,0.030267806842617272,1.0E-6
1776159778,4.0235334550731914E-4,0.21933101914462672,1.0E-6,1.1118961108564246E-4
2138705146,0.006137618060778307,0.20972825171267284,0.0365186556750452,1.0E-6
1467334728,0.039927045219532296,0.23178650571149323,0.041685431236841514,1.0E-6
905890985,0.06835536632092032,0.0013872502230691543,2.1547324083221326E-4,1.0E-6
1490671767,0.03459146061181442,0.2108754991889214,0.0013169780862612973,1.0E-6
517406675,2.2971359451853672E-5,0.22243132382909306,0.09193701804980618,1.0E-6
262385842,0.0017164414270719524,0.19860569847240056,0.1782389795284645,1.0E-6
1627581574,0.037986242916046374,0.12659431982606395,8.768288781944512E-5,1.0E-6
1293482,0.030820081755696845,0.30824420123973517,1.0E-6,0.04592554932866807
21142246,0.014181976723520368,0.26588794813098815,0.07589677787276501,1.0E-6
1175253,0.026829456093565802,0.4085897993499866,1.0E-6,1.0E-6
29574323,0.001052201001283804,0.5143691035632305,4.7798065604771174E-5,1.0E-6
1677872605,0.003198719507115247,0.46423799352854456,0.003646534508296728,1.0E-6
315420407,7.183313464777636E-5,0.1775971617749249,0.20613397501928124,1.0E-6
367792890,5.5195902772304506E-5,0.24543617021957612,1.0E-6,1.0E-6
18382607,0.026042866944102967,0.37534609541682395,1.0E-6,1.0E-6
252220691,0.01816501309641722,0.45105266076770917,1.0E-6,1.0E-6
1720320675,0.03214661812791014,0.009058812350145636,0.2837562588266732,1.0E-6
596888605,5.481811041867006E-4,0.1576166298148674,1.0E-6,0.12559325010492572
356916851,3.3305296665474835E-4,0.25703024242546546,0.09138580112905434,1.0E-6
3398876,0.01278235920810298,0.378852338830581,0.15569093783190985,1.0E-6
13889052,0.06867093977279605,1.0E-6,0.012728495214403555,0.11172968503531569
1522963042,0.0061864988737929455,0.18376965477276286,0.1042139057022222,1.0E-6
536515954,0.026365162767561175,0.32463696837388106,0.008456709482621783,1.0E-6
1239547647,0.09493202043622385,0.03994708024678407,1.0E-6,0.0012731547188795911
660530792,1.0E-6,0.4441223826061675,1.0E-6,1.0E-6
13114092,0.014680783100475034,0.3088835978552483,0.11837700649839199,1.0E-6
227342221,0.017456406993526814,0.33698357322364547,1.0E-6,1.0E-6
490407155,1.25449393621989E-4,0.25656373315367004,1.0E-6,1.8391370710778185E-4
1964604447,0.02723110614123277,0.1892496994796999,0.0020186423213841426,1.0E-6
145795748,0.010963687163543305,0.31507000496773624,1.0E-6,0.08881416048138248
216469060,0.028697232726108947,0.24914456733844825,1.0E-6,0.22883552530666712
1293951323,0.006717473629024631,0.25721462514482724,1.0E-6,1.0E-6
234623250,0.05527076694921803,0.2694384508174175,0.07001166151340853,1.0E-6
558684145,0.00511523903990505,0.2224965791540948,0.1327932068236601,1.0E-6
4623497,0.025100753711203773,0.2270269291446222,0.12427100853950543,1.0E-6
249061491,0.053302317252700834,0.21209074692417185,1.0E-6,0.06628764751380424
1702552003,0.02334308471528064,0.25372909436571567,1.0E-6,1.0E-6
47525,0.03580719120212745,0.237509726038236,0.08672135823561798,1.0E-6
53960967,0.051590560339757015,0.19862717310863415,1.0E-6,1.0E-6
183636049,0.03289126146918767,0.2752191432671821,1.0E-6,0.0971163118004523
1543676122,0.051547327620351566,0.29389127518282965,0.05870267143631544,1.0E-6
196778200,0.01164446948988806,0.390862873003349,0.03994108474436023,1.0E-6
400235601,1.0E-6,0.4470505230601853,1.0E-6,0.08062030253633677
263832221,0.018387170214671737,0.401346750468046,0.003927416311091164,1.0E-6
883349757,0.01266503227059128,0.25850041804739093,1.0E-6,1.0E-6
1265783821,0.036036289199539565,0.31333613630148455,1.0E-6,1.0E-6
449067455,8.925026489245228E-5,0.21304723446906781,0.1785112278555988,1.0E-6
31836700,0.03307315360157975,0.3108720249118336,0.053020807685805145,1.0E-6
207765407,0.05725216211363465,0.2520521840300015,7.316059383651394E-5,1.0E-6
646795831,0.022168615573308816,0.484583244755491,0.03690989238534899,1.0E-6
1227476,1.8890949421672575E-4,0.3381333823475951,0.16775032553311678,1.0E-6
466438858,1.0E-6,0.42457898928802223,1.0E-6,1.0E-6
303310424,0.01799621435246853,0.16024983923488212,0.17031434597023762,1.0E-6
745141012,0.009113919239995688,0.3455667834025551,1.0E-6,1.0E-6
459486971,0.01763113794225324,0.30341587151882393,0.08030280648182125,1.0E-6
1244851794,0.0501843615697922,0.3762950211940825,1.0E-6,1.0E-6
930783860,0.0077898159760385,0.30417329629580653,0.008507477598280626,1.0E-6
726342021,0.04250431484378371,0.3822435195467019,1.0E-6,0.07230867776224928
295032399,0.013084391293499892,0.3214744342972921,0.15299570126049142,1.0E-6
54194045,0.043392393530557426,0.4013472688116877,1.0E-6,1.0E-6
349509147,0.04686237915866229,0.4106919736130611,1.0E-6,1.0E-6
28946283,1.0E-6,0.32231206684994745,1.0E-6,0.20504601282285667
8615719,0.02142765432428465,0.40833298720273736,1.0E-6,0.06314599834107434
489759486,0.012729437717328573,0.5143214743919814,1.0E-6,0.11445256428674362
213089330,0.0041077507164414264,0.4738641209959485,1.0E-6,0.0010381876074756155
316964053,0.07171919084615337,0.22208424597697077,0.0641173128178662,1.0E-6
1027212419,0.016118260968182425,0.23519188403875144,0.11446539962965054,1.0E-6
2316813039,0.012241773731235637,0.16013722429885197,0.21580833092685972,1.0E-6
205179636,0.007783261710923808,0.32677025658383096,1.0E-6,0.1508817275251548
179649326,1.0E-6,0.24257579442253138,0.002534519051742255,6.958486405432938E-5
467702658,0.010617074147297663,0.40062177725154746,0.07871570260861621,1.0E-6
1172289835,0.008636478435771125,0.5097553708097828,1.0E-6,1.0E-6
1030664219,0.003902083377702238,0.3085070784310432,2.933370709197579E-4,1.0E-6
468098413,0.0014626776605287353,0.5638038545574604,7.348252116886505E-5,1.0E-6
1466683017,0.10110397136342769,0.1867503854341228,1.533149252042954E-4,1.0E-6
1380723642,0.030035665828272527,0.2667850452746907,0.17215654027117933,1.0E-6
22628170,0.027007387837372197,0.35187919113411803,0.06067069176978844,1.0E-6
1435070648,0.0028086899132072586,0.3858809458588398,0.037925089526188206,1.0E-6
357757604,0.05404018996444304,0.3655729316808741,0.023214135321847715,1.0E-6
749668537,1.0E-6,0.5126377272328837,1.0E-6,1.0E-6
905938824,0.015023866641849855,0.44551252753246084,1.0E-6,1.0E-6
1473393,0.02750071324447169,0.39076699701091316,1.0E-6,0.09852749323675555
1460711082,1.0E-6,0.28595773723098056,0.10689429250051659,1.0E-6
238380518,0.04276917851015172,0.2657290772824005,0.070301079596757,1.0E-6
11743588,0.04195559613853542,0.177822424861462,0.23856818265335578,1.0E-6
276603658,1.0E-6,0.40617532967529507,0.014074146139400265,0.07348035605395929
1557895756,0.027333557936371412,0.44590256007850715,0.028514970391383027,1.0E-6
202670502,0.0825689923488887,0.20752202813042855,8.077492130587733E-5,1.0E-6
198854466,0.03064883811876602,0.3663297881607311,0.05454083739108957,1.0E-6
1929380441,0.009810647190736547,0.22680642631541933,0.25159798755301527,1.0E-6
572377614,0.003670330610216364,0.0859832627608058,0.28060671054389164,1.0E-6
1359231784,1.0E-6,0.4119093977700605,1.0E-6,1.0E-6
495379863,0.026940619790446638,0.35589887579921164,0.05204410245423871,1.0E-6
40366309,0.059795264346532505,0.36644334783004107,1.0E-6,1.0E-6
8907823,0.03179615508235377,0.29553484827310267,0.18971329012535929,1.0E-6
564835471,1.0E-6,0.5477398064842375,1.0E-6,1.0E-6
1988504894,0.0058370471978632255,0.21966857245568583,1.0E-6,1.2328250096724848E-4
643911676,0.10301118699892897,8.522165399411878E-4,0.23993208663226634,1.0E-6
425194107,0.018771246687286528,0.3527858260043789,0.08413875819709465,1.0E-6
253454704,1.0E-6,0.21874606350001133,0.3063298328902269,1.0E-6
963680216,1.0E-6,0.33032824635903624,0.14122129918391926,0.015451816339172853
526751220,0.04492524059359327,0.32103474104880725,1.0E-6,0.1378605872393091
362614946,0.03201313115703089,0.32507616557752433,1.0E-6,1.0E-6
605276364,0.08791214581775648,0.37308097622658054,0.03136158156619835,1.0E-6
1523737196,0.01808545670794331,0.3132189595410307,0.10079873263580645,1.0E-6
1499566990,1.0E-6,0.5906029369543029,1.0E-6,1.0E-6
201037829,0.06100017036912532,0.27077062183060585,0.08345721197054899,1.0E-6
256497809,0.04873861357194991,0.43248601091102123,0.004144806509668853,1.0E-6
6091652,0.037428480159776616,0.4536789296349309,0.14224522223385735,1.0E-6
216662596,0.014218133905307687,0.36306614205383575,1.0E-6,0.0014296063520123966
211895754,0.04207621600186692,0.3442679043295889,1.0E-6,0.06257462328984505
218139189,0.030512341894632228,0.36794615462939584,0.15474874453465434,1.0E-6
2077774514,0.00609228511458638,0.41396455143250366,7.327771454678757E-4,1.0E-6
55995087,0.07273991045848759,0.2463839466077473,1.0E-6,0.02078023968296561
222066767,0.012578110480477332,0.4025619248751687,0.06715010786522586,1.0E-6
267621951,0.014031404654194052,0.35194658533656514,0.1801067995736863,1.0E-6
177795215,0.05313782224547921,0.37739432834600417,1.0E-6,0.21305190343836644
4562165,0.036940959398652294,0.47661068668332274,1.0E-6,1.0E-6
332326823,1.0E-6,0.02208909449189522,0.33914965194455077,1.0E-6
1512211528,0.1370358409885803,1.0E-6,0.2721399828774789,1.0E-6
228667981,0.15429292875535486,0.23450166591313668,1.0E-6,0.006121958366847772
271239922,0.1126196177476961,0.23359223470348253,1.0E-6,5.765762337268466E-5
1501539660,0.10850786136431546,0.40055890733682886,0.041136155134733045,1.0E-6
1513088920,0.07732440668330169,0.20238654886868485,2.13235702499815E-5,1.0E-6
1360848222,0.021332644847507073,0.4170121990880832,0.06603664688923944,1.0E-6
1538102375,0.2882703215680402,6.660364735144971E-4,1.0E-6,1.0E-6
864453698,0.02698092595626454,0.24851768270810362,0.2555565688699759,1.0E-6
1178456903,0.11051082463109911,0.28973337058553633,1.0724033222888864E-4,1.0E-6
199158775,0.04087423126365808,0.10997162718067825,0.40004263193453266,1.0E-6
870166,0.15249682588117652,0.24993083724120466,5.896360873861461E-4,1.0E-6
741575740,4.3734041731098425E-4,0.2882439814180375,1.0E-6,1.0E-6
2869768,0.14249303825171597,0.29392929542034835,0.04024992861210604,1.0E-6
864009,0.2008569177460567,0.1619445970245676,2.4063832851755162E-4,0.01707053562252274
1320005854,0.06718618090008156,0.2740214588961822,0.0013088094691181048,1.0E-6
240383262,0.10593761523281445,0.4644812552689924,1.0E-6,1.0E-6
20362787,0.028006376982748615,0.3679600771692711,0.1531889194686337,1.0E-6
3384273,0.09370345153649332,0.29189972733196223,0.2243815575641508,1.0E-6
1297589,0.12146565827213522,0.27307436084638836,0.08683940468408784,1.0E-6
3868576,0.05698147721525305,0.3154866299541334,0.10889437021668597,1.0E-6
1505821325,3.5952022088530083E-4,0.288015590561941,0.18002274679822358,1.0E-6
869170233,0.08646999722021197,0.5102554342560744,0.11574309164050599,1.0E-6
478494954,0.11151492174849466,0.35047191409269834,0.08957206021175879,1.0E-6
1056489708,1.0E-6,0.40320938414253193,0.06157847394817094,0.11098399605183552
2805685,0.15704558286415737,0.28262410497093093,0.046176898777271796,1.0E-6
457726539,1.0E-6,0.4644751365098605,0.016336325378158812,0.020391615888276995
10792760,0.1983199789336813,0.320143298616493,0.061955014132748086,1.0E-6
237513364,7.662995623994488E-5,0.8681330907347564,1.0E-6,1.0E-6
476132155,0.16052554064956168,0.40578573172998694,0.001471186904649624,1.0E-6
1430565170,0.0010759542409063772,0.013055044213826188,0.42116808463825245,1.0E-6
1198017,0.038611331895177854,0.3448447955309375,0.2043622966019904,1.0E-6
247538574,0.1234182303035396,0.3700458484831829,4.3413847340094865E-5,1.0E-6
561748977,0.11560212568919342,0.2396379243509665,0.1742233317381875,1.0E-6
25485637,0.012676883496917852,0.6577300922723569,0.00866853547642408,1.0E-6
507532621,0.13668814876949775,0.4384495038691782,0.06429745422204552,1.0E-6
188531337,1.0E-6,0.3444353464822772,6.64408166035124E-5,3.7415578689347674E-4
538891745,0.0622136726975267,0.4372699053371881,0.15420789528276535,1.0E-6
309256667,0.3018667033482036,0.3463244418800366,0.04628987245551525,1.0E-6
1268586529,0.0059225948582771115,0.38119424413605335,0.10439065767147626,1.0E-6
205697930,0.18836047412125453,0.22244364171001607,1.0E-6,0.10247122853726402
2493785,0.07720034275080558,0.6414577991107171,0.003374196567157026,1.0E-6
1637893417,0.09930272397201334,0.4826004388742471,0.0012688794407439313,1.0E-6
1225970901,0.0011407522003079689,0.3331035397513084,0.21003405716209644,1.0E-6
42374887,0.12127571726219144,0.5113108165312891,0.06491305740163945,1.0E-6
1217669213,0.236433238850098,0.1688921184645982,1.2580128370306924E-4,1.0E-6
249463098,0.21227972265224623,0.31955555388365214,0.04244207148195538,1.0E-6
186892618,0.14267518611055596,0.3292268175616166,1.0E-6,1.109587716376763E-4
3014331,0.2100292377656393,0.3352750248775799,0.04386455544630207,1.0E-6
303982408,0.11815867322344094,0.28327933592764476,5.071360820606209E-5,1.0E-6
1325596464,0.05647017472162302,0.42814639259007803,0.24316333203932478,1.0E-6
1351903609,0.10412543025646674,0.6674826278929523,1.0E-6,1.0E-6
48805145,0.09624063471180315,0.6457940406765229,0.07183520232267197,1.0E-6
373615074,0.15647421778816759,0.44742858265007085,0.05270199612595913,1.0E-6
179192602,0.2845530364132073,0.4138333908856857,1.0E-6,1.0E-6
1585494956,1.0E-6,0.6691158212627504,0.003950372501511706,1.0E-6
178448614,0.16800214137904165,0.3576830933974136,1.0E-6,0.15828591097732783
11936494,0.23423649966115073,0.2744424062457657,0.09031932029301226,1.0E-6
361863289,7.468814720958691E-4,0.2228947131543319,1.0E-6,1.0E-6
310091193,0.22782943327374425,0.13532023108412225,0.2851763727814352,1.0E-6
1198417,0.2880566237329612,0.23555463427451398,0.08071339552555439,1.0E-6
794087,0.33965098381919917,0.19252664839862993,0.1822680997800628,1.0E-6
530770006,1.7745624973899122E-4,0.29664641366054106,0.14447110663990964,1.0E-6
530899937,0.2906444294464658,0.4940247431822943,1.0E-6,1.0E-6
353020539,0.2510063288769473,0.2547877092704267,0.043581279390385974,1.0E-6
1515197396,0.11964263197234826,0.33577834989753164,0.14548684443933793,1.0E-6
1217807468,1.0E-6,0.5735934437394299,0.034800079859672636,1.0E-6
812059436,0.005056577375147943,0.4483007202011593,1.0E-6,1.0E-6
711882506,0.25240321604856647,0.49171504199561594,0.08980343512422086,1.0E-6
233379621,1.608039084829108,5.578383960898821E-5,1.257031171867041E-4,1.0E-6
642020385,0.4149183758733459,0.3609515114351028,0.0639715350381969,1.0E-6
21413848,0.26284336606605313,0.30453183874289474,1.0E-6,0.0788759861219717
1517665571,0.2673488925744494,0.21061492468816942,1.0E-6,5.779993393679824E-4
250649733,0.19235202729106,0.2183490907588122,0.335297549580636,1.0E-6
1513962184,0.4163013001377435,0.07020753310157518,1.0632388595806436E-4,1.0E-6
1080490214,4.550486728632784E-5,0.26619680864190665,0.15150532071649714,1.0E-6
342135320,0.2596945802024569,0.23354792980121855,0.2435244148166897,1.0E-6
406131785,0.32568514024019013,0.24991985888505944,0.13217526148487505,1.0E-6
415340009,0.10369610957097809,0.749779480339778,1.0E-6,1.0E-6
23640688,0.24853592354498005,0.2929261668001553,1.0E-6,1.3354935182756868E-4
1557097025,0.5933177818107443,0.3285866756802703,1.0E-6,1.0E-6
300551308,0.5479889424196768,0.4226773129134465,0.04321133270051909,1.0E-6
1676477,0.15120123062767377,0.6322693346329199,0.005192068281457715,1.0E-6
185524037,0.30310510549891595,0.42133850423421526,0.14014616863476254,1.0E-6
197868268,0.2150163736433686,0.24417622375911768,1.5460090693141443E-4,1.0E-6
637296152,0.5115627395835695,0.0033229443075455663,0.42905763823240295,1.0E-6
1530338851,0.26537387566873094,0.36147525985781204,0.22354181632048023,1.0E-6
2382136,0.0025085981430271894,0.3921975863716172,0.10184814413268192,1.0E-6
1068757954,0.29110331540001455,0.33785355064190264,0.048721239871410485,1.0E-6
259362248,0.5658009211015091,0.31943560608333466,0.10233310062917768,1.0E-6
1968021964,1.0E-6,0.4966772356281201,0.14953344176035988,1.0E-6
257610297,0.36449413160765803,0.31416841455091493,1.0E-6,0.06920913231803726
1347197698,3.85561579320132E-4,0.80185315157361,4.768013018417412E-4,1.0E-6
9539073,0.40856953508528004,0.43116987239806787,0.02934926655598653,1.0E-6
1381400840,1.0E-6,0.5797153746558603,1.0E-6,9.015780691943996E-4
744313691,0.27529678277627145,0.33992658719559576,0.11061965981628488,1.0E-6
376424344,0.0030249132929433447,0.6163502829688198,1.0E-6,7.852631345662832E-4
342018260,0.06603662143429662,0.6169861289403692,0.045019503195619585,1.0E-6
208265659,0.20651665476934009,0.3680886114617304,1.0E-6,0.30289113165626563
845519,7.368258751210409E-5,0.8423607402880084,0.0941594107171237,1.0E-6
16262285,0.5461361574004538,0.2484848583494386,0.07203329098597275,1.0E-6
1567992975,1.0E-6,0.4241941866005379,0.24865363111425004,1.0E-6
12906914,0.2147903492408602,0.48880503398969233,1.0E-6,0.28555272909726753
407092217,0.001415391664798277,0.3113485451600853,4.391739022680042E-4,1.0E-6
979633571,0.7281298967870508,0.006294953151581764,0.14192736154212196,1.0E-6
523025192,0.6996899175318564,1.0E-6,0.36757651494576216,0.11297216195016584
752099318,0.20361593121518787,0.30726490569233283,0.0885443473186449,1.0E-6
322100534,1.0E-6,0.6576593152693079,1.0E-6,1.0E-6
1661597304,0.385794153313799,0.2794729230227302,0.1606417824783382,1.0E-6
1721619967,0.4745815029742263,0.24279920491153703,1.0E-6,0.16902482563775587
1788508,0.4964427475160778,0.3607577237635042,0.17168369733991667,1.0E-6
33747063,0.43528778791451017,0.26254824869914395,1.0E-6,0.015912507835862604
208808122,0.7126714022405385,0.14031617249663592,1.0E-6,4.3905064511727395E-5
26795042,0.5570137854144632,0.28540325485043316,0.09180911930907751,1.0E-6
192231307,0.5377971940513072,0.18080879180935466,1.0E-6,1.0E-6
535887615,0.1387306744693068,0.43762750204241735,0.25056586357998345,1.0E-6
241421428,0.234400253103949,0.35953199818258735,0.1829192739189372,1.0E-6
235476465,9.442564384646196E-6,0.6716108246742324,1.0E-6,1.0E-6
271156627,0.47516251651215335,0.41037562485961243,0.0357458410143565,1.0E-6
582416280,0.6633864930760113,0.5661930226270274,5.908706692084756E-5,1.0E-6
382170702,0.0015256585392438566,0.3472566330797933,0.20611671241122642,1.0E-6
175485485,1.0E-6,0.7068876436911472,0.13415403991617975,1.0E-6
1484014000,0.5798228439684789,0.19540473311741624,1.0E-6,1.0E-6
1119840252,0.14979186062032615,0.0600593461670086,0.3269575904980271,1.0E-6
200888797,1.0E-6,0.8499095682443836,3.836451428256205E-5,8.371618661968658E-4
831038,0.33742155812395314,0.2844354565517798,0.20993209149256653,1.0E-6
37077380,0.7089965160910743,0.3193395234013673,1.0E-6,1.0112093090963118E-4
467481116,0.3279891595921996,0.8217267168315601,0.04339491016710526,1.0E-6
224888618,0.2507490605117564,0.3336564967947572,5.43307172653487E-4,1.0E-6
266084535,0.5638652997645218,0.27662990059506654,0.03435460468858727,1.0E-6
363087494,0.5549751795618572,0.571247646571463,1.0E-6,0.007132343229024908
335036925,0.23023774918650863,0.39157200806269293,0.21628414437888466,1.0E-6
1528450183,1.0E-6,0.4458034603374792,9.282380974479363E-5,1.0E-6
1038393,0.6685372456004386,0.44768807433794716,1.0E-6,0.08226169043311811
460386136,0.49365897455149577,0.20634111800938937,9.359641447155747E-5,1.0E-6
471877964,0.4819711573842182,0.43812210501352894,0.047850810788439876,1.0E-6
267653965,0.41626231574988504,0.5272676249869391,0.22531641315753415,1.0E-6
50844490,0.7283124954023307,0.20020602229833545,1.0E-6,0.06692141596868345
26926343,0.9411657452484485,0.3700021415061059,1.0E-6,1.0E-6
1991366,0.5376122416248759,0.37195539064635996,1.1789738563757786E-5,1.0E-6
372958001,0.22907721893081953,0.4232642554209968,0.18253018140770996,1.0E-6
224984506,0.5338428868730297,0.5131415193230773,4.884914846184771E-5,1.0E-6
30412871,0.636853978043819,0.39280854963004863,1.0E-6,1.0E-6
239380550,0.27183240648787316,0.47974775577555423,1.0E-6,0.38802768829635537
23732334,0.6271299674547535,0.5333606759743927,1.0E-6,1.0E-6
976262961,1.0E-6,0.41397536950431735,0.25473114843544087,1.0E-6
44272785,0.40803940981508047,0.34986036161841955,0.08148793251614429,1.0E-6
5175130,0.6997104097775181,0.513135147290794,1.0E-6,0.008432332859717328
1465001512,0.4981700891591197,0.5802856539560134,2.537357679889736E-4,1.0E-6
359509471,0.3181720053771754,0.5088914441067444,1.0E-6,0.3678944521079477
43373288,0.31638039391317374,0.4742601400808334,0.0018472529275867882,1.0E-6
769582,0.773655265709016,0.2594768690820291,0.07243655973835193,1.0E-6
1484212212,0.3346368687367144,0.41261872345209955,0.1357130519768907,0.04984740085856209
16838282,0.7391788601880934,0.23217108797280722,0.003218952874789462,1.0E-6
366564420,0.483380820972352,0.3307536259265035,0.17575590664235904,1.0E-6
856125062,0.6504841049504043,0.10033458366165776,1.207027245588929E-4,1.0E-6
1477732293,0.4665098740411695,0.6856283461362103,4.7700388971158255E-4,1.0E-6
778228762,0.23060207637944993,0.5748526826571033,0.19350618107169743,1.0E-6
495410610,0.8830570428439913,0.37039034982226626,0.060688137250574974,1.0E-6
2061161,0.6543962168971866,0.24024491953064356,0.02063634341866566,1.0E-6
635537849,0.21978871646462098,0.46037135478931923,0.27228725797723935,1.0E-6
9688438,0.5789626779334948,0.7294812337392157,0.035819920647494743,1.0E-6
2076190,0.6734021978831981,0.278106146183855,0.13231376708924222,1.0E-6
387804605,0.2515107776231282,0.6100784538641745,0.12259888476181197,1.0E-6
299889819,0.37258920528242623,0.292961674264458,0.33789073180537316,1.0E-6
526363172,0.009929054023604979,0.8713539009963294,0.004502187291069607,1.0E-6
341934645,1.0E-6,0.37915523804983775,0.2905042088273782,3.943702228201525E-4
12462327,3.4451186166461817E-5,0.960335081037879,1.0E-6,1.0E-6
1392836448,0.5339398084196754,0.5298801563635991,0.1936486757198507,1.0E-6
1066901,1.017672163994634,0.20614477944485451,0.06952255657967837,1.0E-6
527909974,0.7973921230545596,0.43621651481497836,0.168301582278978,1.0E-6
781876,0.378631100690648,0.7682132135325862,1.9343439744104894E-5,1.0E-6
242343983,1.1592557009276339,0.12014083334230821,0.023752040644080454,1.0E-6
42050086,0.37481537607378734,0.4967947816677164,0.0030117111884556914,1.0E-6
208695603,0.5987033942102493,0.388342740142999,1.0E-6,1.0E-6
1603709979,0.5255830416508026,0.5830109697895731,5.9780298073730236E-5,1.0E-6
12823531,0.9735504057393946,0.24600369315594806,0.24759678671412882,1.0E-6
2479803,0.5262777771289631,0.8704234310685945,1.0E-6,1.0E-6
240442515,1.0962625003765463,0.5303817023620732,0.031070339556485544,1.0E-6
269922335,1.413248681792465,0.0059723793419679426,1.0E-6,1.0E-6
1215437540,0.5605066532321112,0.3650235944324559,0.22855253499176398,1.0E-6
196677619,0.0010241623503290127,1.035527419111445,0.0012718112053988074,1.0E-6
211739830,1.377383850218496,0.5387533237024414,0.11643850918830789,1.0E-6
309194749,0.9816773528561575,0.5133819300583176,0.1488635258228058,1.0E-6
1424701184,1.0E-6,0.8255909866374598,0.07067282382571408,2.6204695658802273E-5
78648,0.9336759179146251,0.3547302396233694,1.5071427141972188E-4,1.0E-6
343614888,0.0012802530801565041,0.4391070285337864,0.6101227942031957,1.0E-6
206367606,5.080680910006627E-5,0.9020420333690352,1.0E-6,1.0E-6
329678610,1.4283661035497583,0.3161045570371503,0.22578128257183175,1.0E-6
22440645,2.042125595252123,0.3115058678414261,0.07532613524564734,1.0E-6
29859151,1.522256518785745,0.2232649701849649,0.15919629810619676,1.0E-6
788005,1.4492893036318788,0.5966304861563267,0.011323132172687345,1.0E-6
23461186,1.9840741129225266,0.3844483522737657,0.11905063223275283,1.0E-6
13059005,1.0682155204736146,0.3207133014246848,0.36256909631264395,1.0E-6
251584954,1.599297750798287,0.1639944449070538,0.1038126510505683,1.0E-6
248522344,0.3100893695310399,0.8319108588001409,5.582849679307351E-5,1.0E-6
544012526,4.8762085013588805E-5,1.0058321442795597,0.5002092159450556,1.0E-6
345586825,1.9359183143169074,0.35873687794545894,1.0E-6,1.0E-6
18854090,1.3912747906350573,0.325062923716979,0.41291022285454426,1.0E-6
1449596183,0.6326962325016254,0.9506012397524815,2.692741550065554E-4,1.0E-6
526172948,8.226787111059535E-4,0.004622616118952721,0.9258860745785414,1.0E-6
211165873,1.6536200117000122,0.3686584348110423,1.0E-6,0.052331460005951055
24958698,1.5064564373824023,0.7702216584708413,0.15328941148111674,1.0E-6
9456650,1.9118187105767181,0.2985919406541876,1.0E-6,0.03621896676319845
39609231,1.7384689634343058,0.34562910313757184,1.0E-6,0.03849806612603338
47783190,1.628888764656976,0.19877440261565404,0.3335457944773546,1.0E-6
218496931,2.8751905014929586,0.38415210431226654,0.16673387659904723,1.0E-6
2602391,0.7502723361203069,0.30183291430357845,4.086929799046982E-4,1.0E-6
1340118021,2.618303898240855,0.22070628500198955,0.22995950801361487,1.0E-6
297317271,4.8749076977937635,0.0072579389437562505,1.0E-6,6.141137937394686E-4
276862452,2.5214418285468945,0.2665573790514936,0.5083996983291696,1.0E-6
1105797835,1.7586681432699776,0.6946080786341698,0.19441719177926017,1.0E-6
8829552,3.717511593189118,0.4862869703244581,0.27931555861783747,1.0E-6
273275256,3.4412832357408356,0.28940439247962757,1.0E-6,0.03185634676838512
4270959,0.9223193454372767,0.47465376629562467,0.5014555913279111,1.0E-6
23626351,2.318945863195635,0.36643404071611974,0.1610101093163629,1.0E-6
2308135,2.9492108228891665,0.4074650821079237,1.0E-6,1.0E-6
233986127,0.5624980078213542,1.3819761163134447,1.0E-6,8.885502696519508E-5
976963157,3.1370122028951855,0.8122403395506982,1.0E-6,1.7827652380033618E-5
497665067,3.064023493884904,0.5150848489638499,0.18149858530091695,1.0E-6
187634975,2.2336840812442613,0.2632042175221929,0.5337150998563459,1.0E-6
208367668,0.042615694421546176,0.7276263256815158,0.6101761804289044,1.0E-6
258102864,1.345525518002153,0.38056830295423,0.8276527714597547,1.0E-6
3890255,4.499610740755397,0.7800717497651968,1.0E-6,0.06270729102486362
1358376686,1.0E-6,2.177585863614698,1.0E-6,1.0E-6
29950685,1.0931452225012253,3.2372928128707064,5.484487897532775E-4,1.0E-6
218585478,3.4233362567971057,0.2045253088887614,1.0E-6,1.0E-6
1370119083,0.7770040743025487,0.7899545823223805,0.5949916040456491,1.0E-6
21420093,1.1536051017605904,1.089818177656329,0.2770653712774666,1.0E-6
12152779,2.352562592975589,0.5024198848839896,0.008533237957925948,1.0E-6
337358922,6.008848294595642,0.6656692231049548,1.0E-6,1.0E-6
447587670,0.982914706853089,0.760011950549631,6.105308587550304E-5,1.0E-6
178043101,3.102968395207904,1.0365497906673244,1.0E-6,0.20994307864555448
5755715,5.402178467048873,0.47187159166197007,0.13505374404115195,1.0E-6
1387411024,0.9930861230339771,0.5065420771776311,1.0236406263372955,1.0E-6
176016306,2.908818328873031,0.2129367227636353,0.36853717929764446,1.0E-6
3044909,4.658501554266434,0.5228885734777904,0.12247446843537602,1.0E-6
204847429,1.6683984144259945,1.0774078247475283,5.020079076319387E-4,1.0E-6
4360687,2.126612931552568,0.3378516220092478,0.7639624424399287,1.0E-6
1271707178,2.1188174790858882,1.7636971476342145,0.11299812166012417,1.0E-6
190439839,1.516480283784817E-4,7.507096554648573,0.00662819282191297,1.0E-6
187151842,3.1405236241568835,0.4472942694509642,1.0E-6,0.03086304152388867
241151788,2.4763866708404842,0.5753896216661534,0.7084058641132094,1.0E-6
4787785,1.653474452308734,1.1491207090047784,0.0018879689957097155,1.0E-6
10185510,3.8477014022465674,0.49752320339579764,0.10229919774967677,1.0E-6
31633728,2.3019459296867004,0.4883567448862017,0.0018880705234058184,1.0E-6
10004059,1.6464210058466449,2.0247859892078113,0.28197477946485466,1.0E-6
3373974,5.360127514079974,0.6115007923164747,1.0E-6,1.0E-6
273114450,1.0E-6,2.0829309621969347,0.6706365394908108,0.03994689788627742
3879158,2.8265944906997262,3.656229743209699,0.001973452386521737,1.0E-6
628103579,1.0E-6,5.598214362546747,5.334844626846139E-4,1.0E-6
192121043,4.5612628589196405,0.3014533105461633,0.28491451379469146,1.0E-6
1312221,2.7385347461241625,0.46740261464859767,0.0027696683667769316,1.0E-6
145308730,1.711227905109689,1.1843288330926414,8.269681383492538E-4,1.0E-6
646862038,3.5746350194927294,0.632097790030107,1.0E-6,0.039480227043932316
294631191,0.005451798311351308,2.1490472810349766,0.2570574580960655,1.0E-6
8946560,3.8894919842222992,0.5525635393866016,0.3710618849461458,1.0E-6
198762295,1.3238114789239668,1.8304375817464633,1.0E-6,0.045664164098704677
2007924,1.8846830106188113,2.1597468867399354,0.0015058122331214968,1.0E-6
1683745,1.5888997400989504,2.546890286114585,0.0012534649994711152,1.0E-6
230727846,2.4622131528266427,0.02298533288678089,1.0E-6,0.00169619924989472
217782915,1.7958558797407145,1.005067421109856,1.0E-6,2.6504503063347448E-5
31768160,3.483634738947749,0.8474063665308823,0.6359808300122614,1.0E-6
237776406,3.3825639887849476E-5,6.020565409664928,1.1830734948764847E-4,1.0E-6
224336487,2.3423561933063675,1.2675580835182543,1.0E-6,1.0E-6
331302998,4.091895093351009,1.028302949678369,0.00744092544067599,1.0E-6
407307136,3.728241930213653,0.8020087054428603,0.6113344228091131,1.0E-6
870445759,3.4443953635772466,0.458131483318776,0.2628680570770324,1.0E-6
2708917,2.664735050923716,1.5542752603581356,1.0E-6,0.03702158804444951
287869909,2.2125785886337046,0.2592339584792681,0.8769624846492065,1.0E-6
509995308,2.0889082206104144,0.40465725596176844,1.7186058407200142E-5,1.0E-6
367160963,3.1751190228965984,1.5806080026346556,0.19141936932024214,1.0E-6
5361039,4.7810346064904685,0.34411578410535204,0.2625851295532645,1.0E-6
41357433,6.132666655347919,0.5564048055874621,0.2590201628683325,1.0E-6
1551389,3.822623464780447,0.6748060009989992,0.13913004994291103,1.0E-6
5977929,5.925332852894998,0.4316693679286893,1.0E-6,0.031867650182089674
2537473,5.402032826606111,0.3490695180159242,0.09334079496065169,1.0E-6
16065847,0.7229235153668472,0.6360789330634831,0.5347349797151817,1.0E-6
326739637,1.6300968400866371,0.8333725722578491,0.21178466190756962,0.1412554152260449
27543924,3.937176986255169,0.30669317719038375,1.0E-6,0.028564110584518528
41987900,6.832169591090246,0.6840659941241473,1.0E-6,1.0E-6
856855,2.5291276084795076,0.38401959475162345,1.1722045086493276,1.0E-6
41373987,5.701926730993051,0.688627730695988,1.0E-6,0.03602576395308525
1075272,0.0013183227719030337,0.9322308774226854,1.1661717751795322,1.0E-6
252976899,1.6496738904965418,1.2792425939980665,1.0E-6,1.0E-6
1064366,4.170125112866707,0.6183255878162922,0.576139560956854,1.0E-6
1113090,2.3311785214244343,1.8142322404667355,1.0E-6,0.014658542613455448
179360669,0.20381849264543284,2.2009261859897737,1.0E-6,0.019721621243015047
10820607,5.762871525508747,0.4577962831674074,0.23728117252648018,1.0E-6
583684651,3.3694317857652574,0.7375058507975304,0.27166787464511094,1.0E-6
335965077,2.5246691725949093,1.455485132394448,0.009257791586693317,1.0E-6
777821651,0.41123959611235783,0.4734680274984871,1.016890451335179,1.0E-6
320498757,2.0501290351406434,1.5065647686878625,6.609434025394836E-4,1.0E-6
610571830,1.8929494453151232,0.4331771574685672,2.0517547635096935E-5,1.0E-6
15977721,3.1957964754121293,0.5877629848907318,0.6185902851437354,1.0E-6
1476954,4.475420003294606,0.9391873091048494,0.11152490338463066,1.0E-6
35720927,2.854403684383036,0.8162874776616011,1.0E-6,0.015087948231336636
15597699,3.678962265747919,0.5043962846336758,0.1821620066422584,1.0E-6
26958503,3.875424065556226,0.48338132983724375,0.1283363828312194,1.0E-6
630230818,3.6978615587051917E-4,3.3731105903477254,0.10266515496245923,1.0E-6
2226095,3.2137614510690105,0.46673193371891786,0.24975880259539898,1.0E-6
2188824,5.910477704396049,0.5193107285181829,0.09389913169414019,1.0E-6
3830537,3.9505635443236935,0.45503836964163263,0.14095319057709813,1.0E-6
6360082,3.9228264807323296,0.5046832516861233,0.24136975302939542,1.0E-6
4130384,3.524296686451357,0.3991557945801422,0.5341248155049285,1.0E-6
248508947,0.46677581786741157,1.1353065726359688,7.999252486606157E-4,1.0E-6
845529,4.409391716965226,1.0604614149601757,1.0E-6,1.0E-6
231949310,2.560767291583234,0.9020962653748998,0.476760542637927,1.0E-6
1445709739,0.7127407394517778,4.512368899100464,0.0018263898794828746,1.0E-6
54051005,5.361421939653575,0.42723498026272766,0.21952305749667744,1.0E-6
363956201,1.8711364387758254,1.0669328491782388,0.22225172366212761,1.2427664349543008E-4
626589315,1.0E-6,4.335952655193132,4.588122075496396E-5,1.0E-6
217728319,3.0423616977871575,3.0296012561738905,0.001849277052923677,1.0E-6
174332982,1.9683319457070731,0.3721456203549815,0.9444428644146958,1.0E-6
43221060,4.975029316258777,1.19091501392158,0.2047569665698289,1.0E-6
27622521,1.098379615110282,1.2648571755571563,0.33513035145512704,1.0E-6
958642,3.347669024145853,1.3768180061571096,0.5010291600367905,1.0E-6
3112656,2.718668508287683,0.826298009150826,0.4811983586498583,1.0E-6
247605893,1.7106868174855845,1.1487093120709175,1.074522096425429,1.0E-6
54815032,1.036329418066503,1.8450778397449648,0.062010058208521214,1.0E-6
43958828,2.5285425688949994,2.3886996170888346,9.453689588723156E-4,1.0E-6
1649828,2.88267749302941,0.3746604517028868,0.8973772097811183,1.0E-6
22171095,3.5894129672932054,0.4561623010036942,1.0E-6,0.03223075736420854
316731281,1.159596739327922,0.9301629529875849,0.0066810832126361205,1.0E-6
1000179911,4.474023549321812,1.0086378083529801,0.2986490548118708,1.0E-6
25424715,4.737894549208491,1.1371270741249908,0.3587448557042531,1.0E-6
9685103,4.311175483254161,0.6212222981926465,0.2761467984933749,1.0E-6
3037457,4.445667001015886,0.711421281227498,0.3356452525586102,1.0E-6
186019852,3.6922692591840893,0.48622632817030237,0.30363616859797415,1.0E-6
255457057,2.089596787172384,0.39343152249755914,1.2157957685143734,1.0E-6
348630381,5.667836401207201,1.3225187164346357,0.24110922543665572,1.0E-6
1324153,4.758241880222622,1.3346688000241032,0.07692720808489083,1.0E-6
52858265,3.782318242504664,0.6695122046680729,1.0E-6,0.008384872254848234
1371898,1.0E-6,3.6215144833986432,0.29812250841800153,0.07162946745559977
1097118847,5.287353315987807,0.6106386468564696,0.4254807944914555,1.0E-6
3523523,4.66469787760112,0.40872899630409726,0.5967016757380276,1.0E-6
2064315,2.5921072470463695,1.0708649701784427,1.0E-6,0.0014231654592833703
3300887,2.9486044366636808,1.3654595219971668,1.0E-6,3.6513478107656235E-4
5057456,0.05799529552786879,0.8587200429522485,1.5391375926783275,1.0E-6
4587001,5.666908071832025,0.6681921452830634,0.13603736295765173,1.0E-6
3117840,4.525719015779123,1.939121710953605,0.0780975104229792,1.0E-6
450292261,4.969452469328921,0.7990757907669125,0.32506783914626813,1.0E-6
1508932219,1.0E-6,3.7519018013421506,1.0E-6,1.0E-6
2196457,3.3972733734487837,1.7167070259947999,1.0E-6,0.0017466640175182486
45966580,3.8237035237274224,1.3950582888812564,0.010688422261077466,1.0E-6
89692,4.37321315494391,0.6042848458611237,0.0484504498135363,1.0E-6
222815744,5.958247155190037,0.7008153574980205,0.4288625769185642,1.0E-6
176925601,4.094130291263002,0.627373186770849,0.025560416681622924,1.0E-6
35127351,4.450550859174442,0.625862557107608,0.004795460720634998,1.0E-6
781429,3.4840810225781205,0.38653321812312474,0.9802693785570777,1.0E-6
189778250,2.2597536575822916,0.5073059190582705,1.429783108030656,1.0E-6
349467985,5.489617210183991,0.8663435399513992,1.0341505416197139,1.0E-6
990644,1.0E-6,1.0796726457045238,1.8985461640697658,1.0E-6
301613458,6.80029132637288,0.901498610705514,0.7147878732883834,1.0E-6
868058015,0.029213348133286472,4.08239043550072,1.0E-6,0.06299956972550914
190136173,6.103789317938475,0.7555211317714188,1.0267666829470585,1.0E-6
27431896,2.7582256836046364,1.0509575967530542,0.033615949404949066,1.0E-6
1333203523,0.08050062611221169,0.7197578581809988,1.7540925597061305,1.0E-6
200449325,1.6505895498083014,1.9346424854940734,0.31959164540901247,1.0E-6
12843885,6.246692216862423,0.5985449200870038,0.3361893809172859,1.0E-6
242708369,5.980548045184358,1.4504290344499693,0.08945650176199371,1.0E-6
389492388,7.56448189392161,0.8512447486020964,0.4858478169849323,1.0E-6
4268403,4.457166530272044,0.4493229010355991,1.3070187986504835,1.0E-6
20850451,4.593012025417763,0.6929987347397701,0.7181862051526131,0.028435148601904516
2490353,2.5250570720498113,2.9123821884476784,1.0E-6,1.2387112227004989E-4
6308389,3.4967190134430473,1.6022257759429397,1.0E-6,0.0036192777761421885
1898141,9.45234477256994,0.7546589943919182,0.43584366495438176,1.0E-6
181896432,2.276853782744762,3.5038877956629855,1.0E-6,0.0015679045741858475
12752931,6.130349177599152,0.6927698948418284,0.31086658157492236,1.0E-6
1113921,1.156947768344922,0.49248815671199986,1.9467071449996125,1.0E-6
145714741,5.279897883517862,1.0799432398182458,0.14241600538605384,1.0E-6
1676784,9.713439732099058,0.8413008529598628,0.4141713258672862,1.0E-6
1444451,6.401820206127373,0.7704512448442086,0.8503262170067767,1.0E-6
1213941,5.705376086727299,1.331997027590154,1.1351233612890366,1.0E-6
1371467,10.078272169495081,0.9967879318678172,0.4558335574016168,1.0E-6
4487106,8.035393587855316,0.8823679823388344,0.19197013408779617,1.0E-6
289020041,3.2582002832455728,0.8790562834983402,1.8658412194729876,1.0E-6
3135225,1.4721857196168793,4.448794640139963,1.0E-6,5.437131618892946E-4
2692900,6.30645790279392,0.7344856314332814,2.095666483077783,1.0E-6
185416714,2.7924630179517025,0.9052085569450777,2.249887733198925,1.0E-6
815942819,6.609696553166686,0.9704172471193996,1.260124854361227,1.0E-6
23876446,10.93265880490603,1.2490732441703292,0.7426222613284356,1.0E-6
1090055,5.656847208061852,0.705365601400133,2.497277086369489,1.0E-6
