1469609400,5.469485002199734,1.0E-6,17.29847751389125,0.011402350413942004
1262742,0.6951941180875876,1.0E-6,5.190286927169414,1.1709067091715573
431904090,0.04385937869217049,1.0E-6,5.75211014394991,6.051212787087684
13299395,0.05086405976872813,1.0E-6,3.4681807527607273,0.4981497734138172
467814133,0.01048740565770814,1.0E-6,0.038277791023249415,8.15458334284692
1114970510,8.412475906958585E-4,1.0E-6,0.6071649135276046,0.6261260953073194
546998530,1.0E-6,0.13169382301264854,0.03636020579905277,1.2210861362198993
1971402599,1.0E-6,0.8034047088350685,0.005425761625762254,0.26853577358197006
267906357,10.20143576607298,1.0E-6,2.4573780409751205,0.4228492722769866
1676703,9.83576320295489,2.155758456414969,2.809940421625481,1.0E-6
1542462653,4.362037905633484,0.8599590007894301,4.372178795253222,1.0E-6
385182586,2.876832341752676,1.0E-6,4.8288392768901405,0.7331096813143233
1354076618,1.0E-6,0.8271894824442068,7.529018307090129,0.6463929821144261
1827621887,1.0E-6,0.07643638069459818,11.90338871474898,0.4139621519937976
15318279,0.12261718625022139,1.0E-6,4.741703027135006,0.7783811897829271
1112056,1.0E-6,0.4131749835043467,3.887953949190985,1.658997459656345
2183178290,0.13005710095373413,1.0E-6,3.5238187060671837,0.38966562381815806
1551859751,1.0E-6,0.004435708485434873,10.651553285892938,0.0983660299733955
1714328,1.0E-6,0.0021837271472379934,4.959862238673421,8.04571375919266
962785815,0.04931922397042924,1.0E-6,1.2585969515395559,3.20820389926568
24211166,1.0E-6,0.11436834441441493,2.096317240348873,2.3808344289991994
221758078,1.0E-6,0.19251167841653385,1.7103780957158763,1.136804676262829
1088969,1.0E-6,0.00328982629905293,1.4440647236805921,7.09215905043223
2516898,0.03308829393948499,1.0E-6,1.4547173942446028,1.1376971650725296
1406894013,0.15898821213295575,0.015464756611838167,1.0E-6,8.329940554389868
1537191,1.0E-6,0.36916068155678755,0.9866358725464057,2.253935294740087
2948999,1.0E-6,1.9928811619207463,1.2683319045439594,0.0017041454397356938
15343745,0.08853021834205446,1.0E-6,0.8665385005133522,0.9899712497342733
15412975,0.010513399446459553,1.0E-6,0.45472498780001974,2.9244315350570336
1545775,0.1077192351861677,1.0E-6,0.42740912028067163,1.987405173197998
1696627228,0.0019990943316151146,7.054849469247348,1.0E-6,2.2975313419686345
1480704938,1.0E-6,5.004035630531479,0.5785069844811204,0.002542960879232878
278477371,1.0E-6,2.911303859577066,0.4882708504809227,8.798699311672663E-4
2031970835,1.0E-6,0.018367347554885432,0.08009162762956729,5.525323199938762
787724071,1.0E-6,0.16652760256507612,0.02572527220807464,5.788576762580165
26913335,0.023740272238227583,1.0E-6,0.059574623110576264,4.910327290954334
21751548,0.0254686791127582,1.0E-6,0.054619909830860604,1.3401759046410537
61691,0.022196450496206006,1.0E-6,0.018162202062662784,2.148496255293942
1456330238,1.0E-6,0.8193570922944687,0.010319008380754861,1.330084475148497
50474234,0.14490775520977223,1.0E-6,0.006843833809610405,1.2800506049681109
2645075,1.0E-6,0.3871529088951767,0.008324798971292709,1.324731927623192
1722971411,1.0E-6,0.8040908255857209,0.00954269194561947,0.5639177619993354
368237438,0.12257399844411222,1.0204839241419927,1.0E-6,0.26583437271887844
1394586531,1.0E-6,0.6670717445359284,8.050057030351471,0.1630781991786162
215014211,0.017313957987767956,1.0E-6,12.095534960567335,6.0592726430656665
43580430,1.0E-6,0.20232284445799212,13.602313593069658,0.3763053118987187
264345969,10.569351390566348,0.007136007587612007,3.2950089154670636,1.0E-6
25905206,0.03610651560355291,1.0E-6,3.996317893714887,0.6089371597247646
1335967334,0.7580471240780119,1.0E-6,1.9787017232956499,0.49657406773313534
1534227225,0.15710148126827303,1.0E-6,8.431495799198556,4.388169514940131
2015349687,1.0E-6,0.2004349760681857,6.536730798148909,3.9053576511119776
245568716,0.2875198525536085,1.0E-6,2.6374899197337793,1.407654538879491
922892,0.013665377793485613,1.0E-6,3.870670195129856,7.898762933071023
1485590798,1.0E-6,3.7459600376118276,2.404227741496973,0.00785933860454388
13429220,0.2143640030651769,1.0E-6,2.59755657700957,1.1709762387404614
478780012,1.0E-6,0.004564583795013603,0.45728728511319017,8.751680046607104
1549937221,0.7278820769355969,1.0E-6,0.050493942125829784,0.1906312088558853
216497038,1.0E-6,0.6342607649178967,0.40435174158291143,4.070211355766513
30386835,0.026879476276832757,1.0E-6,0.2449314024552049,8.716639851907939
31533162,0.108484988424841,1.0E-6,1.185894556734262,0.757818829631883
21552360,1.0E-6,1.1077438731254816,0.5853402750803608,2.482538655528484
282674163,0.01686766106360701,1.0E-6,0.23852168506806048,6.411079065138694
253875188,0.08015054121525722,1.0E-6,0.5498840498828151,3.498846496676295
1593757006,0.09231435337541713,1.0E-6,0.082580444496822,6.056266736682204
1470941396,0.06188506218580574,1.0E-6,0.023653957360487185,6.895218241686494
1227972770,0.04089462400566091,0.018229600220431293,1.0E-6,6.232797403098013
2063174114,0.1039902238732055,0.46386139836924944,1.0E-6,1.9739449662747626
1263811512,0.06303254260918707,0.1678424154372379,1.0E-6,2.318061130286864
1427159752,1.0E-6,0.18543051685754708,0.008228980772529537,1.767861465350934
287467149,0.03565179023046611,0.82397147387881,1.0E-6,1.1376502244455668
177274122,0.05626678526357014,1.0640594894462114,1.0E-6,1.2317972327490097
328294485,0.2923966940727303,0.8169604913191618,0.010136795751424729,1.0E-6
1177786565,1.0E-6,0.03636990985665115,0.014424610406182802,0.9376507776659009
1375412714,1.0E-6,0.052338280302072715,0.005223046164527444,0.8359075551401437
1856554,12.997743481467882,1.0E-6,3.723696797116622,0.7357898148750812
1943148216,8.618974209111387,1.0E-6,4.823883646127327,0.6625860021049078
54285677,7.953780590362,2.3204176977155972,2.6405569824170048,0.7777889853463142
25839290,7.744601714337898,1.0E-6,3.631471078829258,1.6554605766928865
360608500,12.283956042420456,0.26277884186805445,5.546406977293116,1.0E-6
1531968802,9.266466165362266,0.2161490653253822,4.530152468959902,1.0E-6
55153,5.261012456167518,1.0E-6,3.6142035190771367,0.6519639329930628
232933340,5.655561741875635,1.0E-6,2.4570408919057414,0.3464499340405552
1649781242,1.0E-6,0.008522270229849018,11.536975566929865,10.830720678029111
1386808,0.9688668441068833,1.0E-6,6.186519814158898,0.8686812178750835
317303826,6.4557930173858225,0.0031003261047382446,10.891867153276731,1.0E-6
539308758,1.0E-6,1.181854473437279,5.475516571327863,1.4509982218039357
8029226,0.00595189705453567,1.0E-6,7.25977495064922,7.387343748879601
419591776,1.0E-6,0.17138776597422636,2.382425949801118,0.32329527343423614
42141295,1.0E-6,0.0012858888707216842,8.493446170836538,1.240139253742943
1442509122,0.15055157032774158,1.0E-6,1.3481623676341403,0.7218904047935865
686394932,0.06531998272790845,1.0E-6,0.7716821312044789,3.03872342545363
33322378,0.06670844048943317,0.009894293254874226,1.0E-6,7.544942202182366
14851693,1.0E-6,0.6493287666761769,0.4892239877106104,5.022513128630154
1422773575,0.050779419046067475,1.0E-6,0.3275652692965411,4.422501731615625
2176671300,0.004857342072266886,1.0E-6,1.4940271078329774,5.708939152456898
1476988950,0.005391262805913057,1.9113297802385367,1.0E-6,4.842683833111306
5767799,0.06897457859650288,0.0727717498018336,1.0E-6,2.7284333008112815
25496,0.11824540181966427,0.2871224249767023,1.0E-6,1.4186975301120475
25614620,0.026475886599930203,0.8109729654883372,0.05800950607091606,1.0E-6
373669853,0.20726287665127915,0.5920755455944134,1.0E-6,0.8107231990558413
1517348844,0.0813895763496585,3.978822042714823,1.0E-6,0.6290297481512248
358871966,1.0E-6,6.32716075336117,0.0061879752726816456,0.5141927186907055
6239422,1.0E-6,0.7943344835566579,0.011731818241210189,0.39509267280883786
1153902371,0.021724387395854163,5.7950128780951635,1.0E-6,0.2998901674913142
18454432,0.5852147758689922,1.0E-6,0.0014171429386953967,0.005262079439722476
2126560010,14.996631011445352,2.2855473353423434E-5,9.779767246471145,15.959036683392608
793489,6.095221608563072,1.0E-6,3.7024592312535827,1.2260467186602901
1819997118,6.861411146406465,1.0E-6,3.5505009837020034,1.0265106264174388
1491152429,2.900948179516467,0.3755878853061963,3.896860817787387,1.0E-6
2245324,4.6206309311048575,1.0E-6,2.865013825628802,0.4197793764772655
1278495445,2.512987558138903,1.2803484767982822,3.587381873185491,1.0E-6
577750387,0.015066931541191937,1.0E-6,12.519077394870829,5.305582636357161
621297654,2.4379771185398567,1.0E-6,1.7520384292506532,0.6396678863790949
1382916558,0.26100374788072817,0.21897142946848755,1.0E-6,8.427040257324554
192974291,0.23695091124700876,1.0E-6,3.905107021347342,2.132660008126279
1331715096,1.0E-6,0.007788214982931174,9.348160619007961,0.13099940152454115
506234210,0.004677121339239742,1.0E-6,3.9008694839417055,7.808470517324943
496776266,1.0E-6,0.01127305094448545,1.9658094832984083,0.5685228115559515
221252982,0.06023122019167843,1.0E-6,1.2921901471838035,0.6571429828680492
9370272,0.0749887133254919,1.0E-6,0.9826686087685026,1.3556205051054107
721435072,0.045527255555962175,1.0E-6,0.004471154244319769,7.62349266610078
789852986,1.0E-6,0.0017393631233512399,0.6422539319587007,0.3649625616355006
1543999939,0.008652544926259713,1.0E-6,0.03879950176954736,7.3519812946057215
553038838,0.009191843782586836,1.0E-6,0.17793556080990525,5.945538327210841
232007553,0.007660813363158341,1.0E-6,0.05890221971692716,4.910263379295795
1499377514,1.0E-6,1.0233422205257585,0.0794184809933278,3.8386182329369323
280453972,0.10826187733733117,0.7269656414795939,1.0E-6,1.0597268197921883
2101001175,0.04848959254331252,0.165922376095138,1.0E-6,1.5096785172041876
1106052273,0.054855246942258316,0.3504571911923926,1.0E-6,1.3308807458668803
1555268,0.001545533303687261,2.7425946130376824,1.0E-6,1.4942467200964968
185147318,0.012138943925016767,0.35280059242280226,1.0E-6,1.03298107029205
473769076,0.0639025809170825,2.9449445245389527,1.0E-6,0.030785236381656197
17504456,1.0E-6,0.1202351102010577,0.00859295787685508,0.8372903547814027
35901338,0.002614533659527226,1.0E-6,0.0056295970026636845,3.3533535848217872
499091330,1.0E-6,0.05393156870379082,0.006258831824591535,1.0860972323519837
489094581,1.0E-6,0.8021624561064212,0.005380468058928506,0.24515075696628436
430746774,1.0E-6,7.811291709841693,7.230329288586796,0.028681317259924063
698241691,2.387573416360484,1.0E-6,2.413660392368873,0.3468044945745917
2047152,1.0E-6,1.0960119702335382,6.704275762245627,0.8766491961067073
484426217,1.1734828476539894,0.25265978714136517,29.162659233505103,1.0E-6
1649551881,1.0E-6,0.008397444797004657,11.578356369026789,1.0519519859914555
1144469368,0.02944563290439093,1.0E-6,8.375344647385873,0.1491621786284941
1326277,1.0E-6,0.560388086540686,8.818827502625865,2.7492580785624487
959837397,0.027025984899253237,1.0E-6,11.045534960379802,0.4645849172538036
3125808665,2.093784749805049,1.0E-6,2.615715651096743,2.971844182713443
392938880,1.068677233057749,1.0E-6,6.679467002507645,1.9122025004234726
38275398,0.3533735437148338,1.0E-6,3.8656343754576916,0.9272369204028212
246114379,0.4282543978304159,1.0E-6,0.462144329735527,4.843649950157774
1904819173,0.05267169697594952,1.0E-6,2.0302032218250274,0.6954497873404432
498198797,1.0E-6,0.8998191108256374,0.031091982349770602,8.003929121736519
1218141950,1.0E-6,0.27370776158205695,0.300257376712135,4.613624726648929
1271676860,0.04729678008047211,1.0E-6,0.23376381375361663,4.190847493850346
1676453981,0.0152038697101048,0.00497207841359051,1.0E-6,6.688911412703091
425079374,1.0E-6,0.00501538502061258,0.3976820349199073,4.225994532656676
1516785452,0.09434361917171617,0.5604741884198147,1.0E-6,1.8172909311230467
289565787,0.0014169761880636874,1.0E-6,0.006897298327151636,4.780556785672483
1045930117,1.0E-6,1.5327768647716495,0.009485179035365837,0.76422784824345
1480533045,0.15496586702235063,0.1663146447998166,1.0E-6,1.0081081542978452
1000424281,0.1742378235352147,3.118184616656226,1.0E-6,0.40448385432757156
243496184,1.0E-6,4.06731786857206,0.007971467600386766,0.8162599851910335
1364311150,1.0E-6,0.0010021026931073696,0.005593533563820066,4.390659211169642
2968323592,0.01683482022840409,0.062278893174677455,1.0E-6,3.296658488721537
24513535,0.2749898179876905,0.34341920460231,0.01610858460647904,1.0E-6
717886418,1.0E-6,0.542180961613037,0.010253013374487027,0.17758444331230674
853689,1.0E-6,0.18701070419315755,0.029676310927114716,0.5381475637714017
1490431958,0.0954227306052614,1.0E-6,0.005281146934284139,1.0722063480960318
1169719950,1.0E-6,0.013885813978724041,0.005388446450441976,1.1120264586394661
261196906,0.034178371966672345,1.1794134916607593,1.0E-6,0.1857383227377941
4331446,14.455714989999414,1.0E-6,4.071308679542043,3.5190217487205957
8938946,8.733270257548805,1.0E-6,2.9246099596788215,1.5548734651630096
45925025,1.0E-6,1.6491981327815308,13.095979580337112,0.31590737806585056
1491416138,1.0E-6,2.7923238852547128,7.826756873182691,0.5511818065173492
1401016,2.6693926926496188,1.0E-6,4.159234145600374,0.9291089116633584
2025788866,2.1516047887908147,0.2770747628398333,1.0E-6,3.5076318718842945
1654614889,0.39721495317455746,1.0E-6,2.5384811133204495,0.45290694543715365
229136978,0.01060556262896452,1.0E-6,19.225193090002367,0.5330464310970084
1424109226,0.005431503878702681,1.0E-6,10.666819422131706,4.111750223300682
1215887186,0.35710687456058093,1.0E-6,1.5776643725473694,1.685677318603787
276680597,1.0E-6,0.012169956964770105,4.273331232325441,7.201704785663576
449299746,1.0E-6,0.010954570982655176,2.988319225463606,0.4717934344240114
818729,0.010101916000390981,7.902952709455573E-6,8.076814612250221,6.7671718926295465
2186924131,0.007684453783348324,0.041857678905318114,9.618632538183201,1.0E-6
670609188,0.004118865124674214,1.0E-6,1.232115328117842,9.683939394976255
752373297,0.18308923665779295,1.0E-6,0.9735161530459333,1.599286364238035
177821977,0.031282302167686224,1.0E-6,0.7868120563296765,3.940419183978195
419425480,0.7644947455273158,0.0018570795378221355,1.0E-6,5.699215508282131
2280568248,1.0E-6,0.12477329863892916,0.4376687454096606,4.1278682620402005
91415,0.006309967809930887,1.0886821234636832,0.5789300234755189,1.6773572643324413
1751791049,0.0017187675962140102,0.012449948224549274,1.0E-6,6.032872694884259
1567628479,0.01949326930616167,0.24476986294677824,1.0E-6,6.078934305441354
79286,0.056715159583116244,1.0E-6,0.288456866811592,4.0995240091535425
637389737,0.01084990812812829,1.0E-6,0.12154807308306705,5.198532492185765
1139660770,0.03745533568452181,0.011653914933400037,1.0E-6,6.107615478283114
1175334097,7.105175506816854E-4,0.02322379642615696,1.0E-6,3.247294330673782
45207098,0.2570220445299551,0.7848010110024601,0.015996939708789543,1.0E-6
2809647,0.25869700035646626,1.0E-6,0.01348398920470558,0.5433679699452716
1636331635,0.012643420756472323,1.0E-6,0.01833678005526314,1.4136892182203453
459180955,0.01616309926384652,1.0E-6,0.007062439960081966,1.6317433159767305
48067105,1.0E-6,1.8742857034625862,0.01715992863126155,0.3103260624404548
300562191,1.0E-6,0.5137233130159602,0.010364599388467682,0.5751946515288443
1435651265,0.038014495745797475,0.8415893107055838,1.0E-6,0.3729752528361767
2397254,1.0E-6,0.20883670189305248,0.03073881981379227,0.29886595325097387
1773556180,1.0E-6,0.26551110232848824,0.027944061468243128,0.0058328685581871985
1435018358,0.07283081986094045,0.8025699417920097,0.007198256848148945,1.0E-6
1636712716,0.0057251712301206485,1.0E-6,0.0052436434082521865,3.0459033956820236
325307068,8.984056055396586,2.6749820280648984,4.031799061261863,0.8896504131172037
286776930,13.319172367752394,1.0E-6,5.865234024167348,2.141574661010637
3357667,11.146895152667115,1.0E-6,3.5846602853622707,0.4601064663402998
1524747123,30.387113893270925,1.0E-6,0.8648433722342148,0.8677705449685016
5540769,9.607389977829488,1.0E-6,5.078935138982269,3.2967045245146815
1956431,4.239554255917957,1.064469544727167,19.93186159849566,1.0E-6
2073559080,0.5337987178303301,1.0E-6,0.7755876728454624,6.00906932422977
45816005,0.014046332074520853,1.0E-6,5.528936795010524,4.827790590777228
233899409,0.824102082830046,0.0010121806871380683,1.0E-6,8.95522981785404
1691802,1.0E-6,0.0438631140215003,5.203001236382211,3.3011951533293202
1288083675,0.08134586113364055,1.0E-6,4.836890846079881,4.0429627178400676
1478180863,0.03692024269725034,1.0E-6,4.769793806580934,0.1441413127238719
2942141729,0.1992539421205657,1.0E-6,1.6908677053317132,0.9726633905952543
1565173930,0.02795674253443066,1.0E-6,2.2531701903308567,0.045488502269198414
1355986145,0.042309333499324794,1.0E-6,0.9911842717755425,3.977901439174233
387826753,0.0045185883552089235,1.0E-6,5.929049126973549,5.741235158802397
445583504,1.0E-6,0.0964662608324198,0.5990872429936555,6.492344778619888
973423826,0.04873847810567079,0.02415991026432902,1.0E-6,5.249541591980032
1501575,0.014683083547119872,0.4483768680523523,0.4641747424722202,1.5944091036418404
616930563,1.0E-6,0.08983229664217858,0.2699676872763596,4.64533762233255
31314909,0.023237203015566414,0.003999383502868204,1.0E-6,6.322200385775393
2821360,0.01124848070941235,1.0E-6,0.6029070303858851,0.8230143599427914
1304193556,1.0E-6,4.486941010326201E-4,1.0383580822423362,0.5178918796349402
2308975565,0.014198615915115939,1.0E-6,0.291872069195001,5.714381797694466
3999606,0.17383244690265115,6.727661855413527E-4,1.0E-6,6.636117609775734
465923525,0.03339990276226731,0.16574538568900396,1.0E-6,2.9102825191806083
1373831958,0.08615074707352077,0.030976310662357037,1.0E-6,2.8481563046297937
1264037986,0.00926641113411527,1.0E-6,0.08411034758888822,1.1942985066400245
16467772,1.0E-6,0.2969207893441124,0.06350487321616403,0.28002390413972816
1414182837,1.0E-6,0.12683400200976347,0.006427414911983194,1.3215957185877707
440174189,1.0E-6,3.0494617747323782,0.00677735525007698,0.6369719058632761
3599657,1.0E-6,0.8393289584347076,0.005637618953533935,1.4134658067919315
1837920954,0.023336985982421708,5.065180643454547,1.0E-6,0.43808404371940407
1300620796,0.058824043448026636,0.668225907033048,1.0E-6,0.8651049934473701
180442293,1.0E-6,0.27741924309900534,0.01763544277779311,0.5774518809862088
1328039922,0.018309060503611335,2.2324851043343363,1.0E-6,1.0519144815794927
466158442,0.14750243934371154,2.2559490618898264,0.00795610613836848,1.0E-6
367027130,0.04196685142799577,3.5584410076590753,1.0E-6,0.48019456648244824
327925714,0.0464110536196006,0.7737980022685185,1.0E-6,0.2590222032229187
1985920060,21.49424402549818,8.271160003451648,3.0457471547681836,3.861745789402632
1183567008,31.03067673245371,2.082960363119415E-5,7.208405793491958,10.330580748234446
1856150,25.085491190405676,1.0E-6,1.9967694016276112,1.7811383426819996
1962233829,6.407331988968017,0.0539357833435024,1.1905662699365265,1.3877548980923733
1516472907,0.6674069413865702,1.0E-6,2.1590071809600624,0.6100235147505413
144499478,1.0E-6,9.32831606558875E-4,8.043396782426846,9.816380237248893
1116592402,1.0E-6,0.1525054961514184,15.101286369810902,0.46046816337274
13436270,1.0E-6,0.011554189702122228,3.8356368769946734,3.3515477193998144
233923718,1.0E-6,0.22864488627338259,0.6553627602042614,1.7944464016822392
1412514814,0.03185790626529086,0.32342551550924614,1.0E-6,8.793699140680534
38291410,0.005310860156393927,0.021719049548350737,1.0E-6,7.533501457327868
2210447,1.0E-6,0.1032929458271989,0.08061673885360088,6.905618401484862
1579010136,0.019367243696027367,0.9732180173067286,1.0E-6,5.227864155974819
1209532996,0.03869226222648139,1.0E-6,0.2486592853341043,3.1599966792367735
1492725998,0.1883074981248017,0.30255316878238625,0.034778275498254206,1.0E-6
1918162045,0.15468543155842174,0.09959848131050247,0.09725822599764414,1.0E-6
223279297,0.0047594655019147225,0.015388278749147794,1.0E-6,4.649863947686294
816927414,0.057575738078935845,1.0E-6,0.009847150635573693,1.1327836386795824
1017038,0.016354723899814096,0.38069642912639856,1.0E-6,1.80508394835114
673326824,1.0E-6,0.019454351050876152,0.016797207384805127,1.6318420845644581
755662980,1.0E-6,0.2080330532771585,0.013853455870135239,1.0103063491795439
185953913,0.21424419860289884,1.0E-6,0.021869419624917157,0.20694204313649026
410823480,1.0E-6,0.5933840999671651,0.016897473068834327,0.5019210878884771
416747483,0.10023099418470982,0.22916349233727562,1.0E-6,0.6698489680128242
1576395300,0.05706823278391219,0.3395992276203162,1.0E-6,1.213497527257308
237178974,0.005120727529544758,1.0E-6,0.0117432164236802,0.6479226660148284
434113701,1.0E-6,0.33178573565614894,0.012399943971967687,0.4717966416989193
1553062,0.020166151859879976,1.0E-6,0.008520149096335063,0.5876929318864259
1691605549,13.920402473287576,1.0E-6,5.295796679684271,3.332457054232119
1032744242,25.782251278458613,8.276222674582778E-6,4.559487721604816,14.053168622351306
305293405,18.01806661168522,1.0E-6,3.5106901298629527,0.9195536622224619
477795958,1.0E-6,2.4159416617262885,3.551208453018495,0.7817684592360231
698951556,1.0E-6,2.027527449743231,3.5079704578315,0.5507642975067961
1296293073,0.3132190148607125,1.0E-6,2.4757599539761013,3.487244380568705
532940651,1.0E-6,1.142248732740618,3.6137571098142405,0.5551040727397022
1409019759,0.042709379932321066,1.0E-6,2.4968419178425822,0.658985088860124
288415648,0.5802801298557981,1.0E-6,2.135414609132731,1.5952645045221594
2196844247,0.029980200274836517,1.0E-6,9.576356096966393,3.206187698972201
1083349321,0.01974983192345524,1.0E-6,1.4399932545197425,9.041287917655817
1869324,0.29799410607908844,0.018394964130853696,3.6245314585514503,1.0E-6
10217226,0.1891548050119513,0.028361787654632025,1.0E-6,7.547022643722442
1651870031,0.02885791432376621,0.017505162808795223,7.306030560720628,1.0E-6
587003481,0.0055102143222255495,1.0E-6,1.159177894071652,6.537980439854741
1568310191,0.01578316844328031,2.068602770952267,1.0E-6,5.269073886377821
1706203427,0.04602383273384075,0.011279687046501863,0.16326943565135557,1.0E-6
14869619,1.0E-6,0.07486228150725499,0.0456249933468865,0.2509246085010453
317988743,0.07345510644310553,0.26230658444206323,1.0E-6,0.9505519304992556
798491561,0.2737594045312225,0.28093551069859013,1.0E-6,0.4110327457348339
1833036267,0.28135789645090786,0.3564795099132196,1.0E-6,0.3633947274114071
1734853732,0.011502836737772824,1.0E-6,0.029560136409505985,0.648567204803884
217639909,0.2092069595457278,1.0E-6,0.009539530598262628,0.40820430582864997
20049903,0.07272205587414932,0.31077774218828574,1.0E-6,1.0545534648344927
31283052,0.09101165869524246,1.0E-6,0.00642571422350294,1.016373437543648
198442710,0.10195623778019544,0.1799307682300016,1.0E-6,0.925093306573418
326759817,0.08612068548092981,0.16537440609837267,1.0E-6,0.7816921539398197
632452757,0.03129854874646856,0.34861542637703224,1.0E-6,0.5634183172544814
44605115,0.022826367305698928,0.04806781949737731,1.0E-6,2.8157801309429313
8429742,1.0E-6,0.014968399904358512,0.006186003290587343,1.1518567255435967
54793988,17.261035099894237,1.0E-6,3.197409544235797,0.4910004274063723
3429244,11.578618986799334,1.0E-6,4.404760678466312,1.4321046762233478
1481096959,4.276392769147506,1.0E-6,5.048908223499603,0.45910594310626807
2641062,6.470241525193142,1.0E-6,1.6901550871937778,0.8080307357831435
1770922172,0.02791769332737381,1.0E-6,7.012649482573955,7.342628384387722
536175077,0.0964127144414577,1.0E-6,3.2579544197294275,0.5005784114328315
363140498,0.03098156092401827,1.0E-6,10.567976386546384,0.12483515020611022
203244119,1.0E-6,0.8203203627405271,0.4732658318242075,4.5612188645033225
421383221,0.013784708715037671,1.0E-6,7.751925451389766,6.051700031854667
13763185,0.013411202431951992,1.0E-6,3.6716779418225656,5.234615575469238
457199627,0.005073004479440035,0.08419034211322476,1.0E-6,9.04807684576519
1955404609,0.2412312440162353,1.0E-6,0.0241654462818513,7.551710673723696
399747591,0.022275342566797057,0.055150892175138355,1.0E-6,7.931438139202669
258055186,0.010733217484186274,1.0E-6,0.5070743378853149,4.016117795442031
554792230,0.03504819636773301,0.02985874556537874,1.0E-6,8.827961704042268
1443314383,0.011604260131739708,1.1137236126754613,1.0E-6,5.304680478882503
530897843,0.034446333915470265,1.0E-6,0.14461035319825535,7.6025736624499825
23788064,1.0E-6,0.27901122434615994,0.18906297222879292,5.110744315784095
234122468,1.0E-6,1.1700179019857369,0.16907726159218045,1.196349690434995
32329455,0.05592916596434753,1.0E-6,0.18155051060714278,4.517670100060687
1482864011,0.023160310415832858,0.07389479018350047,1.0E-6,6.476116216615807
1573031,1.0E-6,0.7412104171329238,0.006408406015867657,1.0154021911465465
308479058,0.1098668528785685,2.979945894762966,1.0E-6,0.4599615750272112
228131766,0.01816466409005997,0.5220102719219533,1.0E-6,1.8164735301671724
188294184,0.018654683194343352,0.020354990378949504,1.0E-6,1.5884511374145471
242298165,1.0E-6,0.008424184365945053,0.005451643572992097,2.776972674129607
399496791,0.016121639776490622,0.23287790136567144,1.0E-6,0.6110359464809434
189380759,0.17013042091741193,1.0E-6,0.007857628534779412,0.1917217914483494
2049694412,0.04033513753332856,3.720043892265788,7.825061427350976,3.0425812938502882E-5
1495967240,2.8400945561591993,1.0E-6,2.079944710977919,0.987499033058159
1016338314,0.10107847155744375,7.91458604011332E-6,6.066864329089733,7.796452068207812
976955592,0.18950855745816816,1.0E-6,0.786528678835892,3.44214099290851
46879111,0.02031628628472746,1.0E-6,1.0734149385097165,5.586263277322751
785790431,1.0E-6,0.07078859161248745,0.36146766871764285,4.133944830177109
602639885,0.02099428013322208,1.0E-6,0.3035617417464643,3.1275086800736123
409147008,0.016105625052767403,1.260460652358012,1.0E-6,6.5113501184460745
325951115,0.01944711495386448,1.0E-6,0.012008759260452284,2.9018934251690913
1171396364,0.19122543578909468,0.008356769921509842,1.0E-6,1.8992893195357266
274978867,1.0E-6,0.026263030451057306,0.010370253354136315,1.188447050594768
1691535053,0.1283808742050057,0.03776699628657811,0.02751670169347767,1.0E-6
1302497498,0.09993632797974539,0.2504699801895024,1.0E-6,1.0641931260062178
416576311,5.172598040719051E-6,1.4127130129645642,0.012458463082437655,1.9166191861093087
1082428988,0.01822935003105701,0.041635637394349154,1.0E-6,2.433545018435378
311231643,0.03366939714534541,0.14831954405029893,1.0E-6,0.6855797430168534
24693259,0.026821732160173122,4.855397267419596,0.005552410189170314,1.0E-6
1454352926,15.029383678222853,1.0E-6,3.341192270547748,0.7394352497176316
1605254150,13.785115064254358,4.209649436644698,14.155981502068334,0.004871481829883236
422169964,0.6309775685129091,1.0E-6,1.989308985612286,0.8062003888684449
35168079,0.05153242692969981,1.0E-6,7.518647814229632,7.535254828683187
193880636,0.021067314921334457,0.011462257772314285,10.957044082901458,1.0E-6
600642819,0.057461393501495955,1.0E-6,7.5154416158022554,4.554812730024234
208471870,1.0E-6,0.02229058861259486,5.987448247825497,7.579269090101505
1753558959,0.018351741085323378,0.042789189885412714,0.9967731985477998,7.949622844079566
470262620,0.03967333997786964,1.0E-6,0.8258187579199714,6.28027182887477
1555906765,0.020503369767521186,1.0E-6,0.9500809047462304,4.3355440113662675
1507156742,1.0E-6,0.010858873743617319,0.3491533890529641,7.498284229189172
1484325420,1.0E-6,1.6201774956912156,0.49509000975048484,1.7306968929769624
557687018,0.16517277424634275,0.00254681556375267,1.0E-6,6.794450485988682
557637002,1.0E-6,0.6787259741998538,0.2606199992951305,2.1393388328428866
1679620202,0.01514327065894145,1.0E-6,0.3066241105903745,2.4180476839272336
360644987,0.019467119933846855,3.2222594484765366,1.0E-6,6.735774059171262
3081667,0.029287010964681066,0.1614638052502452,1.0E-6,6.016031276600408
14226171,1.0E-6,0.023313773393480827,0.20029850549285416,0.5459131054564493
320887137,1.0E-6,1.8102486496120789,0.018211401997199388,0.3006392501479232
1520545325,0.14559394781081028,0.2353606518869549,1.0E-6,1.2023374446508914
787034200,0.2040565312910621,1.0E-6,0.008227600522051692,0.31255190854124965
6878507,0.047165503652626735,1.0E-6,0.023250137370003213,0.5020497136596117
200486085,0.06545246622063429,0.24138691253039485,1.0E-6,1.021669062253856
975715980,1.0E-6,1.341137615539649,0.010153718245100914,0.6962575294539329
1086907885,0.025063720508528016,0.04139221070085655,1.0E-6,1.5878661571522208
1326449464,36.37738318524279,4.134774677212099E-6,6.9587618607990285,9.646407404827112
855086,16.224745690593334,0.05621659046498461,1.3341806143937502,5.84721343667415
600462354,0.03461347180045091,1.0E-6,8.565268592635826,0.3373258632348583
1515586953,4.417608873467316,1.0E-6,2.5010367376123184,0.8507485128198866
1818706836,1.843183802267221,1.0E-6,4.768471798288379,0.38200696453187466
4584966,0.016749627917633618,1.0E-6,11.853883371373646,3.59677991197537
565062187,0.09881594966475668,1.0E-6,0.5154716680750072,7.531689732390238
796936457,0.005868853151726052,1.0E-6,5.8626147900967345,6.262452249001382
362626626,0.02107522337693773,1.0E-6,0.7985090339621385,5.166098700511232
1522027594,0.011233425424973775,1.0E-6,0.10672960494366851,7.3535557337327795
224608307,0.02162477558585458,1.0E-6,1.3871018050947428,4.069981130700712
1659033973,0.03527775200428907,0.0100510323357336,1.0E-6,8.656656483057047
607866507,0.16174125964204572,1.0E-6,0.21838560047105796,3.6874336727355317
1914530079,0.040834952477031325,1.0E-6,0.09965031401639714,6.191630205915686
1465362960,0.01989051635230435,1.0E-6,0.1847676889396938,1.4694411890227024
1532131743,0.09007380347625542,1.0E-6,0.010389138884246949,0.5689563675917981
4567477,0.08614596425233385,0.05781334382933195,0.009367358616024751,1.0E-6
28893179,30.909752986159486,0.07175782257127399,2.6903657813439765,1.473240337424968
504504226,4.836189547873209,1.0E-6,0.4784564293580048,0.8943388804160413
44111646,0.5188656578261411,0.21570656225365897,15.005400738088564,1.0E-6
1320835879,2.4837434003637715,1.0E-6,1.9348373266929964,0.7620209112237285
1178430872,1.0E-6,1.34947789804169,3.8585011478749323,5.524639041280664
266954200,0.9839303837764137,1.0E-6,3.0066694535776612,0.42572955848031785
245980254,0.06157820321055037,1.0E-6,0.02829766968346623,7.263212010108792
1228619,0.018758006249544906,1.0E-6,1.2925196146634739,1.5498493647408962
902199,1.0E-6,0.06235076478769659,0.12468506479346753,6.951634374810063
5497777,1.0E-6,0.03035666449097453,0.5612894345686381,0.7135291008933022
1398219140,0.03606615597831608,0.06487728025424556,1.0E-6,7.004342260114414
7326258,0.01854898475924847,1.0E-6,0.0024148739641174605,5.570607368322262
1389152936,0.022882832784755468,1.0E-6,0.1510620371015923,4.965394197080249
12294825,0.03050269212003889,1.0E-6,0.3162626025605921,3.111436988731025
37418852,0.04367535774239298,1.0E-6,0.19751511874868694,0.1660465321061386
202233073,1.0E-6,0.02015516978279678,0.03533714403007371,0.37988014674999443
4277286,0.006474069068946805,1.0E-6,0.032049995380071965,0.4837998927090197
513777862,0.04253131446361782,0.24532862919442378,1.0E-6,1.4793118641569194
6339155,0.06983900757456186,1.0E-6,0.027924051377264975,0.2209843992319437
598953104,0.06369794040619021,0.02269303965201872,1.0E-6,0.7465125518896997
1036313865,0.017075961245759344,0.10940249522091047,1.0E-6,1.3823927776785294
292541916,0.009166942875453723,1.0E-6,0.005215436947492068,0.8873314144922103
549914473,0.0713748813835754,1.0E-6,0.011295353282980855,0.45666876437567966
1507355199,33.88939693792121,5.437320743867436E-6,15.718234107666179,13.001255542497576
28249774,6.9211454460106285,1.0E-6,4.58480825256803,0.6819366057077928
25969892,0.03742309076285343,0.044524714228502425,9.554617209608642,1.064103681198497E-5
1153093183,1.0E-6,2.206146629350983,3.051690708895166,0.5767742458421644
1649486146,0.04365489050410488,1.0E-6,3.6941700479200223,4.434161732333001
422202887,0.02425420365761907,1.0E-6,4.436034138347329,3.601996784164292
527605791,0.005464843267711766,1.0E-6,7.4333791666743725,5.289478753297107
1757730544,0.018677963489777166,0.10342907200478682,0.6095808485140932,2.9720757089013494
278969024,0.24676148845090942,1.0468854423345892,1.0E-6,0.08669637922823697
56061555,0.013626939440069447,1.0E-6,0.32187567604268336,2.9668684302228194
3925743,0.03086325760592051,1.0E-6,0.012332215403140443,1.705344210604467
239723074,0.045974311107166675,1.0E-6,0.031018714724887285,0.7959327486962922
267960956,0.1352786722718706,0.018960035544749856,1.0E-6,1.9393701026157544
661565659,0.0793001480998926,0.953199184554503,1.0E-6,0.6577825461292175
431007701,0.02610875789750615,1.5934943366906182,1.0E-6,0.4696380390485952
262061359,0.07723698447065597,1.0E-6,0.007530364569026282,0.67543179570099
1674727,0.008074372667360032,7.944286491013308,1.0E-6,0.18619746670541495
562986421,1.1939272515318267,1.0E-6,4.858038234607327,0.6058698495560788
307212206,2.8758378614510387,1.0E-6,7.038229908574164,0.3687209919323393
329032009,0.05711722441974988,1.0E-6,1.9861001338015165,6.114867117980025
1499366709,0.07587514487866885,1.0E-6,1.1621241208078743,2.1420375513191874
1277491366,0.030345030470705053,1.0E-6,3.450854022999545,1.1709410933132114
315377927,0.02413683060185332,1.0E-6,0.7077920012386814,4.639004192365658
1400344254,0.08216035438600011,0.0069698752554287835,1.0E-6,8.010427350411597
395692372,0.012896525460777337,0.011011960202465506,1.0E-6,8.315757497001618
7251090,0.04719015028456937,0.0286446955528138,0.359474064202568,1.0E-6
602163313,0.015071385655938263,1.0E-6,0.1802654527793544,4.434338208732269
976675492,0.05748456222271007,1.0E-6,0.141006911173542,2.2015716703626715
528372598,0.020963160037657688,1.0E-6,0.041584840898878254,1.2348837823065637
1776159778,0.1998328029955968,4.809108352262772,0.015930665275600865,1.0E-6
2138705146,0.04128264076613856,1.0E-6,0.011346921557562267,1.4108882624972892
1467334728,0.3266157738889112,2.1754785781031452E-4,0.06181176196214883,1.0E-6
905890985,0.1032231355127826,0.1760504632680448,0.008948011872339744,1.0E-6
1490671767,17.453839016623665,1.0E-6,3.4114915689204106,1.9739936010971593
517406675,12.598853513729688,1.0E-6,2.689199602257037,1.0658958808957493
262385842,8.747101519587948,1.0E-6,3.3913848100049457,0.4972815963216651
1627581574,6.964343437903027,1.0E-6,3.7470193117146713,0.40750894765449464
1293482,0.06393764945089563,1.0E-6,2.9848370238258317,0.5864216760222852
21142246,0.043843559641435645,1.0E-6,0.17213041263526582,6.966603023121565
1175253,1.0E-6,4.620308525764246,0.007410567431160199,0.4461313391222047
29574323,0.049445339674339166,0.3632399977920927,1.0E-6,0.7365509839658541
1677872605,6.552969436066069,1.0E-6,5.473463970989461,2.6069462807014427
315420407,7.705453605250949,1.0E-6,2.552035665653127,0.7817556000294399
367792890,0.05720335026938732,1.2427549126499338,8.015061825949596,1.0E-6
18382607,0.21924496182734984,1.0E-6,15.083079010932382,0.7620652264640031
252220691,0.015105915897676143,1.0E-6,7.902396130032107,8.47568517355932
1720320675,0.6412671064073898,1.0E-6,2.072109654886358,1.6450722768320454
596888605,1.0E-6,2.0286570069500045,3.191295615402786,1.0774780389671386
356916851,0.09549218400666346,1.0E-6,6.038461296127155,1.6006224333924441
3398876,0.04352011725411764,1.0E-6,2.927605739395601,7.360298982678188
13889052,0.022017902746540297,1.0E-6,6.532346417461936,0.20091827491860903
1522963042,0.0603345797548976,1.0E-6,1.8318674179459271,1.209012729462456
536515954,0.0257621463073665,1.0E-6,2.6029684503063075,2.6243618782690166
1239547647,0.027953670665901726,0.03181036232168074,1.3646928607569886,1.0E-6
660530792,0.0168785169227312,3.8666515521067653,1.0E-6,6.075550433431948
13114092,0.038891690216083616,1.0E-6,0.5384732031622189,4.630556238494146
227342221,0.020156861504639065,1.0E-6,0.3553004944436184,4.644630274330564
490407155,0.023470524491036097,1.0E-6,0.3634502704787982,4.893608092450746
1964604447,0.015006746282159417,0.0475206502382239,0.7465731707444435,1.0E-6
145795748,0.05575031693751854,1.0E-6,0.3541611089434699,1.1585271429506785
216469060,1.0E-6,3.07668209545046,0.02988385363916905,0.03378617269917439
1293951323,0.01829019258347802,0.029956684099638597,1.0E-6,2.993044588698318
234623250,1.0E-6,0.9355921720999718,0.037538635557988094,0.2601268676203318
558684145,0.17072778834570862,0.915172465346557,1.0E-6,0.5313783025644494
4623497,0.034971247149882104,1.0E-6,0.038551751930592175,0.2897693664652414
249061491,0.11653378433101926,1.0E-6,0.027204012168997153,0.21480820884146223
1702552003,0.0811959112980496,1.0E-6,0.013657479672469889,0.30105880726278306
47525,23.004064416391362,1.0E-6,5.681287516450853,0.7978442420681583
53960967,6.611758704021098,1.0E-6,7.515510715866044,0.5170762012953909
183636049,5.068709575221796,1.0E-6,3.935476513626122,0.34168843988122033
1543676122,3.3284286492844384,1.0E-6,5.412081593005877,0.3859231272103201
196778200,5.974244228518248,0.2279559940029686,1.0E-6,1.3683453452675014
400235601,0.057715928346136605,1.0E-6,13.444885124296322,1.1498147448756013
263832221,0.08455910066668879,1.0E-6,9.310023692513088,4.0303595172983675
883349757,0.05748660052421019,1.8951054595336812E-5,4.904556651413272,8.463366289440222
1265783821,0.020248721144216966,1.0E-6,8.829114941720428,2.7160141436798684
449067455,0.11788727036192947,1.0E-6,2.2483785805993364,2.4482359579527984
31836700,0.11336338371030132,1.0E-6,1.2773306473204091,0.6576534625869992
207765407,1.0E-6,0.23989934765548002,0.4145837189635946,5.898758057154279
646795831,0.017959096084982203,1.0E-6,0.3992996407888134,5.6652542976501925
1227476,0.03754212917717583,0.5251163369726866,1.0E-6,8.368486989866591
466438858,0.02801524592950913,1.0E-6,0.16003787252915272,2.476578044689325
303310424,0.021280291687778966,0.022350983482750584,1.0E-6,5.415456343158041
745141012,0.12407802338262192,0.41753808439160467,0.04696502069307746,1.0E-6
459486971,0.18201301585301252,0.24786676960721027,1.0E-6,1.3798347298428897
1244851794,0.015421618872745861,5.378913698563311,1.0E-6,0.5409993298490645
930783860,0.07998858897663702,1.0E-6,0.00816275218509244,0.6520086671215936
726342021,0.09121059728696915,1.0E-6,0.01750630944447874,0.21305536350998883
295032399,11.119194091503577,1.0E-6,4.6545133280879565,2.086584277898542
54194045,0.6473913415334351,1.0E-6,2.0962056284147943,1.649715501977293
349509147,0.021057267137814438,1.0E-6,11.681200495268047,3.712121829245242
28946283,1.0E-6,1.1524776412811522,5.103759305152419,0.5506158333608386
8615719,1.0E-6,0.2915795865930937,6.439313872582489,0.6171180496698534
489759486,1.0E-6,0.6154880426892344,2.3377622454886944,1.9234535618642414
213089330,1.0E-6,0.03875456011107348,1.6874970132066875,3.4659999193646214
316964053,0.032281362679711836,4.4536387416270016E-6,4.700345804782468,0.9310570677705349
1027212419,0.1449537206165111,0.015607063314938883,1.0E-6,8.005495030990094
2316813039,0.16861186493707547,0.18432774921411382,1.0E-6,5.939202373323572
205179636,0.02352734878881319,0.052171335092563366,1.0E-6,4.632770754387907
179649326,0.017078042032738737,4.390967289398336,1.0E-6,3.328212573645119
467702658,1.0E-6,0.3614739604306287,0.00633459266973835,1.5160100071263296
1172289835,0.011332679573682695,0.0169107837402191,1.0E-6,2.1445711030904047
1030664219,0.2101527923044295,0.5910850764147646,1.0E-6,0.5044486349669545
468098413,0.020034483151511098,1.0E-6,0.00615100376824513,3.655611255017545
1466683017,1.5349843750924426,1.0E-6,8.817284272015122,0.42329390765783653
1380723642,6.419183890902238,1.0E-6,1.7264355637787645,1.1351488070338644
22628170,0.144483102357541,1.0E-6,3.118942754565498,0.7738607900989897
1435070648,0.022536970671431723,1.0E-6,1.324942386501939,5.45235616331187
357757604,0.055842098301587324,1.0E-6,0.6674005248005082,3.4987911614575675
749668537,0.012386373986765592,0.019888366677634484,1.0E-6,7.9636828731694385
905938824,0.01280898921313186,0.04459877984457024,1.0E-6,5.270091631637821
1473393,0.13003665919933738,0.3388226511327169,1.0E-6,0.9378847378770591
1460711082,0.20161710477671047,0.4017782990604179,1.0E-6,0.627202738429324
238380518,0.03363135851044998,0.9240024462056157,0.015078328950590726,1.0E-6
11743588,1.0E-6,0.19142788304356437,0.009456794357535386,0.9112073315586461
276603658,0.038986586687641954,1.6862645286379034,1.0E-6,0.22625293760614928
1557895756,3.8508933895314943,10.132711061579034,3.1578697852800617,0.9804075694249573
202670502,8.418908431037083,1.0E-6,3.3760972597879326,0.46171599442577105
198854466,2.238103199268765,1.0E-6,5.935592403841315,0.10982512072254273
1929380441,5.435620238905337,1.0E-6,1.084084957442004,0.40354928081076974
572377614,0.16789199098374846,1.0E-6,2.3506242824856334,0.7635893082542703
1359231784,0.04583828877201766,1.0E-6,1.2132360265160531,7.445783321191765
495379863,0.07219610648238464,1.0E-6,2.0984911897448915,1.447513250500008
40366309,0.01884247916247133,1.0E-6,8.807840986572,5.069580050406969
8907823,0.023241023712502404,1.0E-6,2.4629010341377526,8.684707206447083
564835471,1.0E-6,0.4542112164676283,0.038640172447434576,8.238641375608786
1988504894,0.028057441902143574,0.021659795597626177,1.0E-6,7.302831362554188
643911676,0.1036070895552684,0.015234024693535903,1.0E-6,0.8378868688344768
425194107,9.072724276479619,1.0E-6,2.4308209162243224,0.5660218009374021
253454704,5.447489750272368,1.0E-6,2.475235946734086,0.5282710970334696
963680216,4.694183525480816,1.0E-6,2.8296087765018503,0.4688746005438583
526751220,0.8470383850995484,0.09643314243239226,2.547276222379019,0.5716955200470787
362614946,0.03808131434311862,1.0E-6,10.549405631782637,0.059643356949408276
605276364,0.05645708706562198,1.0E-6,4.699838626154897,2.627221509848822
1523737196,0.09057804996261402,1.0E-6,2.389522522061222,0.6366081812121392
1499566990,0.003597753137109573,1.0E-6,0.9672184618312365,5.075393578240069
201037829,0.038981453992513036,1.0E-6,0.5892674398373186,2.371077560079231
256497809,0.0457129289205712,0.4582361376649129,1.0E-6,6.935372300021136
6091652,0.030724451133493248,1.2618414837767176,0.07360858351512889,2.0602984296787312
216662596,1.0E-6,0.10417120234002358,0.03320439482133151,1.2241799744534814
211895754,0.08444922664284102,1.0E-6,0.03017297316026181,0.3197884715136639
218139189,2.7609825231918057,1.0E-6,2.93870539136036,0.7133899996607835
2077774514,1.3907417008435996,1.0E-6,6.800627829142557,0.47727505083071003
55995087,0.260310304225659,1.0E-6,13.84756639605839,0.2788862501195239
222066767,3.854704426965435,1.0E-6,2.2608661305728597,0.5056688427713928
267621951,2.0697985827210297,1.0E-6,3.2788643262578336,0.39496798857316057
177795215,1.0E-6,0.7245778043980736,3.2592210049068715,1.5168620726320319
4562165,0.12968106023536483,1.0E-6,1.4030926927827738,1.6864977554459866
332326823,0.043825143364862124,1.0E-6,1.3344579845045812,2.413178547114989
1512211528,0.10118190542470344,1.0E-6,4.8422615655479655,0.008208492515825928
228667981,0.07782099885957415,1.0E-6,2.59864844866197,0.7330942584415031
271239922,0.03847832805788066,0.12826663422930523,0.2334882169407692,3.620171998155387
1501539660,1.0E-6,0.3426922202226791,0.6353553170609395,0.7954275208293833
1513088920,0.04255941187928148,1.0E-6,0.42911897241933905,2.7623818057914895
1360848222,0.027353304052899874,1.0E-6,0.4095297143204821,4.92932084943587
1538102375,0.021363785996675867,0.04243187977011824,0.5653180141702897,1.0E-6
864453698,0.020598788341180774,1.0E-6,0.1971601419337556,5.058020711357774
1178456903,1.0E-6,0.07461544487813947,0.09231455583224644,4.398414334071734
199158775,0.10897479426039254,1.0E-6,0.006502582056144681,1.5327215309223015
870166,4.379600847847387,1.0E-6,4.498949844806332,0.3854046109068823
741575740,0.06859165744930948,1.0E-6,9.54475693327967,4.017687349789912
2869768,0.11047035231188948,1.0E-6,8.667100216821627,0.5737587759235829
864009,0.016433951859404185,1.0E-6,10.312724422006067,0.16627732295525555
1320005854,0.06553902951317365,1.0E-6,3.0066466481468828,2.0757527978598294
240383262,0.09433608209882507,1.0E-6,4.853768440369364,0.011149709144530066
20362787,0.1346286195235884,1.0E-6,0.85256917007667,2.9433769148813616
3384273,20.216637653017926,1.0E-6,2.388141405516845,2.1056678099118282
1297589,6.066574694435497,1.0E-6,4.755888053712449,0.7337432230401293
3868576,3.2304415210587267,1.0E-6,5.042655244649243,0.6122488097488459
1505821325,1.1875619055633893,1.0E-6,1.805706489552976,1.016636165838498
869170233,0.5394929597521659,0.19748308343811838,0.7678473325025587,6.450729435594129
478494954,0.04038406780443125,1.0E-6,9.472914274333986,0.5969182340577553
1056489708,0.025563321009108294,1.0E-6,3.636495722033193,7.202114977509796
2805685,0.055913465065543295,1.0E-6,5.904729133410287,1.3060445886113754
457726539,0.018396886945788914,1.0E-6,0.30279276487044027,3.330034621455815
10792760,1.0E-6,1.15712042139478,0.03632757195135942,0.3893384356760262
237513364,1.0E-6,0.19478543389908426,0.010726723588085194,1.0387032921720307
476132155,0.047160939823016924,1.0E-6,0.014965359414742785,0.2940816620709431
1430565170,0.7278775604456609,1.0E-6,2.410845669964641,0.7210026446746468
1198017,1.3231399470689666,1.0E-6,3.331871268956565,1.0112644077205413
247538574,1.0E-6,0.0645626165000025,2.818438321115983,4.989026399460971
561748977,0.07848895465394834,0.00770778094829124,1.0E-6,9.96993641047142
25485637,0.013643785806182394,1.0E-6,6.654280151243457,0.06976375803552563
507532621,0.025925819659369333,1.0E-6,4.015609379333643,3.7120530633519455
188531337,0.0210628309682679,1.0E-6,1.68982555293251,4.413498559673418
538891745,0.025843904788813696,1.0E-6,0.59548908768547,4.242348790187656
309256667,0.010459198055118541,1.0E-6,0.648135662089966,2.191320474571553
1268586529,0.22410945139467595,0.10246138319589113,1.0E-6,0.5057553807749198
205697930,0.042526443695115795,1.0E-6,0.024704567633573028,0.21725706481453105
2493785,1.0E-6,2.6891913628839257,0.005295171822914768,0.32945127209524727
1637893417,1.0E-6,1.6606246759804193,0.012635317141728677,0.2812153626911974
1225970901,20.84309995331652,0.513096178490133,1.7973756795109268,1.0E-6
42374887,11.833157973617409,1.0E-6,1.8804144819439987,1.7387395188259582
1217669213,4.156881898680454,1.0E-6,4.68626054723821,0.3665225802693589
249463098,1.4011702652239602,1.0E-6,6.717533837335553,0.3936192076407322
186892618,3.2285456711929403,1.0E-6,5.088108009640469,0.4915661642675913
3014331,0.05321613288943199,0.5507061845606457,0.8688023388813846,7.622790555088819E-6
303982408,0.04017263481457689,0.06120600029059375,0.5547071613406307,1.0E-6
1325596464,5.6169750037399355,1.0E-6,2.1534933556048412,0.8480522126421851
1351903609,0.014214058079835992,1.0E-6,3.793939805669798,9.709917590820968
48805145,0.04842216342687026,1.0E-6,2.826691782198361,5.145374756923521
373615074,0.02805571246342098,1.0E-6,4.33419519487786,1.9387121188772591
179192602,0.0349640502405394,1.0E-6,1.744359036493912,1.1247642319889608
1585494956,0.02265147859131083,1.0E-6,2.8707980738354757,5.577910126455961
178448614,0.05770679276242658,0.04967417778973058,2.0642079818859527,1.0E-6
11936494,0.05157283242934474,1.0E-6,0.6255489155486897,0.9086050773120989
361863289,0.02429962574751055,1.0E-6,0.00604143282467346,2.914892918083009
310091193,2.6695712209560916,1.0E-6,2.147299207930877,0.38825428664008954
1198417,0.07302860960115476,1.0E-6,9.295954567205655,3.5115399644816407
794087,0.3829719103124014,1.0E-6,4.54087824275937,0.5536240193744404
530770006,0.05430334277729281,1.0E-6,0.005495465367074568,6.770040001605244
530899937,0.05283186387948313,1.7209266211856742,1.0E-6,0.9073707232831655
353020539,0.022476332064285193,1.0E-6,0.0074581085485053685,3.0079626792434597
1515197396,4.7252043372741355,1.0E-6,3.8345707886787666,0.4450566347555822
1217807468,1.201958800327606,1.0E-6,3.2583801389528424,1.711555981483219
812059436,0.15007121951318422,1.0E-6,3.111507118925635,0.4045557478587137
711882506,0.04821458403788923,1.0E-6,4.690290530670089,6.017923900481368
233379621,0.015266609858656823,0.015468435230801538,1.6529951440431654,1.0E-6
642020385,0.0454404011287145,1.0E-6,0.24694977325584225,3.428296678069942
21413848,0.055807635278086846,1.0E-6,0.043335467594623915,0.22002679380568504
1517665571,4.033291962296814,0.019358983942286023,15.405350575589717,1.0E-6
250649733,4.753986677757196,1.0E-6,3.4896961124848724,0.4482082952391437
1513962184,0.04571480630288471,1.0E-6,10.483680434118845,0.3622771174426141
1080490214,1.2315156821118345,1.0E-6,1.1284403944435442,3.226561013945322
342135320,0.2147456171773726,1.0E-6,2.3423109307406533,1.1488326985422335
406131785,0.12517766705006197,1.0E-6,1.232039657314601,1.0364002699806212
415340009,0.15462236712590613,0.007856772180648189,1.0E-6,5.750990172432694
23640688,0.03722347396854687,0.04002494065398241,0.5874699505706309,1.0E-6
1557097025,0.015688166149901338,1.0E-6,0.15392687941303276,6.278887066472736
300551308,0.02202099346378115,1.0E-6,0.29989088279362247,4.7704821575797425
1676477,0.07691030736875738,1.0E-6,0.009663610257958559,1.6434744108569197
185524037,0.08900864695108797,0.03650237674474233,1.0E-6,1.0145473796894167
197868268,0.13241734009469724,0.1965234346626324,1.0E-6,0.44727555041191086
637296152,12.62187471035152,1.0E-6,2.384720416027544,0.7645665649380898
1530338851,7.364889187036148,1.0E-6,3.703450758800932,0.4041875691403576
2382136,0.251202742641913,1.0E-6,3.284354180570548,0.6530645056623324
1068757954,0.10396603076714447,1.0E-6,1.3124028192890522,2.2759081154952665
259362248,0.013833172982757479,1.0E-6,0.4236165304275665,1.0206765189497782
1968021964,0.008740253399697005,1.0E-6,0.00782829922161704,2.336334710817779
257610297,4.836477733692895,1.6750183474948848,5.054152790989509,1.0E-6
1347197698,9.373614456538062,1.0E-6,0.5826428753890474,4.4389806921212
9539073,0.8626096251775432,1.0E-6,6.2776036598893805,1.0017856145994837
1381400840,0.43533799082109226,1.0E-6,6.0770151899638085,1.4224076353455786
744313691,0.15684507514891746,1.0E-6,4.8166199698309065,0.6767444208589652
376424344,0.2975336316172838,1.0E-6,3.3957551534848305,3.34805628653453
342018260,0.01937811823151655,1.0E-6,8.65743783760854,7.090155154928593
208265659,0.019072588890143204,2.913170368990472,1.0E-6,7.7317215918403805
845519,1.0E-6,0.35354841469881754,1.8462462290533614,0.7781062340938258
16262285,0.02944966278772432,1.0E-6,0.6087909608262375,1.8378665737741258
1567992975,12.870224376868403,1.0E-6,1.3785343848876752,1.9231940761160389
12906914,0.05266144363683492,10.385426113839515,8.472330936758674,1.2712195442763613E-5
407092217,1.362333445742497,0.6290270463347356,3.5797292429317156,1.0E-6
979633571,0.1055094637796331,1.0E-6,4.959679781300184,6.730740715342443
523025192,0.6349880909370156,0.13903673018105353,1.0E-6,4.400157983077177
752099318,0.1769461361572996,1.0E-6,1.6666270059981543,1.8672257967409798
322100534,0.07702777590372863,1.0E-6,1.306840517257576,4.438075081174692
1661597304,0.09646699498057906,1.0E-6,0.008721862799444305,7.924476694539696
1721619967,0.1406502960579414,1.0E-6,0.012676694294701913,0.37331025680815244
1788508,3.5607208314387186,1.0E-6,3.5905053169136805,0.6562798901650282
33747063,0.04862963890597816,1.0E-6,10.962742353627,0.28156010798385456
208808122,0.026376468678940397,1.0E-6,10.540224042840782,0.30700930727930986
26795042,0.028493063561787893,1.0E-6,5.154900590482055,2.3378528630424444
192231307,0.022776725002388212,1.0E-6,9.858978913803123,2.0783001955890343
535887615,0.0326775054250472,1.0E-6,1.4795220569344532,3.430992301398053
241421428,0.11086674363010249,1.0E-6,1.9379386191364216,3.635672025806783
235476465,0.024898375787999357,0.04773873156255789,0.03130656362845415,0.6480923218944225
271156627,0.06674969459145216,3.7897094560308577,1.0E-6,0.7887383602872544
582416280,3.8180676384053585,0.018851129452823544,10.807532776051634,3.12894308485735
382170702,2.1705958742511755,1.0E-6,2.001763509117981,0.7026244206613749
175485485,0.818702430248728,1.0E-6,2.7501540052554954,1.4799047947693413
1484014000,0.05940289395661252,1.0E-6,6.8336293049878485,1.6587627596991181
1119840252,0.05445599649799286,1.0E-6,0.026795574347947514,7.229095395133701
200888797,0.026044860666312057,0.06884805934321056,1.0E-6,5.7227279239016715
831038,46.53085210653367,1.6031139771039004E-5,5.525387107868391,8.353711770790534
37077380,3.8778204256306195,1.0E-6,2.4765906104036275,0.6490517669103167
467481116,1.0294819026392374,1.0E-6,4.856229784086064,3.066549596475394
224888618,0.056359647089797696,1.0E-6,8.677923982027444,2.781586700868922
266084535,0.07777831938541455,1.0E-6,10.17282970910817,0.4307968639915924
363087494,0.007789081075502973,1.0E-6,6.358532215651485,8.272405914947367
335036925,0.06886806202688223,0.05593902434512042,1.0E-6,6.706410575708848
1528450183,0.012875177776570379,0.014208451707076089,1.0E-6,7.673261548525852
1038393,1.0E-6,3.6000309823306867E-4,0.04400309715571152,1.753856284791835
460386136,8.156029322806733,1.0E-6,5.699374661406282,1.3800805178671254
471877964,6.758242945596814,1.0E-6,7.06978250012816,0.5915571708049441
267653965,9.216753911499389,1.0E-6,4.05988135369637,0.7859460648982366
50844490,4.529945968109458,1.0E-6,3.7844698157885146,0.47253251326820467
26926343,0.014848248855598862,1.0E-6,0.32886336839351094,3.2955211783615743
1991366,0.051568568526222096,1.0E-6,0.02784013791728302,0.405548372207431
372958001,10.631790930307771,1.0E-6,2.9112553651162707,0.687506624189918
224984506,0.22502312536108274,1.0E-6,10.052092178926431,0.368049337218259
30412871,0.07894743388418025,1.0E-6,6.411311027774731,1.3738131885067735
239380550,1.0E-6,1.3989796349362187,1.926763126113219,1.7378840295485365
23732334,0.25626869509000644,6.010964888987453,0.01177053273416094,1.0E-6
976262961,1.9485460268620898,1.0E-6,2.339971481586039,0.3656342955203313
44272785,2.2106281966684413,1.0E-6,3.4445664002770755,0.4284370930642935
5175130,0.02405338422811258,1.0E-6,1.141514575228514,2.899066097618245
1465001512,0.06064773177986921,1.0E-6,0.004974470137013851,3.383163606272256
359509471,3.50997699202947E-5,11.942054130932888,8.34557128358779,0.15676433991250124
43373288,0.08164928188446413,1.0E-6,15.760167184634438,0.19519968634384863
769582,0.06058098730085529,1.0E-6,8.022050495452314,0.5011696866355914
1484212212,0.10832978825583008,0.36689045880391485,4.017992832648412,0.5343999299253969
16838282,0.013800271504364477,1.0E-6,0.5215157257350974,0.2614398890449717
366564420,7.63871645552504,1.0E-6,2.7304562956970693,0.777619838373751
856125062,1.13635184886387,1.0E-6,4.430491909884731,0.3153551678748893
1477732293,1.2456834123109513,1.0E-6,3.9734476108522383,1.0756551652750141
778228762,1.3240740286982233,0.17210981027351768,1.0E-6,2.9734436101190074
495410610,0.132334720081174,1.0E-6,6.015909304083745,2.864484292646163
2061161,5.461313421724118,1.0E-6,5.399775852503973,0.6580974797439592
635537849,3.9109503236882026,1.0E-6,2.859317516550056,0.5778182144123557
9688438,0.037531812228491286,3.057806388753201E-6,0.4219866322919236,2.462270962703537
2076190,0.0657236734885667,1.0E-6,8.710101604011168,0.9753263259838717
387804605,0.31016390795428084,1.0E-6,3.361926158467829,4.099226696234473
299889819,0.47749684635053746,1.0E-6,0.2755987761816425,3.227150595453606
526363172,0.03604129093802398,0.03522335962836083,0.28565220923974477,1.3453416423865407
341934645,7.120929000432086,1.0E-6,1.0331080557893728,0.7491699405654285
12462327,0.27220742856102437,1.0E-6,11.548279931683053,0.7367728071544727
1392836448,1.9490410291876894,1.0E-6,2.8282107221518107,0.49924291577366414
1066901,2.9727303774495897,1.0E-6,6.247648187435284,0.3981866705551959
527909974,2.1526137483627865,1.0E-6,3.697348365213654,0.35284496738055127
781876,1.8036776976520825,0.7553335583732932,3.0363722470124386,0.007695657257848722
242343983,0.048554717654103255,0.015451487579675249,8.301150592862868,1.0E-6
42050086,0.12488015968769754,1.0E-6,0.28669951486530104,3.4660732177172044
208695603,0.022940964113256242,1.0E-6,0.4370015401633746,1.4136039698211846
1603709979,0.08318935379760119,1.0E-6,0.011139686688080757,0.5007816388566072
12823531,5.746987321807821,1.0E-6,5.304717333590404,0.5492309907480316
2479803,3.10550439790534,1.0E-6,2.820496698197032,1.732430425078297
240442515,1.0E-6,0.09879900028373059,5.543729643104547,0.6310617553528766
269922335,0.01998587577329923,1.0E-6,8.99099171717947,0.07728365354272149
1215437540,0.03355045288631951,1.0E-6,0.09643453257041297,7.038431314372336
196677619,0.1146582122245446,0.15313436107501385,1.0E-6,1.706465762229404
211739830,1.0E-6,0.7387113272366378,0.0065896634692227,1.2062475476748293
309194749,0.12350226301798399,1.0E-6,0.00834863819133048,0.40385269412206
1424701184,2.189886357174875,1.0E-6,3.1123861619767754,0.33289499073041967
78648,0.9232175988676549,1.0E-6,8.626902931447791,0.27902549291295686
343614888,0.6281419417451107,1.0E-6,1.5465872847555235,0.9176536076351418
206367606,0.04823876873760476,1.0E-6,1.8891828175194385,3.88195579813616
329678610,8.690249257788539,1.0E-6,3.67564731367788,1.0455091461395971
22440645,0.015622416951428148,1.0E-6,9.984680302256947,4.995338708846046
29859151,0.39934779032602563,1.0E-6,7.872572743324223,0.5529403568267555
788005,1.0E-6,0.42702104431163723,0.03736881673018383,0.31347567801347115
23461186,1.0E-6,0.18770886990650476,0.03202656831030303,0.6536270161157587
13059005,5.5117627225307935,1.0E-6,2.6556600943770285,0.6098063783539183
251584954,0.017703060049576044,1.0E-6,9.134482441835374,1.5105041902558918
248522344,0.03707750943517885,1.0E-6,1.8555670930839336,3.4666375893175045
544012526,38.54808147537006,1.6350781798759757,1.0E-6,2.5431399715083236
345586825,20.205130864983925,1.0E-6,2.840639576917602,2.796174838029377
18854090,4.18640698976684,1.0E-6,1.9939316983295128,0.4227138771629687
1449596183,12.493857715404133,1.0E-6,10.038282202146503,0.021704747812297465
526172948,2.800031807221247,1.0E-6,1.0141713493109794,1.5953509535041464
211165873,0.15679061168655078,1.0E-6,13.955540190314274,0.7819009536152868
24958698,0.0405786193051595,1.0E-6,3.5915889759581585,1.6808513165860517
9456650,0.01917712691252122,1.0E-6,7.424707482202399,4.555499873793208
39609231,0.014573359807346404,1.0E-6,6.123845367518303,4.343903643222641
47783190,0.03388002684089202,1.0E-6,0.6204825412467264,2.2519526212197114
218496931,1.0E-6,0.9270974495566268,0.015494983284884701,0.7127059771283273
2602391,5.573564030784704,1.0E-6,5.229139944069003,0.33634147083136184
1340118021,1.800977821231391,1.0E-6,6.554566066515719,0.5440594872864952
297317271,0.03619280441593893,1.0E-6,6.417255233380596,0.43751723920987456
276862452,0.2008187076235302,1.0E-6,2.379598480092182,1.7953137204907657
1105797835,1.0E-6,0.07922356577536974,1.4864736210383902,1.2197950283896972
8829552,0.03354481071051185,1.0E-6,0.020848964993852102,0.20920040712573387
273275256,4.757970444312072,1.0E-6,5.7913380532979435,0.4326479848390653
4270959,11.230373606512913,1.0E-6,1.8288496159836156,0.46255653839487154
23626351,1.453855839795127,1.0E-6,8.24823281671278,0.30871474233848
2308135,0.1030875315520923,1.0E-6,12.586997437021559,0.11487876649676884
233986127,0.28142633000742134,1.0E-6,5.28794739315088,2.973888850419018
976963157,0.11179093974307962,1.0E-6,9.187329456329662,3.604177237150412
497665067,0.014047437275787113,1.0E-6,0.5518984379060158,2.5266240093317816
187634975,1.6074762371747868,1.0E-6,4.373020827154344,0.4651667112717845
208367668,0.1803157761293073,1.0E-6,0.9272346886288225,4.779416032027809
258102864,0.027807094570515348,4.3239144228480553E-4,1.0E-6,5.0359902373534595
3890255,0.021505092798359177,1.0E-6,6.682183579209167,4.41773696748967
1358376686,0.018129974811511726,1.0E-6,0.044945067398714594,8.20327320936222
29950685,0.021572845810680363,1.0E-6,0.02218023595427447,5.596115905843682
218585478,0.0501003188576281,1.0E-6,13.990701585257257,0.32419681351467
1370119083,5.524345558633807,1.0E-6,5.531936866689806,1.2251002499745762
21420093,0.033763802148106,1.0E-6,2.814038055911362,4.880584570932302
12152779,0.0192102154977797,1.0E-6,5.430249076562266,4.27139742325391
337358922,1.0E-6,0.3451419735062945,0.7868253386939997,6.678726915958733
447587670,0.033912816163536204,1.0E-6,1.4836978933003577,0.5236205947049709
178043101,1.0E-6,1.5067973637018635,6.21605537046316,0.6715151454126375
5755715,0.019358759181968915,1.0E-6,8.106383575121475,5.254275646687634
1387411024,6.65490813487245,1.0E-6,1.6182959159080392,0.6191241448791631
176016306,2.55881800023156,1.0E-6,4.331012056227444,0.3573826138675617
3044909,0.07667059965736737,1.0E-6,4.771743078495873,0.4068718689498883
204847429,1.0E-6,0.8976200018571726,0.006946939109649083,0.7690832329068272
4360687,0.05999411346640838,1.0E-6,0.4406993590982187,4.158879509737064
1271707178,1.0E-6,0.15707414424070698,0.3558566355817108,3.911131120986286
190439839,11.713592101150613,1.0E-6,8.408337348517842,1.1451059829879966
187151842,6.78713073694447,1.0E-6,8.957053141178042,0.5054097228392408
241151788,9.570993222827209,1.8864448976055057,1.815461520801885,0.45536280653164496
4787785,7.294693874238693,1.0E-6,3.1528745550456385,0.40873823150905625
10185510,0.038428869821910246,1.0E-6,7.748563624763168,0.1187832435868784
31633728,0.02100703975103004,1.0E-6,7.743401915183192,4.501104957421745
10004059,1.0E-6,0.2562025277477126,1.947449738760393,6.906833244724726
3373974,0.02117648543572717,1.0E-6,6.9912468026505,3.569101918419233
273114450,0.034491409365089626,1.0E-6,0.1419514440049167,8.054607637059501
3879158,0.026024729392555325,1.0E-6,0.7363314004795154,2.373749286248426
628103579,6.54383808112017,1.0E-6,2.3929609088008563,3.1467295867745912
192121043,16.861528005938947,1.0E-6,4.878217316621645,0.8397026494734168
1312221,0.05204942226318663,1.0E-6,9.577946126913838,0.3154686309876938
145308730,1.0110058942740205,1.0E-6,7.032441925306153,0.3765691643972363
646862038,0.06173471344953972,1.0E-6,2.553250426695269,1.5388838414103232
294631191,0.016173495991699885,1.0E-6,0.017374398773014204,0.3730157963246629
8946560,0.03051884584989488,1.0E-6,0.3379323746307646,1.5043135743867782
198762295,1.0E-6,3.572363420040248,7.549283858641688,0.5469624017701641
2007924,0.008448315877480992,1.0E-6,8.365645782607213,8.783158105024064
1683745,0.005886161354334655,1.0E-6,7.182947191408751,8.647261478328689
230727846,0.004454659392869985,1.0E-6,9.878304201545218,0.03311087036629719
217782915,0.026886826843144133,1.0E-6,5.620835690364901,0.48817051380724086
31768160,14.182544213929283,1.0E-6,2.280210497671294,1.6665222471390495
237776406,3.751544233105147,1.0E-6,1.1037606597550333,1.7780758016303668
224336487,1.0E-6,0.08360026681332625,5.834188344742644,0.7407408932717725
331302998,7.994146338847343,1.0E-6,2.1397630144212663,0.42879216675679693
407307136,8.358338112749593,1.0E-6,2.149311767487628,0.9618871838574319
870445759,0.22778742916876268,1.0E-6,7.7187094984022275,0.45181809382438415
2708917,1.0E-6,0.11638652838391374,4.076310942052939,0.5109893970824557
287869909,0.060199013614926515,1.0E-6,0.11470749527797433,7.916483705448365
509995308,0.007243056579273616,1.0E-6,1.5425324743955,2.0992971755399474
367160963,1.0E-6,1.0375681001329224,0.18559379972749793,1.7024347649970413
5361039,0.004227081305297973,1.0E-6,0.06618056227499415,0.5680382772624789
41357433,26.21894743489137,1.0E-6,14.840232716659555,2.9396725760215707
1551389,6.502320873964591,3.103513148638523,10.676071702452646,1.0E-6
5977929,0.05970335603322553,1.0E-6,10.056564150580767,0.3766905410887153
2537473,1.0E-6,0.1750119601329253,2.8716631160018293,1.1049178092660208
16065847,0.06206038285396353,1.0E-6,0.5339195847295206,2.7965028942795143
326739637,1.0E-6,2.1607788912380927,9.870701559593991,0.48037205741381617
27543924,0.02834587813858491,1.0E-6,2.022158169999866,0.8952306530438927
41987900,0.039838693006323006,1.0E-6,0.017207610722508506,0.5482348371788005
856855,0.05306855597966461,1.0E-6,0.006565547426285966,0.9314557038297235
41373987,0.9581668266737696,1.0E-6,5.8082298315588785,0.31251654455038635
1075272,0.3098066690795669,1.0E-6,1.579019985791408,1.0634204699019272
252976899,0.0632383868185032,1.0E-6,2.672303530985545,4.682184581218195
1064366,0.06822200732721814,1.0E-6,1.8802137180071903,1.532471989680085
1113090,1.0E-6,0.07475280057589971,2.1461695933062046,3.004336194261743
179360669,8.9890006032548,1.0E-6,1.5273880138548293,1.5687492049037886
10820607,0.039050507808590984,1.0E-6,8.792780564304138,0.5612770160584668
583684651,0.02883541758121592,1.0E-6,5.910806658325327,0.9041131791781923
335965077,1.0E-6,0.8941240725027114,0.2968641953856808,1.393132582762224
777821651,1.563140873503994,1.0E-6,1.8443035099161194,0.539646061967103
320498757,1.0E-6,0.16460213902428975,3.482301068866959,2.1305839584445874
610571830,0.025332657916616323,1.0E-6,9.81099209254554,2.860333035690827
15977721,6.313597584490748,1.0E-6,1.8692642916951647,0.3366385747978123
1476954,1.0E-6,0.7879571880638421,9.337461003653729,0.4584758004420985
35720927,0.2837653221782856,1.0E-6,7.8887896711696195,0.7927363620700492
15597699,0.05519459035744205,1.0E-6,11.495390028527304,0.32927526873960744
26958503,0.03313981763331789,1.0E-6,6.201657810650799,0.3774689074988781
630230818,0.09439553556210321,1.0E-6,0.01176488456498081,0.24049132993723163
2226095,0.013531635040586935,1.0E-6,5.422636279487707,5.520128529360301
2188824,1.7276954807389404,1.0E-6,6.771088585941999,0.3557013735483972
3830537,0.036068426677919534,1.0E-6,3.2145353011386466,0.42138493378248004
6360082,8.207253168009215,1.0E-6,3.323992165685909,0.45067779547926023
4130384,3.9485548519103872,1.0E-6,3.0172549673802034,0.46519303142127966
248508947,0.332320100533756,1.0E-6,2.24639498986214,0.8961335946739888
845529,0.027510098786146683,1.0E-6,2.920424285715568,1.7545346973861289
231949310,0.03772441936837176,1.0E-6,1.043522887446046,2.15828879902688
1445709739,0.01724352888258986,1.0E-6,0.041836685572103176,5.96634068047776
54051005,1.0E-6,0.07425692308268096,3.174947033172752,0.49226829072761846
363956201,0.0255425389645293,1.0E-6,1.6560214809011884,3.1402304230948106
626589315,0.026251637698572448,1.0E-6,0.09952129133241265,9.164568245555285
217728319,0.05562279383619966,1.0E-6,5.636875070040198,3.439569897636183
174332982,1.2205452856601795,1.0E-6,1.6291504287827783,0.7540016344138962
43221060,1.0E-6,0.7234874831127763,8.567629631880296,0.7734981101320257
27622521,0.4402110000649431,1.0E-6,3.486624560609166,0.5568607109907737
958642,0.02297213575229756,1.0E-6,1.9678648375849954,3.095950675173166
3112656,11.314235374750247,1.0E-6,1.1796136439171385,2.6322918451100943
247605893,3.86798599737704,1.0E-6,6.07479586425648,0.4840102651257803
54815032,2.2078247504830495,1.0E-6,3.5623294243791976,0.36575548358557997
43958828,1.0E-6,0.1084195231931537,2.1485095029662813,4.229356536479002
1649828,3.2221595281611934,1.0E-6,2.8577023239083528,0.3927824712434817
22171095,0.48732572388561496,1.0E-6,9.40156451173573,0.37719402184917356
316731281,0.06141913912589583,1.0E-6,4.282865517906096,0.6084441750241658
1000179911,0.039954920985996414,1.0E-6,3.053324324671063,2.842129912622697
25424715,0.013212386515204717,1.0E-6,3.914494858387603,5.3630497750521915
9685103,0.02783334169643088,1.0E-6,1.3805531769166426,0.5808960809940914
3037457,19.48999989649109,5.024719592647578,6.125914366681833,1.0E-6
186019852,0.9800928301903052,1.0E-6,6.097717916329096,0.3345699126794552
255457057,2.0131207557238686,1.0E-6,1.445812451895737,0.6157571151766582
348630381,0.1956980365832219,1.0E-6,6.772697185568469,1.0693234784862673
1324153,1.0E-6,0.1442189816494215,2.7810236496242187,1.3949551015488446
52858265,1.0E-6,1.2905203691685263,0.03181719854509696,0.4429752528491725
1371898,0.053312368661614915,1.0E-6,9.841142405637301,1.0888459085709772
1097118847,38.10477566707699,1.3226501071557342E-5,10.597817357801965,13.967499708730022
3523523,0.16935917562503236,1.0E-6,4.417329634064242,0.6810956841840414
2064315,0.023868517073623873,1.0E-6,0.8571866864827669,0.5427665558677262
3300887,0.012637590228526322,1.0E-6,0.7568439936584332,1.2851657412737936
5057456,0.3665002250442018,1.0E-6,2.7024158432629832,0.77374943992973
4587001,0.03149287774742854,1.0E-6,6.0799568544377935,0.35381240693498245
3117840,16.140847772529238,1.0E-6,4.294629587240668,3.060594663219572
450292261,2.9760913854534685,1.0E-6,7.073399178248292,0.4538888967047561
1508932219,3.1130582429152227,1.0E-6,3.604050315952682,1.2280064287088424
2196457,0.046083729563004154,1.0E-6,5.4665787246408195,0.41208884802601675
45966580,0.03467889897477702,1.0E-6,2.4060854706989474,0.3573161988306625
89692,0.4202465618465844,1.0E-6,5.85564982332276,0.4339033693981532
222815744,0.59309313360967,1.0E-6,4.600388766812076,0.38401448498313756
176925601,0.04996703385473839,1.0E-6,5.620637554946625,0.4517233335952073
35127351,0.03845764035907858,1.0E-6,3.7193863983438433,0.4187216160398316
781429,6.929487868373184,1.0E-6,2.4177823233737548,0.4123101939575599
189778250,0.13538793436156124,1.0E-6,4.131473353622985,0.5309054509288031
349467985,11.402936101438744,1.0E-6,3.5975650249250557,1.448164390632303
990644,4.41622752423973,1.0E-6,1.6386568837320166,0.34955032615389264
301613458,15.167113923629334,1.0E-6,4.346492994791221,0.7157623712449347
868058015,3.993348277479977,1.0E-6,1.0163644486615389,1.2505875049664803
190136173,0.1606509363638492,1.0E-6,1.497936472170128,0.893869929174305
27431896,0.020406625073481153,1.0E-6,2.358814795442536,0.6873326622670018
1333203523,1.8685787369055498,1.0E-6,2.350848309644895,0.3536617483489916
200449325,8.373383173515386,1.0E-6,5.974633727353334,1.7100650547716592
12843885,0.5526363867910076,1.0E-6,6.210773543216788,0.3320811821512094
242708369,0.020972329551336683,1.0E-6,2.618320307788999,0.7357599670829044
389492388,21.233489445286658,1.0E-6,15.066931481124112,4.386464759498071
4268403,4.706196455353193,1.0E-6,2.9813977485553034,0.992936337725128
20850451,26.545088081362838,1.0E-6,6.770671574914791,6.110877828823575
2490353,1.4290215492668152,1.0E-6,7.1208317163502395,0.4145851891062806
6308389,1.0E-6,0.028510894424393994,9.479339021771155,0.4298536993453666
1898141,0.024295994392429052,1.0E-6,0.3901773976544925,0.8900002215601743
181896432,3.8846098397846784,1.0E-6,7.114868111996101,0.5608096530881388
12752931,0.09173603661860344,1.0E-6,5.63497251321976,0.44586572553812004
1113921,7.692037784123785,1.0E-6,3.726829966178154,1.0212680555439433
145714741,0.17374690586829614,1.0E-6,5.848277867182931,0.3643506847348209
1676784,0.03652165054151048,1.0E-6,3.9901157092655586,0.6507864665154136
1444451,11.337999651059857,1.0E-6,4.424149499570547,2.28051336558547
1213941,13.166141380767828,1.0E-6,5.261310553082856,1.6452313419616922
1371467,0.02613058206402019,1.0E-6,0.47611899739724384,1.7272330864658367
4487106,0.015612712879102793,1.0E-6,6.607904531844066,3.880008796398162
289020041,15.65252537996909,1.0E-6,0.557557594516811,1.1710018584086515
3135225,3.0182723734812447,1.0E-6,9.3665322020595,0.6817458789636569
2692900,0.37478440029836585,1.0E-6,3.03505661315673,1.0526965490308584
185416714,0.5848848282089658,1.0E-6,0.859640191377839,2.681605420480069
815942819,14.503807647249129,1.0E-6,3.7979851901433137,2.0185384901815078
23876446,0.025689058717105452,1.0E-6,4.104777872841138,0.5902144618186337
1090055,14.742391387648887,1.0E-6,4.960059535818529,1.5471041400114929
