1469609400,4.77138401024914,1.9251756043116626,0.5245436088187593,2.6259939595855045E-6
1262742,0.0041407676802939835,0.37803255112093337,5.24576852034055,1.333017169908011E-6
431904090,2.990538119739212E-6,5.21517240627628,2.8052517975556603,0.07052726096253453
13299395,0.004298191517881214,1.0494699139963723,5.079265706623431,1.3332418011276217E-6
467814133,0.012532375851807147,1.3563276440217438,4.5556294089832035,1.3333113136370773E-6
1114970510,1.332237168020359E-6,0.2635434129914786,4.742800806277475,0.003061573331188848
546998530,0.10602763339667352,1.3333687485198008E-6,5.845967994742918,0.843466714358173
1971402599,0.1669013407059281,1.333344480046579E-6,6.01612546315538,0.08680533116705792
267906357,4.054569153049383,1.4471463048871116,3.4455447021077683,1.3333315058891144E-6
1676703,1.3333290365964426E-6,2.7689874230903415,0.6657988518840936,3.1438405163332166
1542462653,1.3333372496935916E-6,1.094066745191861,0.687151170781469,4.7992606287850785
385182586,1.3335402117754945E-6,3.767462314457897,0.1850411252202529,0.015761221307785376
1354076618,0.2793493075874782,2.776906951085862,3.416255528719765,1.3333484188367433E-6
1827621887,1.3333395589009743E-6,0.6903519175028772,4.216843322836907,0.12016023770485919
15318279,1.3333186668649136E-6,0.5253524087774532,4.79771531417637,0.14700305176756168
1112056,0.30982309575129025,2.915250581217225,2.933770453562834,1.3334076793469985E-6
2183178290,4.0981511811310405,0.4232075442803816,4.202539986341897,1.3333337368910018E-6
1551859751,3.264235205698514,0.10358546742753313,4.5564700132695934,1.333336513770047E-6
1714328,2.32828518893331,2.511034209681246,3.649315140859037,1.3333221225644837E-6
962785815,0.07188724939656937,2.1442630328501884,5.577464961091711,1.3333352103317301E-6
24211166,0.019489391780910106,1.3333427679090942E-6,3.100984825805505,0.037618162963141445
221758078,1.9638630538829078,1.3336137601586812E-6,5.661085093623747,0.011680071251338613
1088969,0.036791368672100505,3.6884543185296907,3.198878359514952,1.3333236248508797E-6
2516898,0.014052783597670477,3.5750850469898867,4.589222142082286,1.3334239291622861E-6
1406894013,0.001092578341509497,5.471664019170199,2.6131943736182874,1.3334068874058786E-6
1537191,0.1901046699555787,0.2733715329559266,4.609088834518229,1.3333395858182096E-6
2948999,0.010837708508997608,1.3334168348218632E-6,0.04118990962589084,5.375760341129599
15343745,1.3333171493753212E-6,3.5882219578425003,4.488669750307915,3.5858728711339887
15412975,0.01930532659774172,0.0016555096428012889,4.675179688511762,1.3334504488490504E-6
1545775,1.33332782705127E-6,4.747518686919674,2.62783129125695,0.5408858016737816
1696627228,0.025454428209015723,0.26508706559978595,1.3332680625348837E-6,5.611071956239486
1480704938,4.659764075096527,0.07377391447246252,3.006099872753454,1.3332852535323795E-6
278477371,0.03623522635340395,1.3333400574044313E-6,5.381455604835066,0.010103167198906226
2031970835,0.12969340360011236,1.3333102448644118E-6,5.456655210488184,0.08706448759548185
787724071,0.025575739451982948,1.3332051988333726E-6,4.897293902554232,0.10720740549245342
26913335,1.333367345742814E-6,1.9591219482117754,5.055223956098514,0.010271299514849988
21751548,0.3676001579781099,1.3333337504080908E-6,5.9076170716275,0.11327602562235901
61691,0.013743148388729797,1.3331456650518932E-6,5.88424946820814,0.01741341835638711
1456330238,1.3333209617376887E-6,1.7763121031791684,5.146305950308261,0.21928320415658262
50474234,5.730219546293088,6.236331961087645,1.3333362757390076E-6,0.1652066433697577
2645075,0.20230775079404767,2.5127469017734323,4.799217086721766,1.3333315150315324E-6
1722971411,3.3803090552501986,1.3333521946530715E-6,5.3683946845471215,0.28516769855032115
368237438,0.3923950511463817,1.3332944871868589E-6,0.02203413100159544,5.94759337409701
1394586531,0.004380873983698408,5.217421908121689,2.5400236215002443,1.3334232617474388E-6
215014211,1.3333333796602578E-6,1.2138688801214115,5.3965015511834205,1.3150661596758935
43580430,1.333324587344419E-6,2.212592775244394,4.241765513399192,4.6078732690947
264345969,1.3333355612119934E-6,8.125909147555896,0.4476854392485217,0.5488068834516242
25905206,0.016326303747007186,2.6325768216463197,3.033606019883201,1.33330821157214E-6
1335967334,1.3332800712518382E-6,5.070346834583098,0.38702231544748084,0.034991527793783936
1534227225,0.6356572428864805,1.333342009635064E-6,4.902441163632515,0.5120753879597961
2015349687,0.18868016851638544,0.9534886605585658,4.368061980097132,1.3333434593853487E-6
245568716,1.3333344870003226E-6,3.458102974155537,6.602562387974719,5.920931885795421
922892,1.3331375483763457E-6,0.6140111159226483,4.856733753055598,0.01612330279068802
1485590798,4.540963294008804,1.333006751039137E-6,3.7466055024564726,0.00849238571590064
13429220,0.005574336490469242,4.340015639706089,1.7903237497038567,1.3333773184650233E-6
478780012,1.333299747006621E-6,0.38598587955645614,4.7508408509167275,0.05234018079302378
1549937221,0.018318514768693703,0.034589352853102225,1.333273985223544E-6,6.425027865286674
216497038,1.333318573623976E-6,4.6137996224634765,3.321467335440965,0.21335409291896337
30386835,1.3332952692009678E-6,0.04710200482606064,5.304678521376068,0.006788980534021051
31533162,1.3332557250358344E-6,0.05708006270407927,5.253892647081774,0.017816346027945656
21552360,1.333362278171402E-6,0.052944641597500335,4.799849298136828,2.3382533889722668
282674163,1.333340600304888E-6,0.39688633413600566,2.928302423071419,4.360820130974147
253875188,1.3333372077617458E-6,2.2817582059725052,4.656833436350675,0.05656748660570257
1593757006,1.3332507424340432E-6,4.491618197906719,3.2752104800174453,0.021128642294189606
1470941396,7.004273904446407,5.872064201380776,5.4512290503435095,1.3333476466384041E-6
1227972770,1.3333306836045022E-6,4.31353017376021,3.597746219525071,0.1482205453941959
2063174114,0.6550964471832557,1.3333233716410322E-6,5.635059819701011,0.5392077058396025
1263811512,5.164224444441461,1.3333310861116653E-6,3.7553695596467884,0.5655421252273884
1427159752,0.0847527766160738,1.3333337480546563E-6,6.742910556624995,0.26069422328926045
287467149,1.3333190747399135E-6,4.470813299260597,3.9222087499366687,0.38478054088368857
177274122,0.44411353602883163,1.3333416555647019E-6,5.221457298745414,0.17686911257677596
328294485,0.2621538070482295,1.333326100124906E-6,5.656054672661528,5.350296053655233
1177786565,3.905343490548985,1.3333345838516266E-6,2.993237607229533,1.00523412475082
1375412714,0.09468605919457268,1.3333310423983435E-6,6.386107992098423,0.06665755761695007
1856554,2.673578325223203,2.014938379463137,3.4627895640956186,1.3333302457687338E-6
1943148216,1.241149840746126,1.6252190280157637,3.7855327759890653,1.3333301470368368E-6
54285677,1.3333325879556763E-6,1.057765832325709,4.591360812227443,2.028576310260658
25839290,1.3333359632852946E-6,1.179187348976515,3.9598848989205835,0.978878053055548
360608500,3.4062420900717245,1.0525004483531448,0.004347929263415683,3.0225152788395637
1531968802,1.33333151054565E-6,1.8174583113168608,5.624737762734426,0.4777708535247455
55153,2.47116684288119,0.8846280928328328,3.6767755694555517,1.3333309416165296E-6
232933340,1.3333253365807472E-6,4.816481371256852,0.6530780232352023,0.19566649972119327
1649781242,0.3024993789483476,0.7920863548969335,5.148191688664476,1.3333340917813677E-6
1386808,0.02281602596927734,0.9885529179045064,4.313413289102807,1.3333506294157864E-6
317303826,2.912879368235763,0.6537521005190251,2.8079332104873473,1.3333327082106728E-6
539308758,5.696003689533085,4.4125308657130375,6.300716220365067,1.3333329109877691E-6
8029226,1.3333454280932406E-6,0.18672238902733784,3.935879512566533,2.8058353767873316
419591776,1.3333318777962276E-6,0.15914464570599493,5.861391824223001,1.3333526909544377E-6
42141295,0.08133712362418809,1.3334712989681179E-6,4.439458738192627,7.593490324426172E-4
1442509122,1.3330902113338398E-6,4.784605307007646,2.0094403684373647,0.004510312643912618
686394932,0.0016405678805293334,5.503700347130428,1.697159608803415,1.333133925595622E-6
33322378,1.3332191158483645E-6,4.838879286550885,2.4529954631125452,0.00221765686503896
14851693,0.021712020773367233,1.3331423570316911E-6,4.065350938993454,3.3531239204258756
1422773575,2.1187688612088644E-4,2.138721587095487,4.166974919145049,1.334100805916555E-6
2176671300,3.179630688032448,4.385622357755203,1.6809643482894536,1.3333333768162206E-6
1476988950,0.012099385892548598,0.02044746821573044,4.987277252239489,1.3333207772406015E-6
5767799,3.8513855889166453,1.3331081565564733E-6,5.602934068667149,0.0054550972443048965
25496,4.746477918353456,1.3333096026563242E-6,4.885859593896188,0.07682859699831014
25614620,0.06091249635685363,1.333318789285027E-6,6.976612170623914,0.23532114671778243
373669853,0.025538233574804975,1.333271535451562E-6,6.087497162665601,0.6184912600541475
1517348844,1.1001624239176202,1.3333210823466061E-6,0.7444818352286664,1.3085288268207167
358871966,0.056334864149345326,1.3333521632902757E-6,5.698803293936789,4.897142564964162
6239422,0.37132592172788037,1.33333629594478E-6,5.896663491018986,0.08216896948972151
1153902371,0.04004212886988601,1.333357715100204E-6,6.918840768991913,0.009694502545254597
18454432,0.031329156757029054,1.3331801166076804E-6,0.005070217468262929,7.302007584497608
2126560010,1.3333327711706657E-6,4.634972254447371,1.9698271416581874,1.1947599603221566
793489,1.333335368352467E-6,1.6048723980913202,4.227534902655246,1.0821300832452923
1819997118,1.333332940102792E-6,0.7514703496086528,4.490817037630663,1.2000325389604656
1491152429,1.3333296869028413E-6,0.8409689860082012,2.4870515848471935,3.5148022410029642
2245324,1.3333351692464294E-6,1.398882314889603,4.490103594262269,1.2260463916433066
1278495445,4.464710417543931,1.0307549491190227,0.46873312572598147,1.3333242827495676E-6
577750387,1.3333296922421804E-6,0.5497184216261799,5.803295635003284,0.6828119876881789
621297654,0.008557935591197255,1.631708844059143,4.030127934811133,1.3334482093854289E-6
1382916558,1.3333009730606285E-6,5.474938741023243,0.055264101349435574,0.028934531923250646
192974291,1.3333257201543956E-6,1.7120474528091691,4.363724563190897,0.2705085145845716
1331715096,1.333189267951335E-6,0.48510367459045534,5.025487531215832,0.02034272221311928
506234210,0.021982321201094536,1.3333677399433736E-6,5.409995479659117,0.11546525898523512
496776266,5.672193495312207E-4,0.053272053626652,5.308091750236939,1.330563280760893E-6
221252982,1.3343356906817262E-6,2.1758871632657324,5.773287210320252,0.00172922074544398
9370272,1.333325617047753E-6,0.7286828382486542,4.469555767925995,0.19478876703818254
721435072,0.006623889522020829,4.95650782942799,3.265372786415875,1.3334033274289783E-6
789852986,1.3325848678983574E-6,0.01549814155267162,4.869242506521524,0.003884607729322818
1543999939,1.333259003861235E-6,6.018061511582277,2.0049511313526907,0.0043918306744948
553038838,0.08497773514096527,4.89206844707582,3.0648627291624093,1.3333566132800751E-6
232007553,0.05073359094275321,1.3332556894423122E-6,5.076095666154204,0.11370041190184395
1499377514,0.010229843631740614,0.3163663937252314,5.1326566582401485,1.333046082566369E-6
280453972,0.5666337603253009,1.33332387708686E-6,5.937842658389913,0.9252844612864443
2101001175,0.09670812882565089,5.804194649747373,1.9165919397660476,1.3333423066756203E-6
1106052273,0.341798377427566,2.6638190681121774,4.785268033321885,1.3333345814756702E-6
1555268,3.7177355144896755,2.0679761095139537,4.953892942007988,1.3333256454829155E-6
185147318,0.001796555092473734,5.536872912452478,3.777608989027679,1.3341740155336345E-6
473769076,6.704023651000505,1.333258517250452E-6,0.002620895855107881,0.010435033019469507
17504456,0.39161806810189015,1.3333361180387204E-6,5.973002795763818,0.21711574879995477
35901338,0.07692168252656024,1.3333385056872383E-6,6.280650797514177,0.06564726670800942
499091330,0.35629394815146903,1.333336009610814E-6,5.958463948576734,0.2046139433735722
489094581,0.17720938391682237,1.333327365872831E-6,6.218461470806536,0.15857356329453282
430746774,4.198802663006943,0.7732701471065342,0.9191362885279629,1.3333314970160693E-6
698241691,1.333298367956032E-6,5.822790835547315,0.7634664691784361,0.03982490911088005
2047152,1.333330117264072E-6,5.486722975918657,6.227664203634507,5.12183016527058
484426217,0.635004209385956,1.3333488147939573E-6,6.050230495979219,0.32156257414342515
1649551881,1.3333394217265812E-6,0.9721130991490273,5.113292413454245,0.3450230195865159
1144469368,1.3333279793045833E-6,0.9395735995385884,4.685838107547151,1.8813450692880203
1326277,0.04271382015597012,1.3332938158272788E-6,5.477219863486099,1.1302370629370107
959837397,1.3333309166408189E-6,1.2383867820568115,6.073791975595083,2.0729327169885745
3125808665,1.3333264826678035E-6,1.0270143205797282,4.2417320074653855,0.3105715329767294
392938880,1.333330607861354E-6,3.5372899967958533,3.5480552007334856,0.8010834630079304
38275398,1.3333311446413417E-6,0.9711789418044081,2.162563436152733,4.109857000127716
246114379,0.028279524692296894,3.813999890925596,2.6394588051565764,1.3332500072244337E-6
1904819173,0.0036902403670844674,0.12608556612117924,5.16071674748544,1.3325759306263672E-6
498198797,0.017702159135664645,1.3334585800992393E-6,5.680390575963715,0.008838729252154953
1218141950,0.808473300468787,3.1304243359612736,2.509793061064943,1.3333330323915916E-6
1271676860,6.177578175503868,1.333333710126157E-6,5.658903583843793,4.571631663290973
1676453981,0.001688934867510565,5.156870085945944,1.9370512648359532,1.3321215681553154E-6
425079374,1.8282926434582711,0.11700158008209044,4.059183258022403,1.3333102481803315E-6
1516785452,0.06800603040629431,0.0027267948014098914,6.240384257597352,1.3333204332004255E-6
289565787,0.0705803836631853,1.3333945376602027E-6,7.0277605075011635,0.006825589540216349
1045930117,3.381688919954123,1.3333233983456855E-6,5.7242097754479735,0.2782658966024072
1480533045,0.002448317273038243,6.3618909852752346,0.08978777003919246,1.3333921876996953E-6
1000424281,7.582284229527241,1.3334009490823117E-6,6.903786375580559,2.767678610655713
243496184,0.25216408761818226,1.3333392871748211E-6,5.890548008291277,0.044069773626109275
1364311150,0.007707007792776496,5.600486293065991,4.693785337334207,1.3335694025636405E-6
2968323592,0.009357135208858938,3.569217751408879,5.347493213262606,1.3333793247583134E-6
24513535,0.04002324198995867,1.333295268488655E-6,0.8473077381170144,5.828151883423173
717886418,0.01094094725922037,6.286809054308337,1.6802074298552352,1.3331257455846364E-6
853689,0.04352953420067694,1.3333435236481894E-6,5.73611688090665,0.06604337960281871
1490431958,0.02359049423152785,1.333267499883904E-6,6.055367648547763,3.2796026420031823
1169719950,0.017798364783230207,4.056739983299077,6.043386060665287,1.3334171954381083E-6
261196906,0.12826668083297124,1.3333288297865038E-6,6.42239457869583,0.08280595671440036
4331446,1.3333319372013924E-6,1.9143255920602797,5.2941386918175235,1.9897433891394476
8938946,1.3333355796206096E-6,1.5957181146732111,4.212566001429903,1.2749813076673329
45925025,1.426881899682,1.3333328310366238E-6,3.533326119996307,2.1433983517485298
1491416138,1.3333330303610234E-6,0.7770475627962403,3.4111852053176737,1.7256329702064819
1401016,1.3333274628653323E-6,1.0114044967124882,4.569786214160461,0.09605576483454838
2025788866,3.2491422637414105,0.4654880452568279,2.0608756950847686,1.333312624641263E-6
1654614889,1.3333279723185647E-6,4.794246646334379,2.428022581240434,1.9031963710233335
229136978,1.333373106670466E-6,0.10702359959105372,5.3442867980451005,0.02616941166500367
1424109226,1.333338910978455E-6,0.6259776754996745,4.210657426802957,0.19376355103557075
1215887186,0.005547060546633996,6.0964384881820575,1.0808549188689864,1.33337569161819E-6
276680597,0.010184405250127574,1.3330607361866804E-6,4.267278167267182,0.03147165232613677
449299746,1.3337439057230861E-6,4.061972775825666,3.5320657287317667,0.004095048455329061
818729,0.012089198934158442,0.7308017404227085,2.726695326435648,1.3332654985952708E-6
2186924131,0.03390935894293721,0.003156808461643757,1.3333968213499316E-6,5.140218847555888
670609188,1.333374449905945E-6,5.6269082719607475,6.3024297473552116,0.011278886930510174
752373297,0.023136650404267857,5.060467194211504,1.3333617746659285E-6,0.02525139586403518
177821977,1.3333398628466448E-6,0.10099528038563207,4.982987591959091,0.010635229864736789
419425480,1.333332903356373E-6,4.2262213420598975,2.537143419198207,0.015465013413289257
2280568248,1.3333015550277715E-6,0.10083828390408973,5.554779463462291,0.010027369398648652
91415,1.333336360495848E-6,4.040936409551473,6.112547861275851,5.502849216783863
1751791049,0.0037171514239848235,1.3332070386369039E-6,5.0555133109128425,0.012919656305343533
1567628479,0.06178978553386797,1.3334470927675666E-6,4.969485091333828,0.002567087931524279
79286,1.334534679558554E-6,2.207285274420721,5.06852105022603,0.0024303141912536044
637389737,0.15117505268692183,3.6567005896590143,4.518233652971155,1.3332974505589355E-6
1139660770,1.3331179080515218E-6,4.837555932519088,0.30348385444614256,0.003415774740520677
1175334097,0.007670413028673116,2.2673080503461915,4.393708321609242,1.3333488307871277E-6
45207098,1.3409806760077636,1.3333297009428033E-6,2.6274924475400097,2.468246124383861
2809647,1.332812151572641E-6,6.565401683839957,3.974260357678917,0.002231445422588279
1636331635,1.3333356654515798E-6,3.7749973424974868,5.137434717315374,0.12169298204954743
459180955,0.20205983133376249,1.3334070660316757E-6,5.1801792680575645,0.015955965618275527
48067105,0.18697137298795594,2.240212920044767,6.463013191488547,1.3333427297235458E-6
300562191,0.28182133869512926,1.3333915944957553E-6,6.142748490674697,0.03542511627170762
1435651265,0.1962912197329566,1.3333496880214713E-6,6.190853774629653,0.05606874320005816
2397254,1.33333955915796E-6,4.1460564813684035,4.5840805703290775,1.474475808222501
1773556180,0.1546387114818855,1.333319977530015E-6,6.05390813722989,0.03421737659508969
1435018358,5.139575121266001,1.3332929789500973E-6,3.9379358850647277,0.008607507155586915
1636712716,1.3329125938398616E-6,0.001055905658407378,0.26826623972633246,0.032494070356437005
325307068,1.4286959035186249,2.303165172201037,5.673119625287269,1.33333065884181E-6
286776930,1.3333299958862225E-6,2.0808829983035175,4.491927961231835,0.6555964052556567
3357667,1.3333328417824306E-6,2.025221186938109,4.980552771545155,2.091189507696191
1524747123,0.33303575432815924,5.857644864072831,1.333325559429282E-6,1.0070840598383473
5540769,1.0855842376405322,1.366531328856306,4.9226700364229306,1.333338453993689E-6
1956431,1.030248375057577,1.038716838079029,5.314049958229557,1.3333398948662952E-6
2073559080,1.3333110675817835E-6,0.20366144392659039,5.343750950156533,0.014999084082443773
45816005,0.06485169966106132,0.9642688026383125,4.3858769717207045,1.3333072607869022E-6
233899409,1.8166472558378373,1.3333363644495555E-6,4.875552171142365,0.005722007008209563
1691802,0.09883497300618609,0.2589555536879187,4.586491562016703,1.3333153071962617E-6
1288083675,1.3333337587335444E-6,1.8111416941024687,5.354589105900697,0.034283045674172404
1478180863,0.12844441965207826,1.3333245716706107E-6,3.274382395850891,4.132757740605148
2942141729,0.011650102345333969,5.164626011792574,1.3333650916704754E-6,0.005662820895618451
1565173930,4.326810114160656,0.2904243699228909,0.47830733038119577,1.3333128765288972E-6
1355986145,1.333405599640513E-6,0.28041404232909056,4.8907848832975604,0.02858447889273987
387826753,0.9611681439764365,2.3804868203114324,4.682610776902862,1.333329030974485E-6
445583504,0.011983173319495503,1.333200075086174E-6,4.4299728076711435,0.00935399025035848
973423826,3.083513929403654,1.4052818959749738,3.520952227878133,1.3333494690172924E-6
1501575,1.3325819732660167E-6,4.083294119561166,4.087262800916015,6.049585727205121E-4
616930563,1.3333223523064326E-6,2.4782348999396797,3.7470955150316563,1.7151330928829238
31314909,0.05725077872775602,3.3304206143599933,4.671878142600669,1.333316364795427E-6
2821360,1.333540045677246E-6,3.2776797514982468,4.43874904780604,0.007286962849732724
1304193556,0.46778304822776756,0.26390399495627204,4.957854732754158,1.3333403677001485E-6
2308975565,0.04589592708474342,1.3331052917071076E-6,5.138542072994622,0.00508943735156639
3999606,1.3333619944404023E-6,4.3221951973839055,2.6513332438411945,0.027768107781480623
465923525,0.5444940954792152,1.3333337632997836E-6,5.324848461646359,0.43735732739911826
1373831958,0.38059967308222276,5.684526800452763,1.3333406051256745E-6,0.30789293188301703
1264037986,0.016082429775207942,1.3333777922503359E-6,5.880557372748563,0.0695501930775016
16467772,0.4836477728256639,1.3333213541230158E-6,5.336403568411428,3.187428504887791
1414182837,0.05551664349735831,1.3333333670957023E-6,4.477962772087915,6.333589756838595
440174189,0.44579005105583774,1.3333322250850122E-6,6.178417416654882,0.07489409991499009
3599657,0.07324236178868035,1.3333655571284914E-6,6.312361809041599,0.5721250937342712
1837920954,0.105089423837902,1.333312206631942E-6,4.314323252232657,5.454193470108761
1300620796,3.4106782630320414,2.454203574862298,4.460321874327104,1.3333342914588657E-6
180442293,0.19084448314834357,0.9543474194855106,5.594254943868047,1.3333348051379274E-6
1328039922,2.95003659934408,1.3333336153385496E-6,5.695574375062427,0.08768757407257678
466158442,4.221303143732306,1.333516995654038E-6,4.742224958350555,0.022503478164524693
367027130,0.31694241685954055,1.3333292744670672E-6,5.89049045326024,0.12663498831135983
327925714,0.5512204671154326,1.3333225631745163E-6,5.913278944500427,0.17725977586170505
1985920060,1.2709354111820893E-5,2.4382847375363514,5.498747243677437,4.256473542595382
1183567008,1.3333318846551548E-6,2.376895711652904,4.352674236586033,3.5207478171187336
1856150,1.3333295441078133E-6,1.863542770401791,4.0353991557077205,3.677968544523098
1962233829,1.333333028448975E-6,2.3562436269868954,3.114215485830607,0.17636788272017961
1516472907,1.3333307220070165E-6,4.11393716151424,0.9199309584294251,0.34577151358295716
144499478,1.3335185665654142E-6,1.5889337356352706,4.179884315308026,0.0032548865620955496
1116592402,0.039602822893275824,0.46399129691061536,5.280072395217862,1.3333267586462161E-6
13436270,0.12201848976514691,1.333238266284491E-6,4.555880575786915,0.015214029499125247
233923718,0.020822689510579855,1.7088814541033446,5.281100926936126,1.333363667864725E-6
1412514814,0.08583924566168934,4.576424628302012,2.2349275718578654,1.3333363146677318E-6
38291410,1.3328092234576717E-6,5.4322045940623065,3.749670618311874,0.0014825884313112204
2210447,0.014772202733668185,1.3333276825006812E-6,5.0393169794956485,0.05574974730542328
1579010136,0.16976395655511353,1.3333271702613847E-6,5.072643319384536,0.16267899052785867
1209532996,0.008808759242971422,4.091735127263699,5.543343834907133,1.333343952673386E-6
1492725998,0.20747446549243775,1.333339203277612E-6,6.068360233460287,0.032537261945485556
1918162045,0.051159729055493604,0.009377809973910425,4.812386821163268,1.3332655869942472E-6
223279297,0.09342810814105668,1.333372477203021E-6,6.9091960894161355,0.03739492316369752
816927414,0.43006724915107347,1.3333169825305173E-6,5.8703461011304805,0.25475548415051846
1017038,0.09721162641187774,1.3333271793987747E-6,6.1744770097559885,0.03117996916245094
673326824,0.62952428833398,1.3333380543814526E-6,5.69549376686018,0.4477045147865729
755662980,0.23156794810847028,1.3333031250304206E-6,5.876180671277167,0.025514193050744528
185953913,1.3333207272447213E-6,2.5586294641850333,5.450863744027046,0.23253094618614262
410823480,5.043031353165907,0.1115606579108142,5.196006832062343,1.333285679396388E-6
416747483,1.3333577517677525E-6,3.5403284440272826,5.061343363956466,0.01911357792423834
1576395300,0.003238827980410739,4.009389843132649,4.652914821309938,1.333653606448424E-6
237178974,0.07951997664453132,1.33333938509997E-6,6.409217410324264,0.041952433296725336
434113701,0.369670185188833,1.3333459149259808E-6,5.738695928747018,0.13635901702003772
1553062,1.3333275137077201E-6,4.976562042688081,2.4825650426379826,2.5921097141220515
1691605549,1.3333316177384764E-6,2.4040556474225183,4.885076133653875,1.8729816749282038
1032744242,1.3333347404855358E-6,1.3938812042857065,5.630077985019476,2.6497145855705795
305293405,1.3333306142322593E-6,2.4141575971215885,5.673997774573856,1.8313055336882564
477795958,4.177674310441166,0.279953557960737,1.771351170248137,1.3333302609858622E-6
698951556,3.633691927100337,0.12819241940395965,1.8162247376638154,1.3333344421307849E-6
1296293073,1.3333445358181687E-6,2.232907012407251,1.7046562811237511,3.1864225691294865
532940651,2.0795848471759135,0.3819316584173475,3.8630707407246936,1.333335099572039E-6
1409019759,1.3333254751094955E-6,0.6787534757146915,5.050922548456924,0.0335429333143053
288415648,1.333337990866593E-6,4.615388279700494,2.0985849159033987,0.0352890111321446
2196844247,0.011590774615522208,1.3330624127813816E-6,5.09338829840797,0.1965436063838136
1083349321,0.040753141807740076,1.3333233138329343E-6,4.836125565985751,0.019549525795033166
1869324,1.3333463844828506E-6,5.644700933705266,1.413875648090281,0.043498454686088386
10217226,0.0025717429756219263,3.979387630811117,3.7888448805269097,1.3335551297160732E-6
1651870031,1.3333436433037346E-6,0.3333535635397883,5.259418596001481,0.02170086540659199
587003481,1.3333246169209873E-6,2.418039685951675,5.1215544967243956,0.22350542884502156
1568310191,1.3333375056146302E-6,2.02666734345048,5.061160503931668,0.06379284089926006
1706203427,1.333388323466753E-6,0.005563552939026307,4.544021030570656,0.04368581397189152
14869619,0.6416167941677149,1.3333304702268399E-6,5.514327233805997,0.2542373197625981
317988743,0.140961882220028,1.3333354716158368E-6,5.810593075434492,0.060381910284202575
798491561,0.27839556724149134,4.135754143941086,4.133165981498392,1.3333359310069374E-6
1833036267,0.5471269507454518,5.391066936921615,1.333325512980478E-6,0.026870165673242838
1734853732,0.34815220602137115,1.3333536009002195E-6,5.923557618591496,0.09353529279055976
217639909,1.3333449208492074E-6,4.666578194817875,5.082746726087461,0.02471669956355344
20049903,0.04085984273193467,4.790503494291534,5.150418366192163,1.3333315430755288E-6
31283052,0.1669106927283199,1.3333308368649615E-6,4.006125234853633,2.785987322528397
198442710,0.012937464380160921,1.3333125246900027E-6,4.944869884053317,2.267805270759873
326759817,0.09613449613329043,1.3333390337816482E-6,6.362524415086736,0.08787970085630858
632452757,0.08115425704967112,1.3333357404914731E-6,6.177683497262496,0.032668443928710274
44605115,0.13380483037704763,6.080201663437447,0.06776814456426004,1.333339694771223E-6
8429742,0.0073708815057376776,5.011824006616021,5.336755618977324,1.3330267972238698E-6
54793988,1.3333387230895572E-6,1.7339541603698179,4.832384151009025,3.3723175030776895
3429244,1.3333313334005713E-6,2.9831791881616545,3.6166543086782434,0.4765235699997148
1481096959,1.3333301999270273E-6,2.1390229537991177,4.396751038387454,1.3230790734563365
2641062,1.3333325222535435E-6,2.095939856271576,4.09615947880949,0.37343162833848653
1770922172,1.3333359506386186E-6,1.5027967936434583,4.675468976110277,0.37159824967516086
536175077,1.3333294563773548E-6,5.414212057375821,0.49251384186487507,0.04459601016551568
363140498,1.333328596678082E-6,0.6341942260315185,4.500197031108416,0.3192751444443931
203244119,6.802125133505272,1.3330948775901483E-6,1.5978952791723275,0.008273534912268054
421383221,0.00851610955923352,1.3333392321695328E-6,5.24134449123152,0.024172815039790546
13763185,1.3333227971324306E-6,3.0897250902377107,4.749367687004786,0.02926766733943574
457199627,0.06421992079632195,1.3333253865858412E-6,4.883825221766795,1.8974452497475909
1955404609,1.3328415080656802E-6,3.9880071656270957,4.105854969468029,0.002108629879099699
399747591,0.040066084634463525,1.33334441584181E-6,5.2032142676067705,0.025593041791242676
258055186,0.03599207345426573,1.3333701547151965E-6,4.613090809220811,0.10397165487555872
554792230,0.013254145824198118,5.060886430639002,1.333525680651671E-6,0.025726857876641
1443314383,0.4623510211388452,1.3333397600623402E-6,5.082567921501187,0.021530752035972822
530897843,1.3332405398608821E-6,2.800181701222799,4.471851290387016,0.004798818939145144
23788064,0.02933285421325125,1.3332714871637508E-6,4.926213421888597,0.025865325844259237
234122468,4.713059913643988,1.333331487983215E-6,3.243437935957964,0.023385908181804412
32329455,1.3333244038690674E-6,0.553134162987072,4.138521930829179,1.3948993589987126
1482864011,0.2436168652513807,1.33333530173105E-6,5.587968621474524,0.253871950309028
1573031,0.4614422530098712,1.3333312129187306E-6,5.9509975764221315,0.5344951986333634
308479058,1.3333602696727095E-6,0.1559326330612776,5.382224502484624,2.869608164489933
228131766,1.1391562128260397,1.333334524711984E-6,4.173952142569423,0.1228022018729816
188294184,0.8939252690650987,1.677169139439221,4.054396626765277,1.3333276498512804E-6
242298165,0.054724989606841974,1.3333365716743261E-6,5.790011105683529,2.855386112257057
399496791,1.3333382147067947E-6,4.298020887869077,5.105439374641806,0.026941974194976202
189380759,1.3333385203740226E-6,5.20535201536165,4.82499823016106,6.46326320147119
2049694412,0.02463804082097362,3.7088384942239347,2.2215551509461258,1.3335628581497577E-6
1495967240,1.333336048930691E-6,1.347516797817037,4.2753942785124375,0.2720789568268468
1016338314,1.4964216439789106,1.333309537452912E-6,3.8155025652771433,0.04275799182544272
976955592,1.3330458648633397E-6,5.293201782966126,0.0010505979160065398,0.006581461427034373
46879111,1.3334464583341892E-6,0.03396085551895728,5.584232078472674,0.015677061379570253
785790431,3.571156106430991,1.3333336599023159E-6,4.8060832593592195,0.0798779367964479
602639885,0.1762447035127988,1.333348961137851E-6,4.57078440881024,2.2474695315760767
409147008,0.4217293314189535,1.3333499210705269E-6,6.77630604060718,0.010720038801511768
325951115,0.6847549607666222,1.333322407648408E-6,5.7853447982393,0.538785101703177
1171396364,0.0688098483113847,1.3333131294731184E-6,5.7510078179786674,4.35468066007139
274978867,1.3333416149427601E-6,5.085037300966364,4.818039194588369,0.017013886866328192
1691535053,1.3333713581395295E-6,0.0039893208093848935,6.264889840363756,0.023581815477841658
1302497498,0.12322079070529204,1.3333286099963726E-6,5.520654102668721,0.010515699881936888
416576311,0.04024864065580539,2.1035235792455635,6.2476425768342105,1.3334656175873501E-6
1082428988,1.3333329525461513E-6,5.595948334037942,4.23482918214558,0.12247110339983007
311231643,0.013614878444578588,6.444645931930654,1.3519928492744615,1.3333066293504379E-6
24693259,1.333277029272652E-6,3.8889887341534695,5.4178382933860245,0.009536980410032309
1454352926,1.3333193035907467E-6,3.526909032917262,0.2535215535478437,3.282229266288102
1605254150,2.896218075992878,3.5913647013768015,1.3333589812830905E-6,0.923346322148266
422169964,1.3333382329239433E-6,4.593689321588065,3.080376137586896,0.03481292507331817
35168079,0.3902764251926961,0.7625855353371227,4.544514324645956,1.3333332466754212E-6
193880636,1.3333363480891787E-6,1.4026460135806913,3.820503789606832,1.436173988664701
600642819,1.3333204072301863E-6,0.8524590444109561,4.657220112792644,6.730309200295868
208471870,0.219893972069908,4.5844256967089425,6.208418444024211,1.333361776418665E-6
1753558959,0.49006457031873596,1.3333299592194888E-6,4.594232046341873,0.020056104791450625
470262620,2.4418967037127666,1.3333451862689364E-6,4.816486587156396,0.023913295098764394
1555906765,0.031826176436895545,1.333312824517324E-6,5.075140918062567,0.061429275926604875
1507156742,0.01081685004462456,1.3335226609578965E-6,5.909418838330016,6.024649880076089
1484325420,0.8472695413813317,2.99659930391597,3.8980453662774837,1.3332968043467114E-6
557687018,1.3333308063188882E-6,0.12232048951970773,4.95413951989263,0.036154178445514495
557637002,0.42617890677245246,1.3333284299039937E-6,4.828658823788964,0.03112598432317288
1679620202,0.00833944446831806,1.3331987066153923E-6,4.849498389865118,0.014166174402996948
360644987,1.3332813660467606E-6,6.104473389774863,1.404683061589353,0.013667627034047667
3081667,0.09129815550871576,1.333319048539427E-6,5.140689303862358,0.13527911121151479
14226171,1.3331543183343606E-6,0.021458243291266107,4.536473454252292,0.812634556789302
320887137,5.717496599446355,0.16349314325840328,3.9697884673951203,1.3333290231807115E-6
1520545325,0.03430119227044243,4.401780866127477,4.216775274217396,1.33334218403612E-6
787034200,0.29155148090626054,1.3333060693748162E-6,5.848763161667514,0.10203114320212325
6878507,0.08635792339154173,1.3333511654406704E-6,6.875139274392387,0.07653082278671025
200486085,1.3332911578287703E-6,5.684034174818007,3.595044452893606,0.03478929412621365
975715980,0.4233717282559843,1.3332894260287404E-6,6.223382230724611,0.011708320671226909
1086907885,1.3335642823052155E-6,2.233537259423929,5.663751682065626,0.04764955037164273
1326449464,1.3333329471887969E-6,2.5977038755912436,5.480136651474383,3.544801686914246
855086,1.3333339845118972E-6,0.584248632586104,3.4040578497279785,2.883175932724578
600462354,1.333332453446766E-6,1.9067228063819033,5.296763206727826,0.18097630225421568
1515586953,1.3333165314261846E-6,3.946443758021452,0.5962626544075035,0.05750256753578979
1818706836,3.326768122001366,2.7399685628097674,0.21683769019583193,1.3333479261650096E-6
4584966,1.3333308292631553E-6,0.5169246542383102,4.069418740231456,3.6459261110998527
565062187,1.3333615777680957E-6,6.14616633787017,1.5763554657420455,0.025337835762987024
796936457,1.333345009169204E-6,1.5596094890249617,4.413611974560802,0.01524526315800682
362626626,1.3333245967693732E-6,0.52810723012376,4.5802236763107755,0.051327101368070165
1522027594,1.3334715092371507E-6,0.037233851645671355,4.619751779198023,0.04835529847355793
224608307,0.0021156807913614304,1.8897580116258086,4.381829469802405,1.333930056968771E-6
1659033973,1.333296078735919E-6,6.234819942670308,1.9625805076635618,0.016698646995414675
607866507,1.3333288810268053E-6,0.16377461249950376,4.740414003390069,0.035840047672351785
1914530079,1.3333478669607797E-6,1.5786566976173095,2.3400978818858507,3.236360951791923
1465362960,0.04626993414119607,1.333408792847859E-6,5.244052966857627,0.028982046412083226
1532131743,0.5014758414078743,1.3333396398179544E-6,5.6142476952009615,0.2533651486463874
4567477,4.2102038203426435,6.193769473337094,7.102996688449986,1.3333304818601558E-6
28893179,1.3333334854567988E-6,3.0762238396012096,4.304519633994195,3.265079278119303
504504226,0.014083767683216961,5.746669221802987,1.3333471196846804E-6,0.03353332383560717
44111646,2.235671793018639,0.597133063951256,3.201047329657964,1.3333304448026665E-6
1320835879,1.3333032258243256E-6,4.323074831571452,1.8312149780911087,0.1531342391403056
1178430872,0.03237229430855092,1.3333425364443803E-6,3.9044737447151636,2.280140080593586
266954200,1.33333284848333E-6,3.6836062047002263,3.163204435299304,0.23829446555462797
245980254,0.019478594493780987,4.142160220726461,2.5130565200129404,1.3333457953366209E-6
1228619,1.3330658593929461E-6,0.01656098233242421,4.860262702068367,0.04343105258577394
902199,1.3333166112382884E-6,1.7724634491643307,4.176278326440867,0.010492979773067637
5497777,1.333331121331004E-6,0.7182253371625336,5.639331213254581,0.09930990585239509
1398219140,0.07004380802999581,1.3333333060892558E-6,4.853071900122229,0.03612797263552253
7326258,0.028797101447208293,1.3333304042816878E-6,4.737711215534123,0.016756361285019637
1389152936,0.06321561273132575,1.3333493964503192E-6,5.000440375288268,0.02629911656684618
12294825,0.04494488809429165,1.3332704825417592E-6,4.973864921442678,0.03397136421683271
37418852,0.0276854993835968,2.2747589716620187,1.3333698454728561E-6,6.34930426786608
202233073,0.41578886317270547,1.3333137252218213E-6,5.49401984734791,0.12860942000720074
4277286,0.03388592561412997,1.3335574598472813E-6,6.460931126282211,0.003829085458000026
513777862,1.333329794642797E-6,1.7250126816017861,5.015555184355067,0.037319829749814536
6339155,0.09080805470866164,1.3333236618751838E-6,4.881040778307947,4.742732427473144
598953104,0.03740682758687378,1.33336254773294E-6,5.9121045632622,0.042372183110080425
1036313865,0.23894988390849467,6.1709947398732075,1.3333283900457678E-6,0.17560187887318862
292541916,0.10386693005423726,1.3333206421231719E-6,6.896943111139945,0.04680761596747237
549914473,1.33165624884019E-6,5.307242708189581,1.0710814272943072,5.998514960160079E-4
1507355199,1.1095941961633847E-5,3.262422694402937,6.174010165742919,3.3409199011030704
28249774,1.333334232293989E-6,1.4678319568955112,5.422564006657777,1.2050390823157218
25969892,1.3333291246035196E-6,1.7824047234137463,3.322353352160181,0.10838810197469959
1153093183,3.0575694367506716,0.2068366779682815,3.0415743088063167,1.3333348114844257E-6
1649486146,1.333320658265037E-6,0.4477885861699828,3.919311451786311,0.24344163079899564
422202887,1.333314630266652E-6,1.0101986927572593,2.2308639024720125,0.07603983185444613
527605791,0.02103308049424234,1.3335245910434108E-6,4.931396875273881,0.007529276023141023
1757730544,0.07441062512186811,1.3333390489409776E-6,4.952842998101957,0.018242600644581223
278969024,1.3324903210609013E-6,0.002404498330280165,1.7908492056846563,4.017371818974872
56061555,1.3333286645354807E-6,2.385538181576316,4.598143994632709,0.04493798703094194
3925743,0.10179424996495298,1.3333298625834237E-6,5.430947029409973,0.04449596620570942
239723074,0.23493401584796364,1.3333303315648569E-6,5.234266078364004,0.13910900990645134
267960956,1.3335866709418144E-6,1.3259986182652483,5.4965290800420235,0.042147432869751866
661565659,1.333332917861586E-6,5.876620707437381,3.6762715298095427,0.05866782396830901
431007701,3.6264609747888663,2.752554994079928,5.112020634457157,1.3333292070282405E-6
262061359,1.3333170435542961E-6,3.4106833030772408,3.1835753568298952,0.04768083535650473
1674727,7.577623697256075,1.3330352811093087E-6,0.01295389558506845,0.0038557094085552787
562986421,1.333329358704824E-6,1.3827915958354333,4.000632973155281,0.5864129879389807
307212206,1.3333360077690622E-6,1.019556351711685,5.035407129493246,0.28621884637537687
329032009,1.3333898926749372E-6,6.089596640356349,1.2595094419779866,0.0031417768572867054
1499366709,1.3332976815319157E-6,2.7815573178139634,3.8853211984099647,0.07001479298851457
1277491366,1.3333490754756493E-6,0.16418436969294817,4.156114577489942,0.052308248769151244
315377927,0.0598149139346896,1.3334516926016574E-6,5.565233969124652,0.028829339338830407
1400344254,0.11578891972610078,3.1792610166116377,4.883337290691817,1.333329688656044E-6
395692372,1.333341207548189E-6,5.481307126718611,3.4341812585316163,0.028314792930397382
7251090,0.026895463362405527,1.3333234069216104E-6,4.740811755935205,0.05603569878482281
602163313,1.3332667842980815E-6,1.4123766285783277,5.529308320560733,0.008779375350969012
976675492,1.3333042463866654E-6,1.4168186377484326,3.8996801045367993,0.04265436725140975
528372598,1.3333311062658394E-6,2.310428945523703,6.268908327460415,0.05016179296595374
1776159778,0.08045793131402178,2.1203949387712524,1.333357078651317E-6,0.07949387895430124
2138705146,1.333276679042052E-6,4.655470329598631,4.884392702399431,0.04136705354490304
1467334728,1.3332982310442283E-6,0.9317919420613918,3.689414694144769,0.055498095000937726
905890985,1.3333395863495773E-6,1.6837810689161534,6.455468155874074,0.05222407252554569
1490671767,1.3333383061109317E-6,3.737458559482772,2.322847451911773,1.021516652651126
517406675,1.3333325935191217E-6,3.038089693163831,3.0672381880416384,0.5904301303479831
262385842,1.3333278062837053E-6,3.7765695035022535,2.0055795097687037,0.657333123889016
1627581574,1.3333304351995853E-6,0.9054632829152041,3.6875814375526024,2.2926708526836643
1293482,1.333277601021768E-6,1.0982505536770883,2.8558276197370778,0.0020855096160620674
21142246,1.3332199405155984E-6,2.176701521582571,4.031657224683063,0.0015472088558174304
1175253,0.11335942112116211,1.3333169568864711E-6,6.1420329692340765,0.04060216126054507
29574323,1.3333103263620746E-6,0.02347472081947849,5.643203121310337,0.04121407370119655
1677872605,1.333339925120484E-6,1.2482785346136045,4.376505504766603,0.8916854000796665
315420407,0.04396933763541503,3.8797371964436116,2.592971731614529,1.3333568519952128E-6
367792890,1.3333280794930006E-6,1.0259712413746602,0.9072965807825458,4.76164269889657
18382607,1.3333343462296572E-6,0.7546704785469669,4.07354120842657,0.6353020465604651
252220691,1.3333161943156543E-6,0.7672900779123208,4.1562424180383974,0.04527323669522649
1720320675,1.3333465716866816E-6,5.399832861040522,0.0039012457754893865,0.022316487039763234
596888605,4.969255855395301,1.3333362355065427E-6,2.0491372362624802,0.06732366148990923
356916851,1.33333331458035E-6,1.9352002580007295,3.5842033818920385,0.09439351751856923
3398876,0.006823753990985289,2.1509387999078724,3.366828629443726,1.3331845471295977E-6
13889052,1.333330902964497E-6,0.17143427197123226,3.3276207833226787,3.8453554365518463
1522963042,0.004416778510419695,3.8335325581612665,4.23343174023913,1.3333855321000357E-6
536515954,1.3333190238752272E-6,0.02482256414453119,4.86147349628612,0.03768273109350884
1239547647,1.3332150059509822E-6,0.022819856634014396,4.8302725807784554,0.151593435264222
660530792,2.829488844947985,1.333300318371282E-6,4.859969032857256,0.0777354781351063
13114092,1.3333312097776866E-6,3.6372848960631265,4.456182558696777,0.030196799097989183
227342221,0.04321118023738464,1.3333348959290142E-6,4.815722156871157,0.04163364592539142
490407155,0.029155609016600383,0.02299757123394279,4.71243422309452,1.3333035223803293E-6
1964604447,1.3333151387101449E-6,0.14658750399110546,4.50397429791031,0.01165061048810012
145795748,0.008036591797668491,1.3333889681329065E-6,5.220254972600589,0.059661432363956976
216469060,0.4349581311416661,1.3333374546020347E-6,5.519270163960289,0.10651870633501029
1293951323,0.12812908889091634,1.3333245898030602E-6,6.725721556611052,0.1145323692478164
234623250,0.9478688852099268,1.3333326208905164E-6,5.741859872258892,1.8743626892378327
558684145,0.6418644338502363,1.33332968412748E-6,5.646395598514261,0.34880337817749035
4623497,0.08134797850433029,0.022864855295896148,6.130375651804914,1.3332433752970093E-6
249061491,0.036711724419497126,1.3333536495193906E-6,4.7631807252149025,2.036009220897082
1702552003,0.03498918668259519,1.3333078732672663E-6,6.366140276700818,0.10307452591076251
47525,1.3333353368016354E-6,3.004760594479654,4.245253634334862,2.6620254863091737
53960967,1.3333295309385131E-6,2.1234482601993094,4.644448869141055,0.7542330200232914
183636049,1.333331584001774E-6,1.618537331134994,4.1920631295984885,0.6037942270651682
1543676122,1.3333301955020019E-6,2.4801093626525184,3.459355589541481,0.40947069387361684
196778200,1.3333256758208576E-6,0.10509483941450794,1.3987931637078268,1.724997262536272
400235601,1.3333286353659765E-6,0.4262557587641463,5.479098093159259,0.6494406798768922
263832221,5.1697204077414184E-5,0.021199463646754124,3.747825692823132,0.08508323899286133
883349757,1.3333309059591515E-6,0.8382036900560588,4.066752746904661,0.17258931159364313
1265783821,0.012797318047967464,1.3334017957677122E-6,6.742739903184852,1.5725167909698676
449067455,0.0183566854068142,4.089370480118982,3.4984504512231003,1.3333425704332724E-6
31836700,1.333315495869023E-6,3.444257944800452,4.313337486112275,0.017734139506069366
207765407,0.028555093160266224,1.3333380085962066E-6,4.339848149227633,2.3294584929604967
646795831,0.03644706503001809,2.234134829682785,4.685236335826626,1.333345649763456E-6
1227476,1.3332562948025267E-6,5.9355615490507025,2.678600734941623,0.024198251845101975
466438858,0.04244285270046399,1.3333291083871929E-6,4.941537806813309,0.026179758734001777
303310424,1.333341880542092E-6,4.646981464646696,2.2131710058606178,0.02709712841157372
745141012,0.41196264220860157,1.333325830610606E-6,5.625629062676744,0.29285921300185547
459486971,0.3098718824628413,5.53935172783544,1.333328577498439E-6,0.03360945196475957
1244851794,1.3328912489604966E-6,0.03327714589508358,6.291743065211126,0.0024708013053767307
930783860,1.3334715367021483E-6,0.027723243544173378,5.708413461074556,0.06297768685713263
726342021,0.09838060356714043,1.3333384576780281E-6,5.234932646534961,3.062543911668744
295032399,1.3333323218144114E-6,3.1103742589967216,3.69418100063942,0.6202230530169465
54194045,1.3333807926797285E-6,1.394437477459245,4.19813977113214,0.04758660174083025
349509147,1.3333295283459585E-6,0.8315251234990984,5.469846693769392,0.9099305485045283
28946283,0.6554379761198551,0.08509519812521171,4.047614183122551,1.3333756326691799E-6
8615719,0.747768819912469,0.034357169353367835,5.315654922468781,1.3333354846460752E-6
489759486,2.349577470570316,0.12281247084468919,4.363532973296526,1.3333376137700389E-6
213089330,0.05123997423378155,0.004923180232642436,4.586631644283657,1.3332216750851793E-6
316964053,1.3333185850004906E-6,2.033576586860062,4.551888254140313,0.04431844904485737
1027212419,1.3334686881990404E-6,4.082790532044047,3.374636450041513,0.0493981940482389
2316813039,1.3333144495955127E-6,4.255981506085467,2.217153687638135,0.013925821228750378
205179636,0.21197854189382045,1.3333335312413063E-6,5.123966696160273,0.157755039610392
179649326,1.3332985326403605E-6,0.02362994332488551,5.3188442049626845,0.036952593855738534
467702658,0.07068139547422161,1.3333812877579393E-6,6.339499458337019,0.057438624058103904
1172289835,0.004342928373066703,1.333637938523275E-6,6.372937504434167,0.0235086488700535
1030664219,0.30948401876057385,1.3332946849523822E-6,5.510238516644929,0.06190618475177721
468098413,0.045456684148608005,1.3334056230388462E-6,6.357980365905537,0.0385212791539419
1466683017,1.3333421156177246E-6,1.4532178794966144,4.542981899179398,0.03272203625874738
1380723642,1.333337963649547E-6,6.076957557784914,4.391923641866828,0.041032417704331234
22628170,1.3332739492705523E-6,5.9426484700862385,5.380496857405697,0.030980292427762502
1435070648,1.3333337280335478E-6,2.517958749032326,4.16280512911389,0.05544584132866167
357757604,1.3333730239965469E-6,0.13506773345832984,5.11110975502538,0.02298255214475924
749668537,0.007685390100805945,1.3333517098207744E-6,6.422400714967007,0.029561251302328038
905938824,0.10784641589030773,1.3333348693951476E-6,5.050947126764625,0.17996423215595084
1473393,2.0311592492953143,1.3333006669937487E-6,4.9511413086756,0.4246665601206681
1460711082,0.0325472033241108,5.923883527666689,1.3333482672078654E-6,0.12047969928268336
238380518,1.8768894515679515,1.4821004545392586,4.3819525314783085,1.3333203208720067E-6
11743588,5.616921665023113E-4,4.0626225039986315,5.519304969051262,1.3328937867820601E-6
276603658,0.22049207235183235,1.3333276627634039E-6,5.291204709259517,0.6346104531840202
1557895756,5.632791072550648,3.192409741993474,3.1750636097063913,1.333329355896432E-6
202670502,1.333330403042716E-6,1.7774598618326052,4.552465381891404,0.9303800151648968
198854466,1.3333290810179782E-6,1.1905325862954717,5.161273888455394,0.2127612222893445
1929380441,1.33333690556957E-6,3.582674744391523,2.1485134650377544,0.15128862949482225
572377614,0.012217924424339206,4.707197149715645,0.41245024815527026,1.3335011372508228E-6
1359231784,0.05817660650564696,0.11303930891925118,4.413100183579191,1.3333292492028328E-6
495379863,1.3333211745262175E-6,3.074833359917251,4.2518028221638815,0.03892538929924846
40366309,0.017581139017386744,0.43950949383816157,4.825946728484639,1.3334150155481285E-6
8907823,1.333320656255085E-6,0.4462460571526086,5.9966254114906485,0.02987861048162161
564835471,0.04236844506264427,1.333310471536918E-6,5.549872139867184,0.056531759761134316
1988504894,1.3333754206486407E-6,0.002582637764890529,5.039041272742674,0.039564056571707244
643911676,0.05693029157627585,6.249261823888282,1.3333240539465804E-6,0.038069183486605346
425194107,1.333328304485248E-6,3.3761103351888426,2.446777335217174,0.07784716414369416
253454704,1.3333480512376054E-6,5.193600087661715,3.2019277104257506,0.13414678368008393
963680216,1.3333149261074806E-6,2.0166866668122307,3.677336948232395,0.24064334739410742
526751220,0.057595759957533035,2.6018085087201723,4.4569368787919075,1.3333206652077589E-6
362614946,1.333321700588708E-6,0.7036896325399725,4.208118977336231,0.2355079278226927
605276364,1.3334215365040106E-6,1.3725295374271367,4.988357681713794,0.015624908085211638
1523737196,0.0130042552823167,4.239844736785103,3.719644023579781,1.3331333243196793E-6
1499566990,0.03660686620394986,1.3333198264756189E-6,6.791192227107702,0.035872867715900356
201037829,1.3337475069508536E-6,2.3933973190661013,3.3468185887255344,0.0015779247845636834
256497809,1.333347597580905E-6,0.02321655810638144,4.78454321995797,0.06614228820759879
6091652,1.3332838305992673E-6,0.0982669702684563,4.250438093714657,2.203906799936021
216662596,0.6113500800285292,1.3333336877106493E-6,5.515748897869606,0.36267797148193154
211895754,1.3333386869070683E-6,0.07187839176012069,6.027029394913095,7.148644219917779
218139189,1.3333245404867543E-6,6.265683550500291,5.788842195662224,0.03850428307984169
2077774514,1.333339619611553E-6,1.9177917759225103,4.323495598166573,0.08158886276449734
55995087,1.333384871769778E-6,2.205390852158433,3.3916718448580276,0.027668180639780958
222066767,1.3333331895988934E-6,2.276123007420587,3.4257045440711646,0.5528858434311492
267621951,1.3333326794327124E-6,1.8594220991083021,3.6217615732178925,0.07168819699999532
177795215,0.31596134594424735,1.3333344063781408E-6,3.593812580588892,0.20708863587669774
4562165,1.3333368132266008E-6,0.8137781786142676,5.136510208491365,0.020014263982295614
332326823,0.02123828296548694,5.625600349452163,1.3333252566413282E-6,0.041528510538089064
1512211528,0.018268052941991894,4.1666704342721825,2.813257428897158,1.3333142655778204E-6
228667981,1.333326516605129E-6,2.7380611676968014,4.626822061438009,0.0469912216353965
271239922,3.924499705440147E-5,0.05868279171941769,1.1600546450886497,0.09866315199780365
1501539660,1.905125678037314,0.13904036117744273,5.045015723597482,1.3333277085142764E-6
1513088920,1.333331089958734E-6,0.09732429151785187,4.918721304967,0.07177220333875235
1360848222,0.059173324793088296,4.535055985436834,1.9872522816038123,1.333327272976007E-6
1538102375,1.3332314526231576E-6,0.0346087718613963,5.114740385438428,0.05340607323786391
864453698,1.3333206058607076E-6,3.8757658070567413,3.6659416689328705,0.011624339112064596
1178456903,0.03251330547988101,1.3333130642828791E-6,5.269610255436197,0.19521425912119056
199158775,1.333318879464132E-6,7.299439535322144,5.261870009887734,0.12912408818525262
870166,1.3333235046196784E-6,1.6620954300370574,4.605160699274069,0.6483811746883692
741575740,1.3333487835107048E-6,0.5802973099414724,5.250808797846369,0.024233052322202114
2869768,1.3333363265055278E-6,2.107750175721916,4.607482283293758,0.8776570502291152
864009,1.3333332786438041E-6,0.6458837807106848,4.619680726444256,0.02573429756493961
1320005854,1.3333428667260543E-6,0.7267394477774026,5.043725410805824,0.04294097013891657
240383262,0.030482041262140634,1.3333329157525336E-6,4.057814470759799,6.600797282305279
20362787,1.3333690784670759E-6,2.509739919641544,4.456931350348577,0.017081941958135186
3384273,1.3333333430906767E-6,4.049304520660732,3.9817875109084495,1.556819813772285
1297589,1.3333324907992234E-6,2.6205378843330753,4.3679486424241425,0.09625019075719561
3868576,0.08921993285383999,4.425573247740515,4.749054643158142,1.3333423467876332E-6
1505821325,1.3333335932840326E-6,3.1476290832927565,3.3335819789615164,0.34466314747077537
869170233,1.3333282509441815E-6,2.564278044986027,3.0878183004856146,1.5485724258109976
478494954,1.3333345984472941E-6,1.4634357961291382,5.257278000848184,0.4669865428112161
1056489708,1.3333264647817679E-6,0.009072567621956905,4.307397203628061,0.052153738806814835
2805685,0.0076512851999714585,0.24899291908083734,4.728774854785613,1.3333087381832428E-6
457726539,0.030202483667731372,0.05177212595481234,4.842252343914547,1.3332816123678192E-6
10792760,1.333365252846862E-6,0.03341186941082007,6.160441143482645,1.8029602864618637
237513364,0.35247305970132603,1.3333264792346832E-6,5.748944663608561,0.11730019461345706
476132155,1.3333201560903404E-6,0.020598532880503038,5.737261804272349,0.08493348436227295
1430565170,1.3333428159942394E-6,4.80073628111325,0.7010024623267588,0.036528412578542176
1198017,1.3333384688158022E-6,3.2601246259741385,4.764573560723637,0.08999188823507605
247538574,0.010537174065686274,1.3316046866454534E-6,5.158057384758287,5.070610006673044E-4
561748977,1.3333170927449345E-6,4.906486901387512,5.0258467855922895,0.03455028435982102
25485637,0.04203116142678386,0.307487632010168,4.774433241611351,1.3333040341998693E-6
507532621,1.3333336937910034E-6,1.5431513119661908,4.385132939029875,1.9066192392183285
188531337,2.1115531612564924,0.09480720199903545,4.740865672959189,1.3333361290420705E-6
538891745,1.3336057459928745E-6,0.05407716373855425,4.562228532312234,0.02579385565298043
309256667,0.028939533803576063,1.278214978593856,5.03657732176693,1.3333283215002866E-6
1268586529,1.3333027744609063E-6,0.024198699696854474,6.264801890470208,0.055310122568161625
205697930,1.3333702369239823E-6,0.042694507921321755,6.234242742885826,0.07318515256505247
2493785,0.21080132115621208,1.3333270828312536E-6,5.364382147527836,3.334037078882999
1637893417,0.04779864099324915,1.3332963546111499E-6,6.395414468926002,0.0325299362192866
1225970901,1.3333296885662734E-6,4.148452861961445,1.9704922915491774,1.3870710236762207
42374887,1.3333333074026037E-6,0.5912577130806206,5.229861150334757,6.8656614823034845
1217669213,1.3333346492561369E-6,1.68100484831295,5.34535397836118,0.4540349614587848
249463098,1.3333342508023684E-6,2.526380086648195,3.6564943824582987,0.11395636366134096
186892618,1.3332944647943414E-6,1.8239704687859957,4.351097557411427,0.012661022039325804
3014331,0.06373393602306408,0.02966889356651487,5.210509908627118,1.333376975759442E-6
303982408,0.08232435080998005,0.04486873593716017,4.855625275429111,1.333145119087473E-6
1325596464,1.3333310271093274E-6,2.0804429884894824,3.90443661371769,1.4558070075966763
1351903609,0.03816513416417266,1.3335721075915902E-6,4.410408352372798,0.7320296243883461
48805145,1.333280719261827E-6,1.1232863040303869,4.571588955226719,0.017611781603668514
373615074,1.005790094934273E-4,0.7247137686757552,4.628578180820089,1.3324842138866787E-6
179192602,0.07290693055002231,1.3333228481491541E-6,5.229025245399319,0.07972103494362391
1585494956,1.3333020390292937E-6,0.00482781011892336,5.268240707880666,0.010443199189630391
178448614,0.08935504372397668,0.04394824821656678,4.547013125211637,1.333453578156889E-6
11936494,1.3333500609114406E-6,0.0669082404127306,3.9027207029362145,1.595077130346176
361863289,0.32315709557011146,1.3333831770972774E-6,5.6555459963948955,0.02692497944847595
310091193,1.3333048766911102E-6,4.304574461420044,0.18973919519440124,0.08851946408824847
1198417,1.333336616210582E-6,2.5093217440033615,3.7723350254651136,2.6622378229233847
794087,1.3333326689726182E-6,2.831807909660838,4.131237723886883,1.385147414976636
530770006,1.3333264811187763E-6,4.025132131897085,3.603100700126725,0.020234267697059088
530899937,0.9240782667767484,1.3333256807097928E-6,5.930320394464252,0.20572562074655434
353020539,1.333338241201236E-6,3.033115851407546,3.945204961662251,0.049575804174709644
1515197396,1.3334289049706373E-6,3.678068489860369,4.00237420583051,0.01744423368506597
1217807468,1.3333374523982456E-6,2.429051985855005,3.556478290760174,0.04610646870613329
812059436,1.3333583421328667E-6,0.7754761031224157,5.355506531287033,0.02624981618607808
711882506,1.3338103784402367E-6,0.10473936479495223,5.279958625301753,0.0030623572021085932
233379621,1.3333588098788452E-6,0.07267478635929508,5.28072486988268,0.04359123432236324
642020385,1.3333587634737026E-6,3.2710910079785402,4.775674176213337,0.04552288479666515
21413848,1.333356205054729E-6,0.04734234751771579,4.452174916030538,1.661367677864971
1517665571,1.333331688408592E-6,1.5305305599328103,4.035024429812985,0.7804377308515489
250649733,1.6353763445849856,3.5406111010710872,3.0442150702239164,1.3333188151852783E-6
1513962184,1.333298782486221E-6,0.9461187895691405,4.233020676054303,0.060070347156570614
1080490214,0.020186699451479575,2.0407826054763056,3.5131654615298453,1.3333199916507163E-6
342135320,1.3332790846833957E-6,4.420558551488231,3.5497740496654617,0.008457474782601072
406131785,1.3333114973776891E-6,3.9629348012219383,3.964832857656062,0.02408754619491878
415340009,1.3332961219073368E-6,0.010416646339428048,5.082407091265758,0.032110765065248965
23640688,0.19760956305582897,1.3333309990274588E-6,3.908403943143375,4.128143017799585
1557097025,0.09382373541315484,1.333327131149538E-6,5.471465404332028,0.06998807060260338
300551308,1.3333121461039318E-6,2.2577753466969646,4.836210146402003,0.08692612872537779
1676477,0.11121549823792415,1.3333518364652218E-6,6.105003633986485,0.027128169960784265
185524037,1.3332808135723793E-6,4.593399329969198,5.457835478223744,0.09661780258323727
197868268,1.3333174798034844E-6,0.06144408754926511,5.349915800243271,3.790480638154645
637296152,1.3333445725061902E-6,4.3404677511378855,2.1582444882306535,0.32252046204647955
1530338851,0.017588722730238586,3.305036112644698,2.730679293538484,1.3332796439495523E-6
2382136,1.3334025194096227E-6,3.9950878420261287,3.0094307943553376,0.031449043027294274
1068757954,1.3334747657689666E-6,1.1041517312619382,4.542627431537359,0.0030792135827459976
259362248,0.043900722686085185,0.05196422344462015,5.21515639060519,1.3333758334910836E-6
1968021964,1.333360074136133E-6,5.13728735942781,5.995953643892075,0.0058139461997488906
257610297,1.3333292553608313E-6,3.1559052786703603,2.9245204367611053,1.8671215197760263
1347197698,1.3333358076415813E-6,1.30073950571978,4.805450017388782,1.252531036324887
9539073,1.3333311358942751E-6,1.1814204268257715,4.456038698918674,0.8851944956668225
1381400840,1.333330306999295E-6,0.5685909568961305,3.6819000967128916,3.4430314814449012
744313691,1.3333242350167022E-6,6.366811327220162,6.145779966673493,0.06382889384402868
376424344,1.3333353526076315E-6,0.05474705698584318,4.1547044053744635,0.15310492379223353
342018260,1.3332599657125757E-6,0.13228422904689266,6.627754746468382,0.008001949338249256
208265659,0.22158431230651246,1.3333847140755867E-6,4.184271029321354,3.307477981511112
845519,0.008633653274057837,3.735325577814572,3.7724237482104224,1.3334649902080583E-6
16262285,1.3332982503106784E-6,0.11179983382200574,5.165228837329691,0.06105010068511083
1567992975,1.3333360387296728E-6,2.892718358939181,3.6831118812430454,0.7337491639591072
12906914,3.492642123152019,0.3829067815764419,2.649775938193444,1.333336668458963E-6
407092217,1.333291644782029E-6,6.051545351645588,0.07687876800059537,0.030644341520345123
979633571,1.3333353257479141E-6,1.6241547048849951,3.55304760017059,0.24685050458671468
523025192,1.3333253639227208E-6,7.363625922454954,1.971945806355733,5.569986167543689
752099318,1.3333165925507798E-6,5.060033466700354,2.921441088577878,0.039579026047298335
322100534,0.026864470848267798,1.333316398367641E-6,4.631898159697485,2.8898949172186628
1661597304,1.3333815527555786E-6,1.8141912195367813,4.952415815340659,0.03814127896538993
1721619967,5.357646414541381,1.3333201318716696E-6,4.499085717976862,0.0897101990086971
1788508,0.48925500893526397,2.0918962915919286,3.903422011483295,1.333328116812053E-6
33747063,0.08790185435876974,1.3197789754617753,3.676719526825776,1.3333167920346906E-6
208808122,1.33333458287396E-6,0.7514111767653857,4.867802963431725,0.1041237743854182
26795042,0.07414992300479142,2.7784750345633418,4.333375455467011,1.3333270814646171E-6
192231307,1.333344977300745E-6,1.9657689131425835,7.879675372009938,0.04457226047878127
535887615,1.3334182550105755E-6,4.571907384354521,3.9539185093403733,0.004117164449573305
241421428,1.3333201375081663E-6,1.443919386409055,4.468339786665745,0.04913146934016666
235476465,0.13699142330999323,1.3333303319975446E-6,5.233402379732432,2.9585095418189242
271156627,1.3328170827362388E-6,0.003374976596349262,6.331937600862502,0.05506241135635947
582416280,0.060135041149951544,1.9683790144782582,3.604477032760159,1.3333029292310741E-6
382170702,1.3333230310548763E-6,2.2123906636941904,4.114523847154761,0.03248083749533134
175485485,1.3333203480985929E-6,2.4633961537149194,4.86420166561354,0.08406034688286729
1484014000,1.3333862063959737E-6,0.1594010156803147,5.2505786621995565,0.06226905560787484
1119840252,1.3332357631552167E-6,4.806077111556766,0.008652037906765222,0.034555328203794006
200888797,0.38363452686218313,1.3333249056301921E-6,5.3897167660958285,0.2191892226725573
831038,1.3333324555251582E-6,3.758896029419763,6.4012388076325335,3.7834456315728096
37077380,1.3333312799075266E-6,1.3414980927415283,3.655307130863073,0.22723448550692127
467481116,1.3333335567222154E-6,3.072729604808014,5.9587988646060746,0.4159193275970456
224888618,1.3343385594094658E-6,0.7396387091989067,5.170982709317172,0.0017903542911315805
266084535,0.8809316163382819,2.5579405871056675,4.235666700282603,1.3333370328015222E-6
363087494,1.333436079461709E-6,0.11329293481068896,5.751349340025956,0.025046281770056043
335036925,1.333320840212889E-6,0.9858306699630685,4.79937458826448,0.04689581671460349
1528450183,1.3335286836668174E-6,0.03888786867536792,6.958921651210954,0.00857625438935683
1038393,0.24146470632385902,1.3333356744046613E-6,5.591424320696362,0.033084820841337764
460386136,1.3333323203155618E-6,2.075075371473589,5.558001276813431,1.405771629096928
471877964,1.3333316954999418E-6,2.193237005097857,4.738030518555844,0.8324321937661133
267653965,1.3333330894900925E-6,2.2646890833639857,4.49055371420653,0.7918518773508526
50844490,2.0329346822712893,1.2465880315297864,4.631454932344974,1.3333265589045147E-6
26926343,3.3476446622445226E-4,0.05766083736243941,5.155186276172214,1.3369743310570117E-6
1991366,0.13888142625180205,0.0441157373023368,5.72973435031486,1.3333569313721248E-6
372958001,2.8327198537195293,1.666322155726741,4.243001626300555,9.486511824154125E-6
224984506,1.333332881360106E-6,0.8451914122923084,4.512540422560943,0.13289034800674238
30412871,1.3333097199988109E-6,0.03264231957706617,3.253680467868061,2.86788259855087
239380550,3.552680389489612,2.8129912110293076,1.9623536159965187,1.3333292934218604E-6
23732334,0.012663995421035646,1.333361388510498E-6,4.281622956511861,5.933490796577551
976262961,1.3333255957875113E-6,3.013986492856739,4.818572561788454,0.041147639967482094
44272785,1.3333336984390077E-6,1.9569813697632683,5.2067783335107825,0.8171275289609762
5175130,0.016621950255208694,1.3334725208858653E-6,4.603565891944031,0.17707952313536365
1465001512,0.24808458128384808,1.3333427887936375E-6,6.079776589749819,0.06203998449848442
359509471,6.218785138326033,2.3133627043253653,4.1090820758226405,1.3333264865161225E-6
43373288,1.3333329014639869E-6,0.6907312915924597,4.49436032173455,0.47506441782394154
769582,1.3333308928528337E-6,2.3908667981319898,5.10463439974961,0.051626569289327476
1484212212,0.18773121646827945,4.515128811004246,2.961747996724701,1.333340222223498E-6
16838282,1.3332568326492695E-6,0.06451843211413738,5.027936832354539,0.05167333167613425
366564420,1.3333147203109981E-6,1.9118885774531087,5.821720801875573,0.1268401880513848
856125062,1.3333373174841017E-6,1.1941981767363359,4.1995979755348545,0.5234984111025502
1477732293,1.3333342342530254E-6,0.688857838526055,5.294884243463535,0.05160455466958667
778228762,1.3333321359657268E-6,2.390071215284901,1.7205524459660269,5.090282547390796
495410610,1.3333148819032822E-6,1.71559353957022,2.5281368519841774,0.04777209231388157
2061161,1.3333364727500616E-6,1.9631095024966982,4.773291010334818,1.1347090289704433
635537849,0.9652180998413603,2.7069318305087404,2.2060263622307152,1.333343945684018E-6
9688438,1.333331138815807E-6,1.4018691198402558,2.3361506190798025,2.487682396417443
2076190,1.3333188178821825E-6,2.784587239558059,4.866179090070203,0.10143005148591408
387804605,0.06085554767502104,2.631472212323093,4.8661185348265565,1.3333218380465786E-6
299889819,1.3337211548883952E-6,4.699592764604192,3.0296733625690213,0.0052793097362831
526363172,0.03560180976921235,1.3331935777999393E-6,5.194858513450927,0.08755294108627328
341934645,1.3314360263120506E-6,3.513241253323559,2.599851170084483,7.628012345873269E-4
12462327,1.3333151624005485E-6,0.48353602308292404,4.194538680543833,0.2635532373534822
1392836448,1.3333355051660023E-6,2.6668529015365636,3.180525398022872,1.529962136951752
1066901,1.3333324332381577E-6,2.3132271721349755,4.6307758852151935,1.5461203051842645
527909974,1.3333559197355677E-6,4.016420565631661,4.6861233305908865,0.14707115024462505
781876,1.3333294700803834E-6,1.1129192194131583,4.181798759673627,0.4481144736101858
242343983,1.3333345734071342E-6,0.4197431086548673,4.337780755730161,0.11937221155482776
42050086,1.3333420547007604E-6,0.17850210988878215,4.956679598103041,0.06528615147879481
208695603,1.3332285099079081E-6,0.11073842079195759,4.917699032093695,0.006109479632877113
1603709979,1.3333505832982007E-6,0.08705796621572197,6.1436892589532865,0.04921219048467056
12823531,1.3333307014728084E-6,3.460513530728819,3.416423939345946,0.5008245700025252
2479803,1.3333357529633027E-6,1.0458901678493504,4.585783242570121,0.18330966315705244
240442515,1.333352969102793E-6,0.11863057100433211,5.200300973537439,0.03695113020844264
269922335,1.3333264954766257E-6,0.21282996228455392,5.1085674438082505,0.06030476687104742
1215437540,1.3333347674693238E-6,3.863609872873666,4.205225324108367,0.06274526637753583
196677619,1.3333515197155237E-6,0.07974871087165598,6.0504263517312955,0.054341548618136386
211739830,1.33334239795522E-6,1.5274850715336319,6.543849496601479,0.018128705637550504
309194749,1.3333241447477435E-6,0.07374789626919497,4.048064757570056,0.06134678054885498
1424701184,1.3333281563092486E-6,3.564265798758977,1.9306566166551373,1.831211252284546
78648,1.3333351867742624E-6,1.3198721756080334,4.098232774506359,0.5548360366407368
343614888,0.0024857983906285317,4.7559960931078775,0.6046626888797895,1.3332689874414791E-6
206367606,1.3333244915749694E-6,0.6092474368965168,4.675516813944831,0.03383911734815735
329678610,1.3333302990256989E-6,3.116348445430124,3.290609273497722,0.6546479083393527
22440645,1.3333294150141386E-6,2.6666413886865636,4.724417171678341,0.9791041928910271
29859151,1.333334025268096E-6,2.15218085256476,4.405012606428787,1.540934741446622
788005,0.018289478039949736,0.03427383621121927,5.722718060982952,1.3333103127833248E-6
23461186,0.1048903073353644,0.09609511091058402,4.912279050485978,1.3333845777255196E-6
13059005,1.3333218929782157E-6,4.379522666337766,2.4763875600436367,0.06536480934518436
251584954,1.3333229358465255E-6,0.1952475301441078,5.343589301890766,0.07515066352575148
248522344,1.3333849840441768E-6,0.060247118128295474,5.714381743876363,0.03957342829313883
544012526,1.3333314540039848E-6,8.884693284398054,3.0680667358246243,1.3333314375759907E-6
345586825,1.333331967822892E-6,2.699723275868697,4.8433825820019765,1.9343498754798338
18854090,1.3333360713222267E-6,3.8181482240776843,2.33279495336659,1.455884854803574
1449596183,1.3333328849488663E-6,0.30670873575600527,2.361674602202922,5.663285255922201
526172948,1.3333186267771784E-6,4.411044471855134,0.01568370690544606,0.07747008096316373
211165873,1.3333460753047436E-6,0.4246309727396091,4.16704843682826,0.6199156468162142
24958698,0.05084177995064483,1.9452737973954324,4.086021123817124,1.3333550697856794E-6
9456650,0.013434180367517614,1.3806191139144115,4.811112078936031,1.3331686016480854E-6
39609231,1.333286971714366E-6,0.6450694035523384,5.0311753093396705,0.007448978175211438
47783190,0.0035902158235292287,4.671621904380679,5.4196042271013205,1.3333920069197724E-6
218496931,0.04655692714252622,0.0920526272231505,5.6682931998915596,1.3333431614957103E-6
2602391,1.3333431227288205E-6,1.6871573161414941,4.247847390906187,0.8489935571050106
1340118021,1.3333150665783433E-6,3.8077190140028736,4.613195994504397,0.03162851270801084
297317271,1.3333343608268673E-6,0.467531310312865,4.604086233305753,0.032378547232697646
276862452,1.3333268636440495E-6,5.21008708941357,3.8133781975735834,0.12823110613646016
1105797835,1.333338107464568E-6,0.17118723766502908,5.135429473735778,0.03482372331285624
8829552,0.03667317079781353,3.31273522547985,4.504448922140462,1.3334438868424877E-6
273275256,1.333339515597466E-6,1.9146275864640996,5.112261487918313,1.0679415527114453
4270959,1.3333312584088284E-6,2.479504044394912,4.100999429064962,0.5807118760549661
23626351,1.3333326137171094E-6,1.6246844758089911,3.0446452219761926,2.064733685353928
2308135,1.3333524796342815E-6,0.13474325923317743,5.990742258367477,6.072767576506277
233986127,0.5538869760357672,0.7846872913953316,4.057463983345825,1.3333325231021657E-6
976963157,1.3333328826501358E-6,0.14158007590007382,4.722565852681021,2.621751265105177
497665067,0.010973270394356246,2.1690044646686655,4.648302536700084,1.3334967268017654E-6
187634975,1.3333333959930338E-6,3.927455204762775,2.8992823530712997,0.5375841577588018
208367668,1.3332890710540912E-6,4.0182225559392135,2.6464736085748175,0.011714537239237854
258102864,0.018990670787133145,6.150215813820588,4.893209139292931,1.3332948737640453E-6
3890255,1.3333296915726055E-6,0.17033315004183067,6.20529292943137,2.074494482797141
1358376686,1.3333057144289485E-6,0.08804344060309811,5.071104301659831,0.04542173928855445
29950685,1.3333428173356243E-6,0.07651919821719712,5.062443452652408,0.07339024095726114
218585478,1.3333330108608964E-6,0.7455088549734611,6.95444033659924,1.5631990357019288
1370119083,1.333331718374728E-6,6.469951011774015,1.6454472036845358,0.1524038160886034
21420093,1.3333231630756852E-6,2.1159595876828416,6.1510157835023165,0.032250981917823864
12152779,1.333265642066474E-6,0.43804159778486806,4.681913674713687,0.01544220497923278
337358922,1.333256780780389E-6,0.14364658934799684,6.754345558323203,0.026557654960525836
447587670,1.3332794147390253E-6,0.3676883020620683,5.896535339639528,0.05036916989080124
178043101,0.934593058494996,0.2946275636785942,4.126593665870301,1.3333298895792095E-6
5755715,1.333337419746702E-6,1.3684415221019233,5.006294850409258,0.0916631517181081
1387411024,1.333355481224847E-6,4.77953931256305,3.4804247097682475,0.20481491057850823
176016306,1.3333326106869862E-6,2.518599744622101,3.5697207528698622,0.3456136272627312
3044909,1.3333511163578584E-6,2.2959914938839727,4.157076844330379,0.12268716834843474
204847429,0.4006426574266438,0.16040988389560573,5.477714983330265,1.3333291078075204E-6
4360687,1.332357500573851E-6,6.801023009705679,2.6571289523581942,0.0021128847579720248
1271707178,1.3333293691613838E-6,0.41856667622333776,5.064862280733077,2.8809734986789244
190439839,1.3333316629472377E-6,2.058367242567004,2.4249316313571416,4.281677731245327
187151842,1.3333300228528392E-6,1.7193821192892773,5.38811170094415,1.7285093461889753
241151788,1.020238800167952,2.450978640241451,4.116270164650614,1.3333353025887569E-6
4787785,1.3333288180324839E-6,1.756874583155299,4.322694365654791,1.0641837123425297
10185510,1.3333101555246413E-6,1.4820960383116093,5.389816665899576,0.052368438943889706
31633728,1.3333430887652672E-6,0.22512094100872698,4.719184160706587,0.47550862762321944
10004059,1.3333325550858689E-6,1.4458158726300938,3.442296166553421,0.758684801889991
3373974,1.3331397824385124E-6,0.23666289231426543,4.980394180506901,0.021675511724275703
273114450,0.013624805144761023,0.48079701744389225,5.533352860638165,1.3327312645241782E-6
3879158,1.3335564206955893E-6,0.23824634198732014,5.124209114303867,0.016191871782736875
628103579,1.3333361541853093E-6,0.2975907430507795,4.749573034869372,0.69718945847655
192121043,1.333329449228288E-6,3.217861881766687,5.440626682539258,2.091028659846402
1312221,1.3333147825740667E-6,0.971319012003648,4.566246719465422,0.11305205795961808
145308730,1.3333108282662927E-6,1.3719342484359127,4.298996186852484,0.29832464936656167
646862038,1.3333358161487099E-6,0.6084151187711606,5.427335546045338,0.08944833022932658
294631191,1.3333208288685543E-6,1.602800235193847,5.205033745034936,0.010779122482054444
8946560,1.3333946480443444E-6,3.06880390535469,3.9411511989449943,0.007619212624365736
198762295,2.28477096384497,1.1490289247804937,3.531634290918124,1.3333303482050849E-6
2007924,0.009916179401106315,0.6131414861535948,3.909075396212432,1.3335366794368312E-6
1683745,1.3335320719430924E-6,0.3862271941886823,4.437601124681582,0.016597862433121963
230727846,1.3333230094031863E-6,0.6415631649200377,4.513492847433898,0.11660349609465566
217782915,1.3334486259116386E-6,0.24762715427064433,5.181716263086811,0.024267772133503188
31768160,1.3333315034165698E-6,3.0342413836673736,5.5891723166239995,0.9069759950165713
237776406,1.3333203037666854E-6,0.9170572337461611,5.231517979637323,0.10351889148397564
224336487,1.3333147694124812E-6,0.5692876033656765,4.427084156568616,0.2767510129056551
331302998,1.3333335323656767E-6,1.7420853280277344,4.176453456597485,1.897082045994654
407307136,1.3333325352763938E-6,1.9554313561346879,4.55058699001341,0.5047387315981084
870445759,1.3333334063249397E-6,1.873366522276411,3.742757372332573,0.06539801917668785
2708917,0.23319106315675384,0.28696173781307305,4.636831202127938,1.333334030691393E-6
287869909,1.333356390404599E-6,4.3064613831234215,2.8682020012998852,0.06998156040643204
509995308,1.3334859327077469E-6,1.3386278026664646,4.309431817660443,0.019817012350492987
367160963,1.333314357425021E-6,0.1167059229614149,6.571214888280652,0.1030075144113439
5361039,1.3333370410877912E-6,0.15926519452651994,4.911659291446465,0.16327018373764002
41357433,1.3333318095827522E-6,3.5383365894705676,5.531558444864779,3.052285950311312
1551389,1.0260574251734838,2.563146333505723,4.752157169184265,1.3333312190201385E-6
5977929,1.3333285373303323E-6,1.2477780760215067,5.5556616823481155,0.6006132411888593
2537473,1.333343904123304E-6,0.18601030868455612,5.4619425290261985,0.018008219389771637
16065847,1.3339625541872893E-6,1.7228762087560283,3.9587111948145006,0.0051401059810971894
326739637,2.08407976765888,3.0630627901366805,4.684535873219218,1.3333254111604513E-6
27543924,1.333315143387619E-6,2.377598341536595,5.250842223101107,0.07546601738722025
41987900,0.7964570738095073,0.20424295897875017,1.432860347158371,1.3333301401283054E-6
856855,1.3368490771803948E-6,5.68510702696594,2.939400043043931,2.788381337119986E-4
41373987,1.3333235372612819E-6,1.2355206541359602,4.344474253679077,0.6960786036492532
1075272,1.3336874043604653E-6,4.827803393166113,2.046326428439987,0.001739113865144229
252976899,0.03442613316398448,0.3545213806519975,5.2305288919171495,1.333267645626032E-6
1064366,1.3332776340247808E-6,2.3563337563343243,5.068010450405229,0.01544538107744746
1113090,0.04641351369408608,0.10558559956174363,4.427087739648769,1.3333102413656648E-6
179360669,1.3333323635774543E-6,1.3067040705014368,3.8615185249615727,1.1670380306499502
10820607,0.03950256100240013,2.141948506249686,4.969109159315287,1.3333386968433706E-6
583684651,0.011916713492958954,2.3016312744700147,4.99109033330503,1.3334148061012333E-6
335965077,1.3333396173965444E-6,0.11004871087751586,5.2294952037783915,0.028307515928166067
777821651,1.3333296254883691E-6,4.4997831858023885,3.138658089818765,1.4145508209589168
320498757,1.3333396541757977E-6,0.12334314383381655,7.0964798911145985,0.04365435227323293
610571830,1.3333281851467985E-6,0.544197986689886,5.2270142098488295,0.1310513159240178
15977721,1.333336626926017E-6,1.8758021256920272,3.1339486854483742,2.765678668892892
1476954,0.11693468965484478,1.5706914747200194,4.465485407982398,1.3333382085216003E-6
35720927,1.3333253990577009E-6,1.5411079412287993,4.573391310636916,1.3295557845434127
15597699,1.333336618759056E-6,1.9205964526265762,3.626208330165297,0.16437656286834923
26958503,1.3334262262522802E-6,1.2135990545555424,5.297600696982248,0.04175765025690241
630230818,1.3333111846641866E-6,3.350775120873313,6.042687198162015,0.011074573828519703
2226095,1.333334570562139E-6,0.16142597727317276,5.087564220496104,0.17295764481014425
2188824,1.3333297797338303E-6,2.1741930861855834,5.179476597203488,0.2829561082440336
3830537,1.333322134492999E-6,2.4951668771464677,4.557682763338747,0.0867128623692958
6360082,1.3333367617806601E-6,2.5487102799843546,3.4945447250659725,1.7417872105754366
4130384,1.3333367623724238E-6,4.315943893079485,3.728272812280253,0.11614693766868428
248508947,0.389127772610477,0.7816962929022285,3.9576736918845614,1.3333188442613045E-6
845529,1.3333284493989781E-6,0.3390204063095498,4.921901987455687,0.06003047159553448
231949310,1.333322674720972E-6,2.9733563421015563,3.9604181398325267,0.06354623513124963
1445709739,1.3333476060487373E-6,0.13694662476949776,5.440157364147981,0.06885562132982478
54051005,1.333270716592177E-6,1.4131983732693343,4.956578690113014,0.011707443039274871
363956201,0.060336574843912055,0.40300739243069145,5.158054442281964,1.3333546486304458E-6
626589315,1.3333217572205168E-6,0.12021526729686739,5.586027809595313,0.013020118771501644
217728319,1.333306874862118E-6,0.8262167686152799,4.612996765662887,0.09706895583245205
174332982,1.3333615275588045E-6,5.31738181360486,2.63180971325598,0.08303508467456304
43221060,0.5880212714001396,0.4055385061974222,4.939528257620491,1.3333308134925989E-6
27622521,1.3333274366290814E-6,1.4111471856935305,4.8663704109847234,0.32292380628927814
958642,1.3333328805606361E-6,0.31887509112805457,3.838666999647179,1.3831709028704966
3112656,1.333334809202574E-6,2.4999413374332002,3.746130600335076,1.7918074676182971
247605893,1.333326395305225E-6,2.934382528976163,4.11336661464441,1.7153467520482604
54815032,1.333291462322289E-6,1.2431359751162887,4.44130734955779,0.11976396458649392
43958828,1.3333123758502363E-6,1.589634268435043,4.698954516610849,0.05824323863775616
1649828,1.3333372502824355E-6,3.8629807002956666,1.6572501287861074,0.11243783156795834
22171095,1.333332997028169E-6,1.4288986306095135,4.427490660000847,0.3824275200633015
316731281,1.3333039001942318E-6,0.6425700865778055,4.806831264522689,0.2625815865505969
1000179911,1.3332959245754806E-6,2.5971723236090822,3.4532921049459055,0.16916408046075954
25424715,0.00343865043650208,2.475739855188589,4.6714586056883824,1.333680458020513E-6
9685103,1.3333340236925025E-6,0.17891257833491184,4.563101730586949,1.6367801492345782
3037457,1.3333323715130474E-6,2.722825492704512,4.170492118769676,3.2842918452492644
186019852,1.3333514605561145E-6,2.6358637459082335,3.6313540742346073,0.08704804247843621
255457057,0.0018074898142868645,3.7105097170123464,3.1990041256395374,1.3332345117060874E-6
348630381,1.3333071981692629E-6,1.7757996666095586,3.552873354465422,0.03756729898685326
1324153,1.3333379824997633E-6,0.13809949054655368,4.719174834623644,0.02526649332928481
52858265,1.3333397342452645E-6,0.0908724580003159,6.038231240728433,0.03082919199003509
1371898,1.3332974531327705E-6,1.9610726584734488,4.315672970419578,0.04970371468451144
1097118847,1.3333324928591988E-6,3.1695177399404924,5.315735800932183,3.763194037255364
3523523,1.333337045034496E-6,2.1850601106063223,3.881815212347829,0.16019471919737954
2064315,1.3333286691494737E-6,0.1952850685227858,5.0002054193541206,0.06972404389602746
3300887,1.333311952669195E-6,0.3325586012517671,5.0735719887268145,0.028209271803385165
5057456,1.3333775086460197E-6,4.218356498970024,2.262991031356689,0.017796331153487378
4587001,1.3333250153270515E-6,1.8552176795144137,4.284532207160164,0.251145310327927
3117840,1.333330717308232E-6,4.139651172294558,2.5015551861392864,1.497364538995014
450292261,1.3333296193474548E-6,2.317375916858144,4.903347166160155,0.2846611380985305
1508932219,1.3333331662069823E-6,0.7697434797683553,4.466822509382283,0.5164312683434111
2196457,1.3333351671540274E-6,0.9513774202573853,4.950565033973905,0.5759578070598604
45966580,0.001217069903315803,0.20049103262656212,5.1843007681296625,1.332961539157935E-6
89692,1.333325224845728E-6,1.1930375550410746,4.1284614190543705,0.1571816392420004
222815744,1.3333085279337305E-6,3.0121270060773226,4.582527685835873,0.07622411090164675
176925601,1.3333277342829291E-6,0.6675764839573547,4.6586052298547544,0.12450542669592388
35127351,1.33339267380572E-6,0.8439575054361347,5.41326516948544,0.00736836177932874
781429,1.3333441631790852E-6,3.665786436135558,3.6028497947154605,0.14659679401584502
189778250,1.3334149757641182E-6,4.484073255887425,3.3066231103478483,0.014030851888446534
349467985,1.333363369565554E-6,2.9726169984042365,3.3132712598717453,1.8403833250597659
990644,1.3333189112258792E-6,3.529431445432851,2.9636312364455546,0.02146530807310174
301613458,1.3333312381725E-6,3.705583762932876,3.8069321649265313,1.3030022020166543
868058015,1.3333144750407822E-6,1.039593989226443,5.421249057677397,0.32535828108882187
190136173,1.333397956195978E-6,4.107046671291125,4.3412472268864155,0.005109664869679433
27431896,1.333089730207841E-6,0.24764235750892588,5.3373720431746525,0.007520539860932675
1333203523,1.3333335950811314E-6,4.355785288891068,1.029010430515629,0.25967631685535697
200449325,1.3333314569805867E-6,2.3768501092859804,3.8452267358067007,0.7624459430936028
12843885,1.333328983598818E-6,1.9546420230850947,3.577940921992141,1.8089079205707208
242708369,1.3333230276144961E-6,4.6792921968934325,6.3452510780477525,0.1058555925238093
389492388,1.333331621208669E-6,3.413229075822875,6.048051496436194,2.4270028118801203
4268403,1.3333359064895084E-6,3.3949880633739316,3.2552520659037576,0.05648194632638263
20850451,1.3333301711534492E-6,3.553598880927153,4.952092902341583,2.5976133747948524
2490353,1.3333272295550107E-6,1.0712461072517987,4.879708345545885,1.7646847871664126
6308389,1.333339190361578E-6,1.4131747907083112,4.7132051092373946,1.0706023253204149
1898141,1.3333963574487526E-6,2.5236484590067705,5.326832925104025,0.011027389158182849
181896432,1.3333331862180613E-6,0.9976858141995694,3.884273853081943,0.1998542210521493
12752931,1.3333269022792388E-6,0.8650754122251915,5.059540379591334,0.10163230454434234
1113921,1.333342644688311E-6,3.157530728570636,2.9241706775003884,0.29790971292840074
145714741,1.3333687932967362E-6,0.9318336392191497,4.28073260498235,0.0767005380079158
1676784,1.3333639924287444E-6,0.4806046181134965,5.16174478148063,0.0364093435901886
1444451,1.3333420907962292E-6,2.9627860125768146,3.739310439639843,1.4514837035617343
1213941,1.3333311657713888E-6,3.3491705429525944,4.472801606852431,2.111491311412894
1371467,1.3333337389859601E-6,0.9936948735524038,6.120547813317009,0.9357278602904368
4487106,6.764771766888814E-4,0.319221563014447,5.107466339336474,1.3352470198789745E-6
289020041,1.333358690938621E-6,5.852810063871042,3.235056801595575,0.2558963174580883
3135225,0.06131471321547598,1.0375261250451036,4.726678970999496,1.3333381470441626E-6
2692900,1.3333634259151003E-6,7.662271719557124,5.738166690098021,0.03874580973407729
185416714,1.333357635929912E-6,5.699214544730881,3.3220437684841357,0.014045218617824168
815942819,1.333333985388243E-6,3.1419589068426306,3.874742452926678,1.4903892205344256
23876446,1.3333468203343144E-6,1.2080565283146094,5.179065530929866,0.036119966751943726
1090055,1.3333335158704353E-6,5.70624254175837,4.70513990612972,0.7852803759057032
