1469609400,0.022275144274283266,0.004162175028597039,0.009978598225812025,1.0E-6
1262742,0.002025676073839566,0.0037354747608085745,0.013230014586156696,1.0E-6
431904090,1.0E-6,0.005428140410737426,0.009876146032302637,0.006402699344051487
13299395,0.002081999263359977,0.006270895190568006,0.010326309553347877,1.0E-6
467814133,0.0060851371171822015,0.006769224052694596,0.008799567968378491,1.0E-6
1114970510,1.0E-6,0.004624519438766789,0.009112390052974486,0.001421584585990436
546998530,0.026830539800025015,1.0E-6,0.009564477973956452,0.016753016238977445
1971402599,0.033324449114190254,1.0E-6,0.009428702262842028,0.014740185950954405
267906357,0.05125574148858839,0.006959661850250389,0.010572569823487355,1.0E-6
1676703,1.0E-6,0.00687783614151316,0.007998425220659572,0.010429254732193336
1542462653,1.0E-6,0.004609931807641905,0.00724100999202785,0.01999690839624779
385182586,1.0E-6,0.005375479794854315,0.008004449005012359,0.004037592396252065
1354076618,0.04264863709643145,0.0057242918493529615,0.009595275073139661,1.0E-6
1827621887,1.0E-6,0.003339101811765522,0.012007328606637052,0.010791689093585705
15318279,1.0E-6,0.003892783709552085,0.014697876678505445,0.008671454333150749
1112056,0.0727296523881629,0.004382810157555897,0.011028269390745506,1.0E-6
2183178290,0.04888509002243451,0.006929706865610025,0.010171287855676487,1.0E-6
1551859751,0.06488468712693823,0.005385473881529258,0.007028097163739074,1.0E-6
1714328,0.06897286356995962,0.0033592912146192997,0.012359759485328492,1.0E-6
962785815,0.04058077737787312,0.0033124767256134295,0.011558615018235454,1.0E-6
24211166,0.011435014831481993,1.0E-6,0.01449033177477148,0.006639239348745746
221758078,0.07407042191236661,1.0E-6,0.011492895392767717,0.0035887719689956152
1088969,0.021456032742618772,0.0030775638923328918,0.012087001573640994,1.0E-6
2516898,0.006181136958352906,0.004849826235079854,0.012574334709620293,1.0E-6
1406894013,5.407993854777867E-4,0.0063125043416262985,0.009085297454353944,1.0E-6
1537191,0.032923454649912594,0.0055221740408869496,0.008353000526300919,1.0E-6
2948999,0.005530111238758131,1.0E-6,0.009480610272710108,0.014767488903694524
15343745,1.0E-6,0.0036317442842222544,0.006114510084459202,0.018324526987120244
15412975,0.008067721663940125,8.920896699156902E-4,0.013352324960020825,1.0E-6
1545775,1.0E-6,0.005682296701512105,0.007356422747608883,0.01263825810561022
1696627228,0.010133336827087258,0.006269498059742852,1.0E-6,0.016937530675946753
1480704938,0.04808262961521692,0.004206369283606868,0.012158691073572236,1.0E-6
278477371,0.013102100694189038,1.0E-6,0.00814426949068647,0.008985465964490421
2031970835,0.0259264827197221,1.0E-6,0.007279884437911132,0.018232505270308286
787724071,0.011033799100375715,1.0E-6,0.013623836579174712,0.007896086818375551
26913335,1.0E-6,0.006758541953704494,0.005598534717939991,0.004141236494302758
21751548,0.03655549949674866,1.0E-6,0.008805720443978144,0.010258771237677811
61691,0.007285172330058836,1.0E-6,0.007607324982699328,0.00874702962525058
1456330238,1.0E-6,0.0034707714020236207,0.013138610787688479,0.009730071757959029
50474234,0.09040102710968984,0.003622451530428387,1.0E-6,0.012978627299987573
2645075,0.032874178425514176,0.004490083422773213,0.009115528042747992,1.0E-6
1722971411,0.06710232774121101,1.0E-6,0.01071537364929539,0.007846400194537466
368237438,0.06764292919281635,1.0E-6,0.00778181888906815,0.008403281753455774
1394586531,0.00272125073043201,0.005958968937488209,0.007466730682328591,1.0E-6
215014211,1.0E-6,0.0036782037394643956,0.01204089221442637,0.011504505780843659
43580430,1.0E-6,0.004303224325647871,0.007811198208946525,0.017786624895716616
264345969,1.0E-6,0.005155934919699612,0.010027841275152794,0.009787677128524599
25905206,0.007134519026187833,0.007133387909830887,0.006595990423202889,1.0E-6
1335967334,1.0E-6,0.00646142012242892,0.0050813594991259686,0.01642272134796696
1534227225,0.09292533679228908,1.0E-6,0.006964772979130803,0.01090197799803805
2015349687,0.046809069126169785,0.003033833177571664,0.011037122180984335,1.0E-6
245568716,1.0E-6,0.0052278295893808625,0.007877537852379102,0.014500640050932434
922892,1.0E-6,0.005376748491016199,0.007249630319227267,0.007313989042192273
1485590798,0.071998696589357,1.0E-6,0.011081141263453326,0.002729260909601008
13429220,0.0027156030769789545,0.003966305206743892,0.010900856204581387,1.0E-6
478780012,1.0E-6,0.0054792131290519455,0.00821361467699873,0.010320243283340727
1549937221,0.011459352639118726,0.006058584770993316,1.0E-6,0.01411067504806065
216497038,1.0E-6,0.0026472818256358575,0.010232344571275665,0.015914739757004664
30386835,1.0E-6,0.004367289127826017,0.01007112835016157,0.00327499003247429
31533162,1.0E-6,0.0043464990114283,0.008465608158279632,0.0076041108102024154
21552360,1.0E-6,0.002436833456981545,0.011778687996682009,0.013088389543149058
282674163,1.0E-6,0.0036712702217430297,0.013578047654723634,0.007945585839445938
253875188,1.0E-6,0.006229999825982065,0.008563231415402486,0.006883390111043029
1593757006,1.0E-6,0.006768612436783062,0.0055394953179463075,0.00771061887882091
1470941396,0.045253347764142554,0.005700781317050766,0.008332883911722235,1.0E-6
1227972770,1.0E-6,0.005139862736004246,0.0057258188784182285,0.01573516151091378
2063174114,0.03666828469891606,1.0E-6,0.012439470273139741,0.009268916214344015
1263811512,0.09247736502756664,1.0E-6,0.007112639430528569,0.012031309688448281
1427159752,0.05131327572768225,1.0E-6,0.00942826623289378,0.007641341200314205
287467149,1.0E-6,0.0033250204889895846,0.008859120272680144,0.015994557325881086
177274122,0.07482129808372842,1.0E-6,0.009189748674949594,0.00923136663154534
328294485,0.03406300356912933,1.0E-6,0.010858849543806684,0.013184308326492684
1177786565,0.09794299706500298,1.0E-6,0.007651952862705486,0.008860330818852518
1375412714,0.03988440828083737,1.0E-6,0.01064319641724159,0.009031543840842662
1856554,0.06216556778383522,0.00527275144632162,0.008292559669385455,1.0E-6
1943148216,0.05971341436179018,0.005427703705184151,0.010186874110494527,1.0E-6
54285677,1.0E-6,0.004698902259114799,0.010613186030730533,0.011622261723309034
25839290,1.0E-6,0.0024662759386887756,0.01587547987697049,0.009059294980797833
360608500,0.06278505784718263,0.0038271293343037716,0.004421782557590717,0.008630129934877962
1531968802,1.0E-6,0.003243660101234313,0.004307295408074554,0.02979954703678883
55153,0.0416793989650921,0.0038707051273029424,0.011959320442121332,1.0E-6
232933340,1.0E-6,0.00600832706088633,0.00822993635616804,0.009718213119813884
1649781242,0.06051653811381323,0.0035228748606794106,0.009876026387976031,1.0E-6
1386808,0.012751080040699834,0.003587352455343525,0.012328233760977384,1.0E-6
317303826,0.05581195608191234,0.004527674866164741,0.010214934915959154,1.0E-6
539308758,0.08976213218255143,0.00291792815296011,0.007690070926856411,1.0E-6
8029226,1.0E-6,0.0044854453835274834,0.010402457822465693,0.030377812578322293
419591776,1.0E-6,0.004129353525913861,0.0122596065154336,1.0E-6
42141295,0.028424590452768548,1.0E-6,0.013511157207772902,3.6974343352059194E-4
1442509122,1.0E-6,0.006855936346880052,0.007095593676519835,0.0020677141922592923
686394932,8.02057468130863E-4,0.0073005988588240355,0.007844904625046053,1.0E-6
33322378,1.0E-6,0.006632298507792916,0.009089734828090022,9.745361011388934E-4
14851693,0.011267573740785741,1.0E-6,0.013372120853317888,0.010668467826762822
1422773575,1.0309238728027662E-4,0.003379352169503967,0.00916241654300238,1.0E-6
2176671300,0.041718020947879526,0.0058538524702028884,0.009358125988753177,1.0E-6
1476988950,0.007232644843659981,0.0048331637870168654,0.011817159768020452,1.0E-6
5767799,0.050256669043633774,1.0E-6,0.01404975532161647,0.002173610114391834
25496,0.055489532055929325,1.0E-6,0.00935508400633098,0.01310069753010415
25614620,0.021838436175110134,1.0E-6,0.013104610285566236,0.00898352785059461
373669853,0.01531101804039676,1.0E-6,0.012067401472510045,0.008261057058675235
1517348844,0.05795738285601138,1.0E-6,0.01024101351971751,0.020448431546643726
358871966,0.018135355974528932,1.0E-6,0.013821642886245874,0.01045348932404437
6239422,0.053198584563167686,1.0E-6,0.012473593061454732,0.006862220849454009
1153902371,0.013849609377784292,1.0E-6,0.012077899064747448,0.006358332593391605
18454432,0.030198778258679275,1.0E-6,0.0025873067525183533,0.015590164320403435
2126560010,1.0E-6,0.003366411668686538,0.006269997875211383,0.05717494342813892
793489,1.0E-6,0.003835673055530092,0.012808745109665532,0.009331844832598966
1819997118,1.0E-6,0.0038858831368444122,0.010953943482563644,0.051600673693463134
1491152429,1.0E-6,0.0036130362485600554,0.007191577447137308,0.025038003262697037
2245324,1.0E-6,0.004699688853895811,0.007432926247588873,0.018140717879720627
1278495445,0.059723833314488,0.00303769646915767,0.010298671508734682,1.0E-6
577750387,1.0E-6,0.0033076965415738016,0.009453722720114402,0.017300373395360693
621297654,0.004074069381488508,0.00971866791072673,0.011173471707177909,1.0E-6
1382916558,1.0E-6,0.005537185853282488,0.004070429665201511,0.01824747900532996
192974291,1.0E-6,0.004203647241606389,0.008811058477573788,0.01573563647171533
1331715096,1.0E-6,0.004337740296229313,0.011164063367197568,0.005628699919696134
506234210,0.008933677405225429,1.0E-6,0.01413889928358336,0.0078001919763453515
496776266,2.9278651012524387E-4,0.004436177409428642,0.010283893275467486,1.0E-6
221252982,1.0E-6,0.007145000076809887,0.00896917056196908,8.658282013255068E-4
9370272,1.0E-6,0.004504709171563827,0.0066328237480145725,0.047987514934073265
721435072,0.0031544617839052015,0.01505448584759158,0.004249678369026515,1.0E-6
789852986,1.0E-6,0.0027505610629030455,0.012105690885508108,0.0018234469509063145
1543999939,1.0E-6,0.014903526080571487,0.004136467057759903,0.0023144102347922766
553038838,0.028567901081159072,0.012863892300219908,0.009712432396240105,1.0E-6
232007553,0.01732228293214943,1.0E-6,0.009474160593301232,0.036309515679247666
1499377514,0.004617027290429303,0.0037079156484690875,0.013295954957184313,1.0E-6
280453972,0.03615253496381732,1.0E-6,0.006076472081853643,0.0618009954764413
2101001175,0.02310354829019247,0.009771382457377539,0.004415146825208638,1.0E-6
1106052273,0.03493475677966713,0.0084040658314499,0.009206773634299002,1.0E-6
1555268,0.11959794744139203,0.0037701024069291935,0.006265592138049592,1.0E-6
185147318,9.166115978878028E-4,0.011158796665437001,0.00783681383693422,1.0E-6
473769076,0.055332252107349905,1.0E-6,0.0033433424762529785,0.0059644734478405395
17504456,0.05031747149658013,1.0E-6,0.012566933402139784,0.01043265990759548
35901338,0.022750037235403333,1.0E-6,0.007606403442012596,0.06492013718055317
499091330,0.08909857434675246,1.0E-6,0.00854603159391946,0.009033608221860714
489094581,0.07732496706992083,1.0E-6,0.0071837489104776275,0.013920438733045225
430746774,0.13427039467335355,0.0029858780904096476,0.003734053289398466,1.0E-6
698241691,1.0E-6,0.009038262974427318,0.005941382721465268,0.013514885812977277
2047152,1.0E-6,0.006013794361027771,0.004746772029829109,0.053054516151958726
484426217,0.08616926874103868,1.0E-6,0.010991706503265917,0.013637161441516147
1649551881,1.0E-6,0.009336086514806,0.0047172750171050005,0.15076505221798905
1144469368,1.0E-6,0.004427541551263186,0.007282573618783566,0.04382243931960719
1326277,0.014969214574450572,1.0E-6,0.008501667465302544,0.06472808790465955
959837397,1.0E-6,0.0048263698697059735,0.005030578077359025,0.09978040469087691
3125808665,1.0E-6,0.003311203730085793,0.013745685437076403,0.025799309416768192
392938880,1.0E-6,0.00346721500240415,0.013412962054023755,0.034903413530207233
38275398,1.0E-6,0.007700032432313426,0.005003811809887856,0.06278464948501257
246114379,0.01320219211531175,0.01180025799932331,0.007004827634543643,1.0E-6
1904819173,0.0017728844344728821,0.003128470377895106,0.015058832693002793,1.0E-6
498198797,0.008728980359946691,1.0E-6,0.015013555032642689,0.004460766611230626
1218141950,0.05673773485351493,0.017419041348946618,0.005835962496591607,1.0E-6
1271676860,0.12805362381475216,1.0E-6,0.004052132849137223,0.041870189631305545
1676453981,8.414082705403739E-4,0.023314571529294906,0.0036734416774890726,1.0E-6
425079374,0.05467421998846212,0.004053675078239458,0.015912450652758627,1.0E-6
1516785452,0.038016086494605,0.002698999747845354,0.009474436155350355,1.0E-6
289565787,0.023342620867096618,1.0E-6,0.015304285072743055,0.004236370858376295
1045930117,0.0973209214917721,1.0E-6,0.012165351421903727,0.0233552729137712
1480533045,0.0011953337425355782,0.014673223990960658,0.0040116367429754865,1.0E-6
1000424281,0.06983242804089553,1.0E-6,0.010563394559060389,0.05957047422226331
243496184,0.043627397759625146,1.0E-6,0.007914807358423292,0.036550824206285505
1364311150,0.004368443719707968,0.01752618968487942,0.004849957359351023,1.0E-6
2968323592,0.0064280081070026,0.008606822393925954,0.008705089426786638,1.0E-6
24513535,0.016627512054120174,1.0E-6,0.003929044823915134,0.22104270026029263
717886418,0.011316402324166055,0.0045893276173119965,0.010963981023576277,1.0E-6
853689,0.01966510321068931,1.0E-6,0.014279800976787828,0.038271533240969734
1490431958,0.03312794097860091,1.0E-6,0.0038917117842433274,0.04576728425634332
1169719950,0.008753248582790488,0.006400408464854116,0.012565603466437925,1.0E-6
261196906,0.05827660656494161,1.0E-6,0.0051143115136264685,0.051449471529935537
4331446,1.0E-6,0.008204719717999577,0.006834356115626489,0.1724753043705962
8938946,1.0E-6,0.005214556916971144,0.004624951229804853,0.13490833910971992
45925025,0.14595230279981244,1.0E-6,0.006810632375039423,0.26297349114435
1491416138,1.0E-6,0.005899220970025393,0.00857791426328434,0.06903119227246612
1401016,1.0E-6,0.004110860210814416,0.015806209385036532,0.023988792590967783
2025788866,0.04428347838969855,0.014087043195020141,0.00681093804186701,1.0E-6
1654614889,1.0E-6,0.013662084554205702,0.004309328800286476,0.0941657318772381
229136978,1.0E-6,0.004165574769892056,0.015411281803111488,0.012669317881071939
1424109226,1.0E-6,0.0051962575117455185,0.005769594697563685,0.12918963120920054
1215887186,0.0027991459518089136,0.025341637414663012,0.0058641017274033815,1.0E-6
276680597,0.0047476813601892275,1.0E-6,0.010491416634729507,0.039329498058242526
449299746,1.0E-6,0.013894871226917745,0.008754171567039564,0.0029113965136438025
818729,0.005883273972223293,0.0187218493747964,0.007613076822995774,1.0E-6
2186924131,0.03344249909511923,0.001635604166085036,1.0E-6,0.2223268013117881
670609188,1.0E-6,0.008745170594717553,0.004675308422805561,0.018586715859248964
752373297,0.011050604351189623,0.018980445576751916,1.0E-6,0.032923285956773254
177821977,1.0E-6,0.008434125450677638,0.012967918306277575,0.006006401715359908
419425480,1.0E-6,0.014554792800202785,0.004083571138651967,0.017066596691559265
2280568248,1.0E-6,0.006642446836653306,0.010114581504988522,0.009138030621480034
91415,1.0E-6,0.008210595914557422,0.0043562310145152765,0.2183195333968541
1751791049,0.0018595753740753005,1.0E-6,0.015483168319498402,0.007827900159990292
1567628479,0.06650090226919958,1.0E-6,0.011950872874702746,0.0012947821388143283
79286,1.0E-6,0.020487376185362748,0.008331395426129378,0.0012133740909293826
637389737,0.050441709707860674,0.022015017702270934,0.007714634849268818,1.0E-6
1139660770,1.0E-6,0.018138020015756446,0.0036157770358712996,0.00202214964125369
1175334097,0.005567996471277019,0.007130659062868265,0.013388918987042938,1.0E-6
45207098,0.12282889168200281,1.0E-6,0.009983187286351787,0.14727766983266313
2809647,1.0E-6,0.02419734949391273,0.006851714234871715,0.0014422676427484154
1636331635,1.0E-6,0.007342226223024668,0.003720837223758077,0.09201797706540032
459180955,0.05779013798352972,1.0E-6,0.01356421341827904,0.01120626282501713
48067105,0.12017172323450798,0.007093646560436681,0.01076100050353164,1.0E-6
300562191,0.1510542804190534,1.0E-6,0.010207638914018088,0.02046492794327467
1435651265,0.10178789691981595,1.0E-6,0.009049000840023804,0.032584122354400384
2397254,1.0E-6,0.012755432312131084,0.00856499451937459,0.14917314831199155
1773556180,0.17767878582566313,1.0E-6,0.006022379509189121,0.020560284878096795
1435018358,0.20295010912254915,1.0E-6,0.01154063197735872,0.004527588534356887
1636712716,1.0E-6,4.819524874133144E-4,0.007952795557171956,0.043483232608263506
325307068,0.16624010364113617,0.009958781036877607,0.011917084834236135,1.0E-6
286776930,1.0E-6,0.006095076351469539,0.009895423081115427,0.20020892782980215
3357667,1.0E-6,0.004769752942749416,0.007417339958829262,0.16380587552268797
1524747123,0.11942002568557197,0.01593657948947463,1.0E-6,0.1789661232826859
5540769,0.10765727677828447,0.008343567197779943,0.01562721710416561,1.0E-6
1956431,0.1305528301149293,0.007185459140292375,0.010801692326797431,1.0E-6
2073559080,1.0E-6,0.012280859769769687,0.010228313064563382,0.010256372146775291
45816005,0.05116135899658349,0.031070102147701433,0.010081309989542025,1.0E-6
233899409,0.15473290223076175,1.0E-6,0.018210971492074225,0.003853308873417671
1691802,0.03773251100811617,0.005739081386796055,0.014875776135620153,1.0E-6
1288083675,1.0E-6,0.013072246225908291,0.005608293818507441,0.03631298985494198
1478180863,0.09116497264667323,1.0E-6,0.008715527958107096,0.2240195560987927
2942141729,0.009006837213309192,0.02544403202834735,1.0E-6,0.003022767476759273
1565173930,0.1203213164626581,0.013692201080152991,0.009618517697301026,1.0E-6
1355986145,1.0E-6,0.015901548505782077,0.007192647541826211,0.03771401572635909
387826753,0.14247149191527614,0.018822450011131885,0.008478542975210019,1.0E-6
445583504,0.005635536862034831,1.0E-6,0.018821663827247846,0.004438592522453209
973423826,0.2746860293915288,0.005111078380076817,0.010314970956416869,1.0E-6
1501575,1.0E-6,0.022460681178459823,0.007017438871282244,3.0291262529036415E-4
616930563,1.0E-6,0.006381944329652739,0.015368971009244642,0.10295245081326136
31314909,0.03522280718789543,0.01905746388722587,0.009442991848556808,1.0E-6
2821360,1.0E-6,0.032097382311588186,0.00516542188821092,0.0040295424664204375
1304193556,0.08824306802604658,0.005419204549212615,0.01643327118703033,1.0E-6
2308975565,0.024478142933724644,1.0E-6,0.018231457859505428,0.003348966835115863
3999606,1.0E-6,0.010702961505186346,0.00598987251329239,0.04656550698153169
465923525,0.08640123794364508,1.0E-6,0.0073183433326034315,0.20840117622679896
1373831958,0.14479098536019142,0.01956183599899459,1.0E-6,0.149082233428209
1264037986,0.008622645689317334,1.0E-6,0.009843536949811363,0.07591058844954318
16467772,0.07282825757748584,1.0E-6,0.011383819421032776,0.20630782804424794
1414182837,0.04351477111705533,1.0E-6,0.005458600008201865,0.22925416076781485
440174189,0.16421881196647053,1.0E-6,0.00978626079240871,0.0568912653863091
3599657,0.028705944764689767,1.0E-6,0.015309098093757542,0.11554774590298499
1837920954,0.06851533217146619,1.0E-6,0.010260115006246188,0.15418735527777838
1300620796,0.31238085417719,0.003940415165214533,0.003876846770440015,1.0E-6
180442293,0.22391191742142083,0.005088377474586857,0.0034037552638988547,1.0E-6
1328039922,0.14879584430311027,1.0E-6,0.008804789862649811,0.11451074798104513
466158442,0.08708297617415592,1.0E-6,0.0037641140565979137,0.05417038873931048
367027130,0.08928200549076158,1.0E-6,0.013302636679010561,0.08852988987429733
327925714,0.26590848682132723,1.0E-6,0.0036819195855207635,0.0597335866227542
1985920060,6.792719870287443E-6,0.008970964018327343,0.005880374068800702,0.04935211518013831
1183567008,1.0E-6,0.00941453346663421,0.0077515802428837705,0.23857814530660362
1856150,1.0E-6,0.006508438461173281,0.00872212262064224,0.19284776600478387
1962233829,1.0E-6,0.013758241903375776,0.00909898614943509,0.11644991733978453
1516472907,1.0E-6,0.021180383976624015,0.0038554213317247483,0.09317806721929918
144499478,1.0E-6,0.010790186491744154,0.018992088103909423,0.0017513219913533383
1116592402,0.02545434805082112,0.019226760996141068,0.011115811512102803,1.0E-6
13436270,0.12076394817358445,1.0E-6,0.013872989860233236,0.010150054083120238
233923718,0.010978294279921693,0.02207959980540186,0.013596605389122081,1.0E-6
1412514814,0.035632552946859374,0.0356123552705773,0.005962595699285668,1.0E-6
38291410,1.0E-6,0.02054348939239432,0.006960124411660618,9.697927183892836E-4
2210447,0.007850435829151617,1.0E-6,0.015778231301785465,0.04664882442695237
1579010136,0.09731934899213783,1.0E-6,0.008309442864727679,0.14643760619010163
1209532996,0.0042633802477761076,0.02995553219838805,0.0076742570924716496,1.0E-6
1492725998,0.2109002355703776,1.0E-6,0.004997020473380084,0.03079540625171515
1918162045,0.028120532214705014,0.011932003923452792,0.006976089833166824,1.0E-6
223279297,0.08895232682816066,1.0E-6,0.014838121032536246,0.016651007821395256
816927414,0.11425176816246084,1.0E-6,0.005744420030018554,0.19374204409773169
1017038,0.06900186189608426,1.0E-6,0.016209923552380538,0.0196689227523788
673326824,0.2956123952231717,1.0E-6,0.005797000186849474,0.16531633255654385
755662980,0.08303456743915835,1.0E-6,0.018566357870938317,0.013368966511206884
185953913,1.0E-6,0.010030490115491933,0.010622620877759817,0.11083277536188026
410823480,0.36083840582456167,0.005507783979812832,0.005111599169524361,1.0E-6
416747483,1.0E-6,0.013549706007833348,0.005411315739450326,0.028874909497145117
1576395300,0.001621773452771205,0.04640858162463657,0.006716742709915604,1.0E-6
237178974,0.045677413792084336,1.0E-6,0.013245009783987188,0.041709958645854105
434113701,0.12263127535552613,1.0E-6,0.012283574379645872,0.09484225482388238
1553062,1.0E-6,0.020196513570920702,0.006645350325148719,0.20958936628564698
1691605549,1.0E-6,0.02478492793859067,0.004012959230450692,0.2021627656221711
1032744242,1.0E-6,0.010677117158299838,0.009257312374018252,0.21265616555119501
305293405,1.0E-6,0.016516974700228306,0.007307757936128159,0.24866996529692645
477795958,0.41572882900155766,0.005769538360631447,0.005811081678131618,1.0E-6
698951556,0.27477456554113333,0.006483021635236939,0.009765904058860915,1.0E-6
1296293073,1.0E-6,0.00928567022638744,0.007471135593791404,0.303363386704459
532940651,0.21597377353844388,0.013356841056194134,0.010872170841393603,1.0E-6
1409019759,1.0E-6,0.014763278412069284,0.006924755206099423,0.04881966252732238
288415648,1.0E-6,0.029436211299453223,0.012588677320682199,0.02356744082755864
2196844247,0.006400417172088716,1.0E-6,0.017518728170242498,0.09765244059300064
1083349321,0.017696461897778824,1.0E-6,0.021026074111987127,0.011523891278371045
1869324,1.0E-6,0.007199121842717766,0.008539819598914807,0.0768359457087772
10217226,0.001273042052503278,0.03365106872420117,0.008205465866512811,1.0E-6
1651870031,1.0E-6,0.040460601690760295,0.006076150094179725,0.01565968526940806
587003481,1.0E-6,0.010813609894369901,0.009373333245420754,0.18458427017680223
1568310191,1.0E-6,0.009507926823453687,0.011002592378385105,0.08734552867320605
1706203427,1.0E-6,0.0036236240925827984,0.006333865608159786,0.08721174696005192
14869619,0.09448062688755365,1.0E-6,0.016390801032103802,0.19239969530796988
317988743,0.058317140048249304,1.0E-6,0.01807190212919847,0.03921575951473731
798491561,0.07358606577259341,0.026421023082849365,0.007284115785600203,1.0E-6
1833036267,0.09753585025422734,0.04594092668010648,1.0E-6,0.021491659623177443
1734853732,0.09664854643226126,1.0E-6,0.007501643474450846,0.13522146245223013
217639909,1.0E-6,0.015107252453704208,0.011525549647713598,0.03402583874685774
20049903,0.0454726971321231,0.02450715684397212,0.012028773481635193,1.0E-6
31283052,0.1825234201737853,1.0E-6,0.007422957434436795,0.1979230310522523
198442710,0.009285630789669506,1.0E-6,0.0070463386324409625,0.29185024764815526
326759817,0.06043972746926799,1.0E-6,0.009425252950012787,0.14905681515586924
632452757,0.031126717648160086,1.0E-6,0.01695473063660282,0.03421566478405389
44605115,0.04843461699403062,0.04225514566527602,0.00555899573468423,1.0E-6
8429742,0.004134880295411972,0.010195345336990826,0.019083618202421288,1.0E-6
54793988,1.0E-6,0.010112216809672489,0.006437899702421004,0.300810960141707
3429244,1.0E-6,0.025658060717455782,0.005959951077946922,0.2508355858103696
1481096959,1.0E-6,0.010417418623007515,0.006908420649622443,0.2117129193546667
2641062,1.0E-6,0.019508533320295573,0.00578270757391662,0.22554714863672984
1770922172,1.0E-6,0.008671042833680493,0.005361031871562217,0.24424694463425198
536175077,1.0E-6,0.04296897388640537,0.004117634774396725,0.0312075802520224
363140498,1.0E-6,0.014029095342117034,0.012140741006972038,0.21481855805828703
203244119,0.3583768390271541,1.0E-6,0.009707765399267284,0.004517867020743117
421383221,0.005866897391546483,1.0E-6,0.018930043279281446,0.02378540938323725
13763185,1.0E-6,0.018275022061137892,0.01571958801142004,0.023584496078168888
457199627,0.036808295868722536,1.0E-6,0.0044885254468621525,0.4482644093715502
1955404609,1.0E-6,0.0359080846238048,0.00626385419572529,0.0010655397945073192
399747591,0.025400989212660603,1.0E-6,0.020355948602764636,0.02103848449660057
258055186,0.016385684269782395,1.0E-6,0.017291645747339258,0.10263969282905615
554792230,0.006512889832618274,0.02853211149548634,1.0E-6,0.031550476409103446
1443314383,0.27621364137109644,1.0E-6,0.007633169792736911,0.019178536119808784
530897843,1.0E-6,0.02966701812793026,0.009096000015440423,0.0024971163797935644
23788064,0.017929069358373996,1.0E-6,0.018955172816673613,0.02961800370173002
234122468,0.41533565052499705,1.0E-6,0.004292534772590806,0.023250001223397918
32329455,1.0E-6,0.006460625104138965,0.016682749071121543,0.27633838714639913
1482864011,0.05233823144720822,1.0E-6,0.02011535292184608,0.12355089229613493
1573031,0.09288027062349027,1.0E-6,0.015537356362697654,0.23689312487748532
308479058,1.0E-6,0.008115241361486534,0.007373009706000254,0.3448741142064307
228131766,0.15029210597952194,1.0E-6,0.013822143714295495,0.1253257313727746
188294184,0.10809732238685106,0.017773199730893443,0.016090619709154468,1.0E-6
242298165,0.03777972804621955,1.0E-6,0.015613128086400654,0.23446752561132508
399496791,1.0E-6,0.027080150882517483,0.004197167852941506,0.0359880634219357
189380759,1.0E-6,0.012030288532414614,0.004192541583197197,0.3842593553019316
2049694412,0.032715415785846295,0.026494271671055256,0.007082344138997343,1.0E-6
1495967240,1.0E-6,0.022601606742877898,0.014918297865227867,0.16464664501115628
1016338314,0.12236199283197398,1.0E-6,0.013230772462854605,0.08969668752556621
976955592,1.0E-6,0.040388743871153696,4.6583626409972187E-4,0.0037482436659728663
46879111,1.0E-6,0.014275833812999213,0.01909431572440013,0.008265720825192953
785790431,0.4138236918140904,1.0E-6,0.0037111834052659326,0.04679005401921547
602639885,0.05084469121661644,1.0E-6,0.007929318749690913,0.508736558040114
409147008,0.3232625168019024,1.0E-6,0.00343925093309881,0.005165468720253769
325951115,0.11702669454340614,1.0E-6,0.01014614583863756,0.3158954203246441
1171396364,0.0365458021828407,1.0E-6,0.007691800860174843,0.35282249598124693
274978867,1.0E-6,0.013340114259298501,0.021689864972494113,0.011998760806156443
1691535053,1.0E-6,0.0033359539438323213,0.008632890826089845,0.06066496839129491
1302497498,0.0596289946326455,1.0E-6,0.022417479078362633,0.01048714951097062
416576311,0.09545032010839122,0.007633042906803987,0.00883883793795084,1.0E-6
1082428988,1.0E-6,0.034223362839979295,0.00419462629420276,0.1232514704906285
311231643,0.007677169043948723,0.05394951753646466,0.008828373100701807,1.0E-6
24693259,1.0E-6,0.010452830037290436,0.018598280724593866,0.010352878894788465
1454352926,1.0E-6,0.019868558807707163,0.0063481264638014165,0.21652139297680378
1605254150,0.14598698602454166,0.012978720999765561,1.0E-6,0.43242310117019106
422169964,1.0E-6,0.025305308172927417,0.00894360621722261,0.0468191075504592
35168079,0.12650343283250498,0.05463046865313474,0.00456357835459311,1.0E-6
193880636,1.0E-6,0.014917609213283372,0.014863918419550053,0.24533898759041908
600642819,1.0E-6,0.009886082727117789,0.006871001475705124,0.4122105214667376
208471870,0.22180360073240205,0.011697505442395477,0.010798591143775824,1.0E-6
1753558959,0.24004764116370755,1.0E-6,0.011412033945215557,0.021937449871481975
470262620,0.3407895585707042,1.0E-6,0.01092309173859978,0.015278010830074313
1555906765,0.013730050586144309,1.0E-6,0.004202381939606297,0.15349618115020863
1507156742,0.005974444489098319,1.0E-6,0.0076641530683314975,0.4260677694546433
1484325420,0.18513193069151979,0.025639970046307484,0.011381326931194726,1.0E-6
557687018,1.0E-6,0.031465762779879294,0.006631865618038732,0.044396883955721486
557637002,0.3415561721377257,1.0E-6,0.005241528450197221,0.025606645009234603
1679620202,0.004350834907938665,1.0E-6,0.024827551350964795,0.01063701445171002
360644987,1.0E-6,0.04955566129392975,0.00591626605648357,0.00793261955970973
3081667,0.04705651553620509,1.0E-6,0.010447531512565588,0.21632197831931274
14226171,1.0E-6,0.01261575835164056,0.020643120121898815,0.23719040600631033
320887137,0.36430152761207946,0.01326445779567559,0.003949792327377486,1.0E-6
1520545325,0.015298853901481248,0.04996358738316114,0.006292540043901424,1.0E-6
787034200,0.07369995071656138,1.0E-6,0.017635961852800863,0.13818605934870812
6878507,0.03258987815004559,1.0E-6,0.012985330057150265,0.14088663673133003
200486085,1.0E-6,0.03651062705705692,0.007254253225464237,0.04517468171577761
975715980,0.2047014260467243,1.0E-6,0.015898550666643262,0.007241250352742841
1086907885,1.0E-6,0.02644881170427136,0.0045808164919000065,0.08233715784326057
1326449464,1.0E-6,0.021912079350302698,0.008339702985629692,0.29245806286826553
855086,1.0E-6,0.011485020599082156,0.01213212790749678,0.31772567001498625
600462354,1.0E-6,0.025131803199007506,0.010302026294124996,0.20444537489123285
1515586953,1.0E-6,0.04485077348941558,0.006700616804889903,0.05068816241835078
1818706836,0.12853117503585823,0.05756648454449788,0.005251953627671368,1.0E-6
4584966,1.0E-6,0.017288581659194908,0.004006257288524098,0.6055474433860707
565062187,1.0E-6,0.07117371421999265,0.004169387774033278,0.018211376676721847
796936457,1.0E-6,0.01777471030444427,0.020266576282455418,0.011264831582090922
362626626,1.0E-6,0.03098303833310586,0.0070708209971985445,0.07595409585450907
1522027594,1.0E-6,0.011799319609542282,0.02322060166856923,0.05759960693338317
224608307,0.001045261742509663,0.017900182000506838,0.025614156899146413,1.0E-6
1659033973,1.0E-6,0.052329377925240866,0.004971214289602196,0.01155095198716967
607866507,1.0E-6,0.04259924055337269,0.003767198555367397,0.04246340057284084
1914530079,1.0E-6,0.03022842534973131,0.006098160394977522,0.30813483622628424
1465362960,0.024608788252906837,1.0E-6,0.01843549056189468,0.046472283666577234
1532131743,0.0835240155660903,1.0E-6,0.018911093726766373,0.17433856956549806
4567477,0.3689576399227471,0.02299543328962724,0.007932207734969988,1.0E-6
28893179,1.0E-6,0.018363224797922368,0.006409503836509762,0.5910819107690835
504504226,0.006763063429752424,0.09243812559602398,1.0E-6,0.01902000379209488
44111646,0.17955965929042328,0.04948743358046834,0.008061583313701702,1.0E-6
1320835879,1.0E-6,0.055140018413116325,0.003656784479929758,0.10339509029061857
1178430872,0.016105068030817137,1.0E-6,0.005589441859244008,0.6594890196772137
266954200,1.0E-6,0.0631175234524033,0.0033536947548693345,0.11512354264377828
245980254,0.009102646893928286,0.06769034608921537,0.006994892865850303,1.0E-6
1228619,1.0E-6,0.028541346725996612,0.00925000531011946,0.056068653266024955
902199,1.0E-6,0.027451472255630452,0.022315171794181916,0.008507854295754708
5497777,1.0E-6,0.05627796891853925,0.010040083547750753,0.09376627241071031
1398219140,0.09864527426440385,1.0E-6,0.017119085400651914,0.02834641543992775
7326258,0.03191668061431269,1.0E-6,0.023992835656055995,0.017598539352260155
1389152936,0.038435192090906525,1.0E-6,0.025477043573262557,0.01966463437701171
12294825,0.040787646236056276,1.0E-6,0.0119005611656885,0.07695133068709652
37418852,0.01879462338411188,0.08984427363885011,1.0E-6,0.2880082673579036
202233073,0.1436608552598431,1.0E-6,0.02191233917713733,0.06148278365983175
4277286,0.026016049055756475,1.0E-6,0.024763436083886786,0.0022786848401129462
513777862,1.0E-6,0.07187655447350495,0.005522946161632275,0.032796354305735444
6339155,0.04910317558758551,1.0E-6,0.01338642211035741,0.4583349563394433
598953104,0.031949415051245475,1.0E-6,0.013804171591491408,0.08333852368923239
1036313865,0.06654629039777021,0.07192397782381942,1.0E-6,0.06658043246087596
292541916,0.03925544092810847,1.0E-6,0.02157167438316797,0.05746869029926258
549914473,1.0E-6,0.05214660922720886,0.005824509149020314,2.784698496635086E-4
1507355199,8.969527673485036E-6,0.02228632531525487,0.007528292168198657,0.11897667742362936
28249774,1.0E-6,0.03362840429500044,0.009313277672976149,0.3597214888831187
25969892,1.0E-6,0.0430526042005844,0.009418933847836243,0.09622517367367243
1153093183,0.4229448816784741,0.010385528049625241,0.005497224013294713,1.0E-6
1649486146,1.0E-6,0.020018530832996012,0.004732552108660232,0.32373631878324516
422202887,1.0E-6,0.04999416519968922,0.010213044688758484,0.08923478236599025
527605791,0.010205255536588268,1.0E-6,0.029575772459490467,0.0037387129209197905
1757730544,0.10765091181222847,1.0E-6,0.017212983611972325,0.01778421892442503
278969024,1.0E-6,0.0012918573359237916,0.010789159550449068,0.3601854522118389
56061555,1.0E-6,0.06202586634681464,0.026711876789587797,0.022276458481466515
3925743,0.0356785788621382,1.0E-6,0.030500032614171467,0.03640859255614022
239723074,0.06447350340223566,1.0E-6,0.01671549181512023,0.2265534943933285
267960956,1.0E-6,0.04372708814572649,0.005321612766903483,0.05900058940441412
661565659,1.0E-6,0.0643584833609455,0.00634930654726092,0.062493383088900505
431007701,0.4584505851585394,0.011058233641355303,0.00820466675700222,1.0E-6
262061359,1.0E-6,0.08680158226116122,0.008493040591683083,0.023283911941080055
1674727,0.24271178189536838,1.0E-6,0.006455557858983834,0.002227664963934462
562986421,1.0E-6,0.06192053187770687,0.007292334394989179,0.23247723132901543
307212206,1.0E-6,0.027329728421950344,0.0181969600298977,0.18426124491997609
329032009,1.0E-6,0.0850919573099984,0.005664042541307919,0.0015839672783471844
1499366709,1.0E-6,0.054375508701554616,0.003580411452181746,0.10365673075567326
1277491366,1.0E-6,0.05269526195624835,0.006549153297887558,0.06110448811171239
315377927,0.11864383527503121,1.0E-6,0.010746727232826233,0.04817879172041401
1400344254,0.04020660081853037,0.06815273267121735,0.0051856423329205,1.0E-6
395692372,1.0E-6,0.061944511367432634,0.008447700525734665,0.02626418014367833
7251090,0.018163671977516126,1.0E-6,0.015258744932362128,0.11936628996205627
602163313,1.0E-6,0.06352294927176065,0.010382192979285046,0.005548946655699834
976675492,1.0E-6,0.07145053512683819,0.003537778730343187,0.04888537752727744
528372598,1.0E-6,0.05809335565522595,0.008929152620920406,0.05569036566667273
1776159778,0.12382551146083277,0.03864279743200221,1.0E-6,0.11926136250195941
2138705146,1.0E-6,0.052791820498345986,0.0033888867359524724,0.053979273350711794
1467334728,1.0E-6,0.06961242896953485,0.007634015028542793,0.05839346670117416
905890985,1.0E-6,0.04882040245213502,0.006390373974870074,0.067738734523857
1490671767,1.0E-6,0.04158681997828756,0.006279358968304843,0.2987289276381801
517406675,1.0E-6,0.07364507517670946,0.008750527701572409,0.1363227683266591
262385842,1.0E-6,0.08247618330737173,0.006731107439029839,0.19608268042971813
1627581574,1.0E-6,0.03742550402320666,0.006199585919761932,0.35639660511072985
1293482,1.0E-6,0.09025970427395795,0.005970697992275127,0.001037342466242121
21142246,1.0E-6,0.06116390070654828,0.009256970079161417,7.938248201788192E-4
1175253,0.06875384033028328,1.0E-6,0.0268928956748609,0.03686283529411142
29574323,1.0E-6,0.03930334193204274,0.0088743583338002,0.054997948985679675
1677872605,1.0E-6,0.020642824079941495,0.025970386614917004,0.23061483882732292
315420407,0.032219183967689975,0.07571683674980201,0.007361620491821713,1.0E-6
367792890,1.0E-6,0.03427336789863696,0.00470233037841146,0.2808412584799133
18382607,1.0E-6,0.04353433511967799,0.01648301582820727,0.2169248619218241
252220691,1.0E-6,0.06585645384872688,0.026738099857669995,0.025810364652296962
1720320675,1.0E-6,0.09052657693290565,0.003534411488927259,0.014699131071444289
596888605,0.6334202929793366,1.0E-6,0.004437065052429067,0.05244770699728422
356916851,1.0E-6,0.09021640954761952,0.004692659588872578,0.06189380104650742
3398876,0.003494031832103793,0.07599399343493006,0.02255165193900171,1.0E-6
13889052,1.0E-6,0.08178763392930477,0.0044718947278396355,0.1622754182289568
1522963042,0.0023221481115715033,0.07637211289082252,0.0055329604711336616,1.0E-6
536515954,1.0E-6,0.02653520645293943,0.020161857956701598,0.0370615678200483
1239547647,1.0E-6,0.03325853330984997,0.006712564907998819,0.13936615209305872
660530792,0.2666374646163318,1.0E-6,0.009428972938265206,0.18813851164052786
13114092,1.0E-6,0.09579213589589756,0.005126284101818006,0.03270961693823429
227342221,0.03950235815027149,1.0E-6,0.02440621713081126,0.046718231726038256
490407155,0.02374659167236627,0.044763947995857534,0.01321776311185912,1.0E-6
1964604447,1.0E-6,0.08925198793925575,0.003920238449853335,0.006101600444136366
145795748,0.004191758500925307,1.0E-6,0.018892225044175044,0.11537515414549
216469060,0.3156426222970131,1.0E-6,0.015996328345778573,0.06561764595791804
1293951323,0.09590689050799416,1.0E-6,0.007981298045904457,0.18782449184504935
234623250,0.18342118828130333,1.0E-6,0.019090110292867914,0.31546971632330206
558684145,0.295060516448423,1.0E-6,0.00986671217272841,0.22180413028252646
4623497,0.03425695703741657,0.0431219178460737,0.012174703789112054,1.0E-6
249061491,0.021790324019719847,1.0E-6,0.015429973737358995,0.3490090945278047
1702552003,0.01574527808182915,1.0E-6,0.010756376843983308,0.1890457932324626
47525,1.0E-6,0.04129066213569924,0.010716792937081759,0.29592669815129186
53960967,1.0E-6,0.043646822394974125,0.007833832110622807,0.2782334375866452
183636049,1.0E-6,0.06447450916698005,0.0074471652889893086,0.2351904978469342
1543676122,1.0E-6,0.08126925670571074,0.009448854753936945,0.1908670590288377
196778200,1.0E-6,0.04481985770027037,0.017011582361891025,0.19202420031777126
400235601,1.0E-6,0.06274075549635678,0.01782654720952818,0.1416086099930254
263832221,2.651194476040504E-5,0.020186720723356134,0.01869299661350016,0.10497958084655122
883349757,1.0E-6,0.033235290899219984,0.0034681443650336164,0.20055084889034117
1265783821,0.006285804912951197,1.0E-6,0.011297539692982687,0.3043298328739006
449067455,0.010675952404153179,0.10875780292007435,0.0086163789321649,1.0E-6
31836700,1.0E-6,0.10454610947423476,0.0067319453361688476,0.009489438796032713
207765407,0.02008014518589057,1.0E-6,0.007464948594345223,0.49099251665883376
646795831,0.021222442265357803,0.08145284765509798,0.021653672166588544,1.0E-6
1227476,1.0E-6,0.08645824993003923,0.006097262969530906,0.01409291679032498
466438858,0.030881832259613648,1.0E-6,0.032177377097237676,0.025236658980786943
303310424,1.0E-6,0.08608720719448595,0.003969342988853793,0.016044423530886816
745141012,0.1583540240820214,1.0E-6,0.016278694243012252,0.19495877658538507
459486971,0.09972612378328714,0.11365510117868345,1.0E-6,0.03183261487770625
1244851794,1.0E-6,0.06223818526434276,0.01320413966410526,0.0012563682080516103
930783860,1.0E-6,0.041286879794494795,0.008522489376666454,0.07843371972851913
726342021,0.05389973917094585,1.0E-6,0.018550586441381054,0.27574418916022775
295032399,1.0E-6,0.1041106663834048,0.009040378743002524,0.141287501864874
54194045,1.0E-6,0.13621093996081882,0.006618273725079031,0.03270031921592457
349509147,1.0E-6,0.08851165692702302,0.01110782784894388,0.16493713926935405
28946283,0.4285836216938396,0.02877505297155985,0.0070236645861271345,1.0E-6
8615719,0.3012808192947059,0.020216611307828977,0.021364503557447855,1.0E-6
489759486,0.3351529219380475,0.06068875203559316,0.019776302669382316,1.0E-6
213089330,0.05710849600678902,0.0025478373551771306,0.0371134474618757,1.0E-6
316964053,1.0E-6,0.07917544561128796,0.014046537300535148,0.027838049137796965
1027212419,1.0E-6,0.10703031657196357,0.00410337590159427,0.030770979865530814
2316813039,1.0E-6,0.0893985846631839,0.008372226249566102,0.009230349650281522
205179636,0.27951763848061195,1.0E-6,0.012334653032466057,0.159146707270366
179649326,1.0E-6,0.038661251996860276,0.01785848858745199,0.03260964480217589
467702658,0.03296929597557633,1.0E-6,0.03185589771091642,0.040105993985373775
1172289835,0.0023520023750040462,1.0E-6,0.03162307201370128,0.031484247713743745
1030664219,0.13061078142205712,1.0E-6,0.02653779950944601,0.09107800653640569
468098413,0.024248283239539297,1.0E-6,0.029754698031105333,0.06524700512088741
1466683017,1.0E-6,0.09812570538431427,0.010299218791917902,0.019582630807775413
1380723642,1.0E-6,0.10726088872601207,0.005846201457503215,0.03914292427407663
22628170,1.0E-6,0.12061956549819587,0.006727975096676133,0.018108734609145142
1435070648,1.0E-6,0.09833519171361485,0.006052639449170886,0.06281126071143765
357757604,1.0E-6,0.0888838546330832,0.01593486077700546,0.01295366631253841
749668537,0.0040980163494476534,1.0E-6,0.03551002194814949,0.03821591205440024
905938824,0.06637653310732285,1.0E-6,0.027504842506407143,0.12592907755640395
1473393,0.22422338264896288,1.0E-6,0.02316477454268101,0.2047739159326573
1460711082,0.022356945476293126,0.09489647798965543,1.0E-6,0.08816591519981265
238380518,0.25175467562913584,0.0797200402805965,0.008742464034504993,1.0E-6
11743588,2.9301225363740415E-4,0.07584720082972182,0.006310388133207758,1.0E-6
276603658,0.24295826097849316,1.0E-6,0.01817041756938729,0.19270580401267315
1557895756,0.589366983801191,0.06234754406914912,0.0055178653384991404,1.0E-6
202670502,1.0E-6,0.10783295918998505,0.0079356356834378,0.19930207020393836
198854466,1.0E-6,0.11410864512017303,0.00802520732256581,0.07653360056615252
1929380441,1.0E-6,0.12906166042968048,0.0035513399978976666,0.07027806984866444
572377614,0.006159497900625593,0.11670762721239006,0.003369846576287826,1.0E-6
1359231784,0.05914584305508843,0.08318416328216535,0.015173452399972929,1.0E-6
495379863,1.0E-6,0.12468515106234382,0.008926504247855502,0.021741454276588086
40366309,0.009773364759245442,0.11953402766932139,0.010391347579917321,1.0E-6
8907823,1.0E-6,0.13801238024951332,0.009016491444175503,0.016099483643992663
564835471,0.030999979565434894,1.0E-6,0.03451210210843729,0.08346979892812306
1988504894,1.0E-6,0.0014430956546159367,0.03735348885643782,0.0480215145651819
643911676,0.025447405947758274,0.131053028774384,1.0E-6,0.022047726615253577
425194107,1.0E-6,0.12275353137287627,0.010872871508101126,0.0525672775054809
253454704,1.0E-6,0.1522331152246479,0.003815944066327684,0.0454675302246755
963680216,1.0E-6,0.10963592674829015,0.00527896037025007,0.1398874650668678
526751220,0.06576786191582466,0.10631069207115308,0.01733958087209251,1.0E-6
362614946,1.0E-6,0.06076922591018272,0.009360730573064555,0.1792810068566263
605276364,1.0E-6,0.11347449729797958,0.021639874401443937,0.007951610904862651
1523737196,0.00638056765359867,0.14256901389485926,0.0057417889484411245,1.0E-6
1499566990,0.0318794884862137,1.0E-6,0.0309322366854574,0.047212671235586895
201037829,1.0E-6,0.10287744371165318,0.004753446682194518,8.6910617772519E-4
256497809,1.0E-6,0.041006150603204485,0.017984996901926495,0.0868578918342324
6091652,1.0E-6,0.04659120944378779,0.007312698262755011,0.4290731441982187
216662596,0.3174502726675065,1.0E-6,0.021501185568781847,0.18238963258026342
211895754,1.0E-6,0.03559680980492925,0.012678685354791235,0.24654034673069095
218139189,1.0E-6,0.16415118573993231,0.004313749345767372,0.02554006767245947
2077774514,1.0E-6,0.11926979844454748,0.01987506915202638,0.06394684639112705
55995087,1.0E-6,0.13798162591199323,0.006364938955500708,0.014354325304249991
222066767,1.0E-6,0.11572410105790112,0.005035944821199354,0.23156304339444184
267621951,1.0E-6,0.1241631031756991,0.006745329990256212,0.0674516105298326
177795215,0.3707531482125795,1.0E-6,0.023155374489092165,0.0841502978003421
4562165,1.0E-6,0.1365252179359845,0.011475163218787773,0.018038447495217786
332326823,0.010199766926183424,0.17577614600616898,1.0E-6,0.039736511197441315
1512211528,0.008747564617090763,0.15696055560128006,0.00551392851475846,1.0E-6
228667981,1.0E-6,0.16297342591713343,0.00403803926482141,0.03746311534890917
271239922,3.1796523838201384E-5,0.07034055997171762,0.009719966958117967,0.10424912310075486
1501539660,0.18419503487447114,0.062683555510751,0.03401206583199636,1.0E-6
1513088920,1.0E-6,0.09504895413138213,0.008352286586200844,0.08075003523296644
1360848222,0.0477731622251441,0.1270925352773339,0.01314856714774934,1.0E-6
1538102375,1.0E-6,0.0793096676277351,0.010529326600467995,0.06186648139798085
864453698,1.0E-6,0.15489577686354192,0.004865476352204012,0.005810071291571689
1178456903,0.015611955027440061,1.0E-6,0.035133645219557606,0.2412682703804898
199158775,1.0E-6,0.18114073323699414,0.0058679966438052004,0.04941968073346095
870166,1.0E-6,0.1379578824081413,0.00851541579626025,0.15840019140904354
741575740,1.0E-6,0.17242612132602864,0.02203487480663841,0.02064807394288175
2869768,1.0E-6,0.17428072332237238,0.005188151789940078,0.12149023833070531
864009,1.0E-6,0.13275220093628928,0.01935942612860106,0.024196184480152573
1320005854,1.0E-6,0.16545913187544345,0.007021275577770113,0.024575260083649873
240383262,0.025463458433884912,1.0E-6,0.02020538692933711,0.5336920475891345
20362787,1.0E-6,0.1803028168349086,0.005442982608526656,0.009688430502682472
3384273,1.0E-6,0.23498338691341078,0.005702499656217103,0.2011749096812184
1297589,1.0E-6,0.13726680619707915,0.00972404306025359,0.08683325499526791
3868576,0.048447514169169065,0.1660999389175021,0.007299154855961346,1.0E-6
1505821325,1.0E-6,0.23002750026120816,0.007720638738649549,0.10150027575066714
869170233,1.0E-6,0.11182508411099384,0.008499379089212595,0.437540065231923
478494954,1.0E-6,0.14620269353320842,0.011456085923621299,0.1763181035289616
1056489708,1.0E-6,0.008283980893851762,0.03701743465744392,0.07380650965750522
2805685,0.004058336914254921,0.1579133169298914,0.013469563936428468,1.0E-6
457726539,0.01757351951750939,0.10298532683337108,0.022009220579022847,1.0E-6
10792760,1.0E-6,0.07797014529489434,0.01799926050004353,0.23166986302332412
237513364,0.124824106262091,1.0E-6,0.05639913146360339,0.0633095245502555
476132155,1.0E-6,0.03936041659100177,0.017427459149654056,0.12884131129522064
1430565170,1.0E-6,0.1916501342545247,0.008195604100036873,0.018834770194902973
1198017,1.0E-6,0.17258618994322944,0.009925073700239427,0.05509018372138235
247538574,0.008440704892198775,1.0E-6,0.04567591183408638,2.8547549726634533E-4
561748977,1.0E-6,0.2536708943372684,0.0072125536138425385,0.019951042457381475
25485637,0.0369886276316459,0.23833389915860234,0.03398014219289277,1.0E-6
507532621,1.0E-6,0.14011223330512246,0.02681097906198985,0.1432327783746516
188531337,0.19562574919849712,0.15785064812709967,0.02812812556814139,1.0E-6
538891745,1.0E-6,0.1067186588331629,0.030855748742327167,0.01549879283772079
309256667,0.016808291144635855,0.2883344176264653,0.03130479038401243,1.0E-6
1268586529,1.0E-6,0.04763450529281645,0.03236306839571866,0.06936246656904596
205697930,1.0E-6,0.10974361644510225,0.006723685619339017,0.07917379902274704
2493785,0.07249741444251015,1.0E-6,0.034446027095244025,0.5284282618970376
1637893417,0.030302098337226822,1.0E-6,0.05535333510128498,0.02900777706814276
1225970901,1.0E-6,0.32255187063509244,0.0055446984799322144,0.16230619432906382
42374887,1.0E-6,0.26502481319594945,0.020520235567490556,0.31649037031202176
1217669213,1.0E-6,0.23115474967839186,0.010987612272317428,0.12085790733141434
249463098,1.0E-6,0.24205516868906837,0.022783381702335126,0.08557047719277074
186892618,1.0E-6,0.26664260796848,0.03016791412231852,0.011649889662836843
3014331,0.07990574378915768,0.07437810886467455,0.03175352264606659,1.0E-6
303982408,0.1388214030236664,0.11685852012375243,0.018516382779616144,1.0E-6
1325596464,1.0E-6,0.24019302375951387,0.013722416366468738,0.18979085060487058
1351903609,0.01752517642836333,1.0E-6,0.05117830177068844,0.265784526690121
48805145,1.0E-6,0.15416902185299736,0.057463434227499,0.008422008112666923
373615074,5.073099228951385E-5,0.06899523479847987,0.0335136598802052,1.0E-6
179192602,0.05801257164148098,1.0E-6,0.054704956242508075,0.09706412813675323
1585494956,1.0E-6,0.0036802611065403007,0.07315096260775579,0.006261195775814396
178448614,0.1342437185233061,0.13749051175302762,0.013279981635483796,1.0E-6
11936494,1.0E-6,0.1705745456960281,0.012648607361207704,0.18026301455612656
361863289,0.12089657969983972,1.0E-6,0.05612658584424939,0.036934051226571125
310091193,1.0E-6,0.3281354250529395,0.004884573222190104,0.03322944140931891
1198417,1.0E-6,0.2889814551542982,0.009698061317254977,0.12634514114960427
794087,1.0E-6,0.36547584447893006,0.006263142425214594,0.11931696079868417
530770006,1.0E-6,0.44377737782182985,0.01576090876659972,0.008788369113309604
530899937,0.13614064551818672,1.0E-6,0.0656761493939522,0.18157370561169714
353020539,1.0E-6,0.3084167324890168,0.008542681127247093,0.02772002867948842
1515197396,1.0E-6,0.31094295754617995,0.00822836355909085,0.008798166897236438
1217807468,1.0E-6,0.2187070922724277,0.041121520077296,0.03244194370195568
812059436,1.0E-6,0.3740639000742276,0.009812365567434238,0.012040861498713796
711882506,1.0E-6,0.2466527787356995,0.03226666655042396,0.0015472560010962868
233379621,1.0E-6,0.2195581557112076,0.01288100449704559,0.023402706356040106
642020385,1.0E-6,0.3887559490944644,0.028757695742440848,0.022370186417128318
21413848,1.0E-6,0.16657926672948412,0.014493674962458097,0.1705800143688361
1517665571,1.0E-6,0.3451135665534167,0.014071732670844517,0.09954654193445223
250649733,0.15371916176328712,0.4300364812483742,0.007463425528540272,1.0E-6
1513962184,1.0E-6,0.3052063026709861,0.018849539371821523,0.02696168384667987
1080490214,0.015969994995735173,0.43725442987904967,0.022893473267239204,1.0E-6
342135320,1.0E-6,0.36193311529317695,0.008775048131522016,0.004151532856387587
406131785,1.0E-6,0.3695340318989285,0.010378679924114514,0.011498616733644069
415340009,1.0E-6,0.008818551342120732,0.08353588796647092,0.03329509043283346
23640688,0.14967306644252654,1.0E-6,0.055822245252174434,0.38220696928756587
1557097025,0.09546247488431311,1.0E-6,0.07932741913846117,0.0612406989847164
300551308,1.0E-6,0.5113350430861273,0.0426320741667181,0.048239747443586584
1676477,0.05686377101039962,1.0E-6,0.0725729507949713,0.02795240135757882
185524037,1.0E-6,0.3004499385013862,0.018389117005712538,0.18258327776978203
197868268,1.0E-6,0.1747126523224345,0.009736678109257865,0.20417418524729586
637296152,1.0E-6,0.4331154039893962,0.009471761428550716,0.07975172440721064
1530338851,0.009158213126238072,0.4234744350120239,0.012000542944934236,1.0E-6
2382136,1.0E-6,0.39836229090408914,0.02862588306959241,0.018767778769017585
1068757954,1.0E-6,0.2976218517805309,0.01757039422200451,0.0015871180925176357
259362248,0.02515138632318177,0.12470691344246114,0.05317429375221025,1.0E-6
1968021964,1.0E-6,0.21247701875077096,0.02907357564150588,0.0027856625758980093
257610297,1.0E-6,0.35582368706676154,0.02874555686313155,0.21323720092610957
1347197698,1.0E-6,0.4308394020982692,0.04259344936430481,0.26923131476356077
9539073,1.0E-6,0.4052396476678658,0.04070069179269815,0.17840224291947884
1381400840,1.0E-6,0.3539703975938938,0.011745261539036865,0.2682948436536166
744313691,1.0E-6,0.48302791126335237,0.0104626474956547,0.02810747532101221
376424344,1.0E-6,0.09050534322963646,0.059229587055376745,0.1355440575949135
342018260,1.0E-6,0.21688365644992394,0.04281600027406967,0.004564867907404184
208265659,0.4875173662738107,1.0E-6,0.014887701781210025,0.280067113786716
845519,0.004259593440664609,0.47577067383528016,0.05145078732461263,1.0E-6
16262285,1.0E-6,0.302754922763517,0.020927705580737425,0.02869727943901826
1567992975,1.0E-6,0.43555598728598627,0.011244085448152604,0.09455591605266589
12906914,0.6814580857814183,0.22106258886154126,0.012363490852788967,1.0E-6
407092217,1.0E-6,0.3721220191363608,0.01537868780201373,0.016075578852261737
979633571,1.0E-6,0.36044055949374343,0.028833382373722564,0.125186871803192
523025192,1.0E-6,0.4744820884609082,0.020490682281487763,0.2520883971084542
752099318,1.0E-6,0.37185519340013434,0.006035529172571858,0.026312168298321427
322100534,0.013497509641297534,1.0E-6,0.07097774852393995,0.3931127662992223
1661597304,1.0E-6,0.40862544857465527,0.01504738750080999,0.02157457480909746
1721619967,0.2859423295698369,1.0E-6,0.037814668426403866,0.21906416212166813
1788508,0.21440839366269446,0.5003137963010048,0.028344070091025804,1.0E-6
33747063,0.05466385281465606,0.3678505376888303,0.016961227449934068,1.0E-6
208808122,1.0E-6,0.46169855435261126,0.016203730409262377,0.05609926627204001
26795042,0.08462816461668347,0.4453974669303782,0.012072450743311319,1.0E-6
192231307,1.0E-6,0.4693174971317525,0.013731430527672905,0.020640742296434686
535887615,1.0E-6,0.25974876482869863,0.020904114125906988,0.002263763152618093
241421428,1.0E-6,0.4254734920136483,0.009023343952552084,0.03618228941993451
235476465,0.1935080483484704,1.0E-6,0.04163865414373742,0.5643561818664673
271156627,1.0E-6,0.0021505572044110592,0.07389992943911709,0.09464501377429764
582416280,0.08193358265460977,0.46245856468137786,0.03616643120191315,1.0E-6
382170702,1.0E-6,0.40158584058111413,0.006602750784162891,0.014966092499764981
175485485,1.0E-6,0.487551717592158,0.03887050045601698,0.08243783988462515
1484014000,1.0E-6,0.3550778596013112,0.012129439607595343,0.027989306454954007
1119840252,1.0E-6,0.5238553715884299,0.006833215257407405,0.01627967111550156
200888797,0.35955939861099095,1.0E-6,0.062478670148088264,0.18423084134625464
831038,1.0E-6,0.3500024719790785,0.011167884624584623,0.22058080150625647
37077380,1.0E-6,0.5757390068905963,0.027918560639391733,0.15163935991161798
467481116,1.0E-6,0.3967894526303496,0.05366900067277453,0.22844673972911508
224888618,1.0E-6,0.09077543089996064,0.057013081886166786,9.780521702825516E-4
266084535,0.25272893877230485,0.46924913040863236,0.01552936863035173,1.0E-6
363087494,1.0E-6,0.16975773472318215,0.08863702515788054,0.013780159632335557
335036925,1.0E-6,0.44398330115778534,0.016235202965169768,0.042212890975987745
1528450183,1.0E-6,0.11279323170967018,0.06480853005231485,0.005410328177169634
1038393,0.17378495949008396,1.0E-6,0.09699224130393241,0.01996079286541858
460386136,1.0E-6,0.42710096556645377,0.006695413400338785,0.1277129492058191
471877964,1.0E-6,0.4569516702861644,0.020536660581102813,0.19052597702647067
267653965,1.0E-6,0.5067200649546436,0.03873563599570834,0.20896259266085943
50844490,0.1272262183797953,0.5752976521371237,0.011815264709497742,1.0E-6
26926343,1.6652743824492144E-4,0.10939040142025315,0.07804044319139225,1.0E-6
1991366,0.06116081199674342,0.13091798347680822,0.067954891754792,1.0E-6
372958001,0.1133892783478598,0.2532644778951565,0.019118711858746085,5.905097750891156E-6
224984506,1.0E-6,0.46556809626752965,0.03208272285707862,0.12362603749343665
30412871,1.0E-6,0.06357423213253771,0.04869021968032142,0.532275959713707
239380550,0.7032686608678881,0.33012181804600377,0.014602541583311942,1.0E-6
23732334,0.006485576410687439,1.0E-6,0.08120823466525107,0.30045251544724283
976262961,1.0E-6,0.42383795400526253,0.009359988368382472,0.01828465365317873
44272785,1.0E-6,0.501523347750424,0.014114996890466941,0.20730461320382873
5175130,0.010947480514349735,1.0E-6,0.06989804998890983,0.3885370282810128
1465001512,0.13938259887461993,1.0E-6,0.09124301881837002,0.06549252421111473
359509471,0.7131246264105077,0.34881702623793237,0.013867418599831713,1.0E-6
43373288,1.0E-6,0.4553153639505067,0.04135011643813355,0.28673799817133544
769582,1.0E-6,0.6188039167647114,0.027169338855369166,0.024221416268160503
1484212212,0.26187345146169544,0.429747791804084,0.020287956840204856,1.0E-6
16838282,1.0E-6,0.25774863454771646,0.032061843149424854,0.0340697462846806
366564420,1.0E-6,0.5321539091511013,0.012330868744718561,0.06186407678171501
856125062,1.0E-6,0.5515649653577884,0.01769420471015635,0.17289157767565436
1477732293,1.0E-6,0.49558724243609625,0.06092654072030715,0.026407522214518874
778228762,1.0E-6,0.6401216069251972,0.028237106222421267,0.34855397148016976
495410610,1.0E-6,0.7407792146986852,0.03605848718764324,0.04315404046239642
2061161,1.0E-6,0.46160268553861755,0.010145804327503324,0.139754273615308
635537849,0.12677541462386574,0.6688602670330315,0.015092544880434594,1.0E-6
9688438,1.0E-6,0.3859095028012184,0.037792875800591715,0.46850309763657205
2076190,1.0E-6,0.6664460089792652,0.013890515646417537,0.07509565219362088
387804605,0.03800416561369181,0.5952124099054928,0.03830273085884471,1.0E-6
299889819,1.0E-6,0.31029191181231036,0.008720205071735576,0.002519708564524377
526363172,0.026998925077653824,1.0E-6,0.09786805796099654,0.13325919317187992
341934645,1.0E-6,0.24420959171715098,0.037866373520709755,3.820666372386565E-4
12462327,1.0E-6,0.36951689001579097,0.0896857435550053,0.0930804223046725
1392836448,1.0E-6,0.7020020478205126,0.025933712574192965,0.22930499208617
1066901,1.0E-6,0.6664809669782173,0.030820774829300523,0.1375360513445509
527909974,1.0E-6,0.8360102193402763,0.027412346154437106,0.06057902851143717
781876,1.0E-6,0.45717809640501716,0.07223273749204283,0.25209590317907027
242343983,1.0E-6,0.543483757212154,0.0636458092456875,0.07385043103013242
42050086,1.0E-6,0.3981928250507754,0.02809137186027066,0.03237789749612433
208695603,1.0E-6,0.3086022399723047,0.029549622219678988,0.003134677632826537
1603709979,1.0E-6,0.2875971294764942,0.04435348971880898,0.05102544642917124
12823531,1.0E-6,0.8405951717646882,0.01614797326028493,0.07311959311234754
2479803,1.0E-6,0.6097622329904753,0.0645795012919082,0.12363954120513439
240442515,1.0E-6,0.29834832494195396,0.09737052457734426,0.016625901100537476
269922335,1.0E-6,0.562762992168952,0.04505833065073059,0.023009884418871994
1215437540,1.0E-6,0.7819143528096625,0.01359446933771159,0.02560551981956762
196677619,1.0E-6,0.2031775082250619,0.11959076772878259,0.030512792930574992
211739830,1.0E-6,0.53638344761369,0.10885692793186551,0.008343948353928191
309194749,1.0E-6,0.18261530505066523,0.10735620423835604,0.02742657557542257
1424701184,1.0E-6,0.8623240638647206,0.04925879737542544,0.11316479915281985
78648,1.0E-6,0.7995649466116648,0.04194034490915774,0.08855284402841496
343614888,0.0012372218591464729,0.48444046343958963,0.01495930910020079,1.0E-6
206367606,1.0E-6,0.7324959409323054,0.09608082487318041,0.014174622406359383
329678610,1.0E-6,1.0149635244142796,0.022379882819439718,0.08552813951037866
22440645,1.0E-6,1.1650454639593442,0.08539704126651028,0.0851399963556108
29859151,1.0E-6,1.0198140457442422,0.033852670182906615,0.12468573442800916
788005,0.010183213972846397,0.05915484655746183,0.16822014666006663,1.0E-6
23461186,0.034537259170666516,0.3106922110749722,0.14185591268550357,1.0E-6
13059005,1.0E-6,1.032488296905694,0.021427812994344504,0.03418914096817307
251584954,1.0E-6,0.4147365379594285,0.09127126108464886,0.038319303357570035
248522344,1.0E-6,0.07701070732315768,0.21476668662158596,0.021753965953974365
544012526,1.0E-6,1.205045055841517,0.01664105603285994,1.0E-6
345586825,1.0E-6,1.2507149311397394,0.07912163706555525,0.09686628163190743
18854090,1.0E-6,0.9812694821756625,0.037133088762925266,0.06871172054928355
1449596183,1.0E-6,0.5148363918268021,0.11954720245508739,0.08367637830609034
526172948,1.0E-6,0.8546923744984144,0.006669347487332048,0.02912580636760293
211165873,1.0E-6,0.8029452608758366,0.07346920012635799,0.0744193744012762
24958698,0.017779783790721305,0.8301249762687735,0.22329123024190559,1.0E-6
9456650,0.006324384174114896,0.8238405507897186,0.06091769768623904,1.0E-6
39609231,1.0E-6,0.550576212726295,0.11855512740250684,0.0035530246498139723
47783190,0.0016962653154190405,0.47186909548627315,0.06984528153396663,1.0E-6
218496931,0.020129117826580178,0.1679521818940153,0.24237396468879177,1.0E-6
2602391,1.0E-6,0.9815825807277285,0.054913421400612415,0.05578159844919005
1340118021,1.0E-6,1.2765192381243107,0.07283757932562163,0.013025167747114947
297317271,1.0E-6,0.557755560040485,0.18129734599093414,0.015550760572081304
276862452,1.0E-6,1.0321955211820613,0.09406447937355433,0.033173522705781146
1105797835,1.0E-6,0.25195371719323745,0.27230415796746965,0.015585876588445857
8829552,0.014088023258489303,0.9232335232510104,0.29157009876835355,1.0E-6
273275256,1.0E-6,0.9469769620028068,0.1467921362731188,0.06071613904725417
4270959,1.0E-6,1.2892859897673514,0.11636680087165771,0.08063335210711384
23626351,1.0E-6,1.0889987402391863,0.16202784511120047,0.07145674586304654
2308135,1.0E-6,0.218410760983799,0.2633720343232932,0.11664577663173141
233986127,0.14724007493889676,0.5893191464380244,0.2769119170356046,1.0E-6
976963157,1.0E-6,0.19705457178012842,0.30748022833012084,0.14827552373615885
497665067,0.005958212060611243,0.5298156464041295,0.3438924530640489,1.0E-6
187634975,1.0E-6,1.194727159200018,0.07676933049798441,0.07399388116237843
208367668,1.0E-6,0.7360134117866354,0.23635768327701398,0.005481853365798539
258102864,0.007829474312918788,0.6603076990558608,0.18861014765356043,1.0E-6
3890255,1.0E-6,0.25501805153605095,0.3018803675905413,0.2313390629762097
1358376686,1.0E-6,0.06697033753557971,0.5863825331389598,0.023571532818983092
29950685,1.0E-6,0.0633107360066976,0.711028605046111,0.026800416644781746
218585478,1.0E-6,0.6205564304583522,0.2282042663781341,0.06577435134725648
1370119083,1.0E-6,1.0144492664237437,0.24707227587813513,0.04520978095156417
21420093,1.0E-6,0.80218617229206,0.4596901311473604,0.017052989244335653
12152779,1.0E-6,0.4823470636393213,0.22251299259692525,0.007396138136762864
337358922,1.0E-6,0.21528883870474297,0.43471785209728336,0.01141387434053195
447587670,1.0E-6,0.3431302811706645,0.44800875902728243,0.01852493171026116
178043101,0.2158376263944511,0.3029018453695936,0.3916225514239238,1.0E-6
5755715,1.0E-6,0.6358151766186638,0.48034537403755084,0.04488357883921855
1387411024,1.0E-6,2.397951895678557,0.20331498653954994,0.05834365012117527
176016306,1.0E-6,1.296505649292883,0.128540484864931,0.0763302530773705
3044909,1.0E-6,0.5809829407999255,0.6638403936708464,0.03488476982908107
204847429,0.04028766407773691,0.1997030292301069,0.6459111618692909,1.0E-6
4360687,1.0E-6,0.3400840853499337,0.06838503809118517,0.0010896209152385721
1271707178,1.0E-6,0.1961790725165942,0.6583808850099027,0.08257943220867446
190439839,1.0E-6,0.6638518084494853,0.523520565527935,0.075776661384743
187151842,1.0E-6,0.8555846122432454,0.33562137405878983,0.05716414558233802
241151788,0.047431127022176875,1.0017428854676556,0.4384703197595785,1.0E-6
4787785,1.0E-6,0.9826803606977165,0.33901319538903996,0.05803826186781544
10185510,1.0E-6,0.6238826562080636,0.4834833141149498,0.027394516000885258
31633728,1.0E-6,0.2387568180611061,0.6066925483878546,0.05229907512904187
10004059,1.0E-6,0.6748945744099253,0.7351459781785955,0.08022287566862485
3373974,1.0E-6,0.18784842499452686,0.6056091920724113,0.008568336056451244
273114450,0.005887948507520271,0.36566536955404444,0.5339173801029131,1.0E-6
3879158,1.0E-6,0.32785464053531393,0.48017975646927136,0.00835721281331916
628103579,1.0E-6,0.1957566249298611,0.8639316288851928,0.060162453151519364
192121043,1.0E-6,1.0697416900269123,0.3650931726445578,0.059757391593539835
1312221,1.0E-6,0.5598077401991102,0.5274338620133838,0.03336264678744381
145308730,1.0E-6,0.8822588315735475,0.3806494124905868,0.06596201398238871
646862038,1.0E-6,0.3735981283726866,0.5550865248985526,0.029185202594405033
294631191,1.0E-6,0.4169108934477306,0.503485651941671,0.007286535806785723
8946560,1.0E-6,0.5288664248518978,0.38166147502890574,0.003244672397653192
198762295,0.13642804509506784,0.5365890000340227,0.7425459370080362,1.0E-6
2007924,0.004800631828977507,0.38565635587520347,0.692330382622297,1.0E-6
1683745,1.0E-6,0.2791921716642911,0.5272105334481952,0.007787129573842021
230727846,1.0E-6,0.4898846100621654,0.5536204073978142,0.03274365653261053
217782915,1.0E-6,0.36843421057539677,0.4360767822488244,0.010330002713438303
31768160,1.0E-6,1.0724078475460794,0.41685545625605136,0.10828266720256102
237776406,1.0E-6,0.5059254846289356,0.6038138928340411,0.036948209964575346
224336487,1.0E-6,0.2851040669296317,0.6838523672962383,0.04725525236773899
331302998,1.0E-6,0.6732759401043941,0.4867692605540598,0.06443138239385467
407307136,1.0E-6,0.8628255924555732,0.6054948086393228,0.08790159899091052
870445759,1.0E-6,0.7323557064069883,0.3907815008282811,0.03867009317116035
2708917,0.06793515776063953,0.20946343664281789,0.8738498995497904,1.0E-6
287869909,1.0E-6,1.3457768755262436,0.22075301408883555,0.022412169530229013
509995308,1.0E-6,0.5823658159745789,0.42890690410393195,0.008961979095896876
367160963,1.0E-6,0.12993247002040198,0.9092183003746251,0.06830683778402212
5361039,1.0E-6,0.2167566764897139,0.6266103656706032,0.040685719854271905
41357433,1.0E-6,0.8939603473047018,0.5304322382373118,0.11277106142204381
1551389,0.06724781549090382,0.8123214809575762,0.5095415420415337,1.0E-6
5977929,1.0E-6,0.6549649815259186,0.5337470668842496,0.06162554206104449
2537473,1.0E-6,0.23325791298548984,0.6403616811812824,0.013708886032563719
16065847,1.0E-6,0.4505927218483709,0.19910716024731054,0.0023440445856791137
326739637,0.14518324761553322,0.9968899574305082,0.4938294373542367,1.0E-6
27543924,1.0E-6,0.8177472298471969,0.45918246957432224,0.028021402494069585
41987900,0.048695338897819955,0.2259326974693144,0.6975923191747734,1.0E-6
856855,1.0E-6,0.7940335663804093,0.5426102096263477,1.387502786910624E-4
41373987,1.0E-6,0.6079620417311078,0.5784852053799387,0.06603912639749622
1075272,1.0E-6,0.4526341235765993,0.06450139650230396,8.723623511778031E-4
252976899,0.014975290977773564,0.21989572709684146,0.702507741845597,1.0E-6
1064366,1.0E-6,0.7160420596027826,0.4740924083768508,0.0074365950114129884
1113090,0.01942409304232234,0.09126319441194108,0.9548749603753744,1.0E-6
179360669,1.0E-6,0.5616959236818004,0.6161767422614757,0.08134793085987668
10820607,0.01695561612934147,0.8083658794725216,0.6129952068784932,1.0E-6
583684651,0.006029894941812584,0.5785117327290455,0.4848978405534573,1.0E-6
335965077,1.0E-6,0.1309810097532677,0.6559101209996276,0.014287229939519617
777821651,1.0E-6,1.5306801544188267,0.1464453662549588,0.07036478572514905
320498757,1.0E-6,0.253511813757659,0.4949518686588287,0.027396895278420562
610571830,1.0E-6,0.562801964288706,0.436749668450748,0.042463057091875936
15977721,1.0E-6,1.1404621236946302,0.33811351338079526,0.05966845056000112
1476954,0.033576675757901915,0.6439280727017312,0.5610725227283376,1.0E-6
35720927,1.0E-6,0.6026172293955436,0.4272113444974295,0.07997122177093732
15597699,1.0E-6,0.7311854035623693,0.46159555967333527,0.03536494755787379
26958503,1.0E-6,0.7312674739905476,0.42257180231292285,0.01553398631145691
630230818,1.0E-6,0.48841554018466826,0.35040834521487985,0.0071670298740566666
2226095,1.0E-6,0.2239299904181684,0.5260821590317254,0.03671656700184324
2188824,1.0E-6,0.8489991312526861,0.5154405440939833,0.059204416787655104
3830537,1.0E-6,0.8311015562766118,0.4599360163536363,0.027200692421453614
6360082,1.0E-6,1.0966936597241161,0.3376581575097905,0.06588852757912646
4130384,1.0E-6,1.1173994725018568,0.2738804299852435,0.02917470492571946
248508947,0.044797250309742555,0.5878171647669157,0.48071393703268067,1.0E-6
845529,1.0E-6,0.3028785052402091,0.6127258008777601,0.020435688655123
231949310,1.0E-6,0.8966850316944041,0.40073065186527546,0.027544801379886633
1445709739,1.0E-6,0.15378935194188742,0.6268824687420116,0.02403990920835702
54051005,1.0E-6,0.5977750871524681,0.5486867126237625,0.005393430387694975
363956201,0.021628305401973615,0.4628644668786043,0.6003159187901911,1.0E-6
626589315,1.0E-6,0.1980006943806591,0.5646001901811079,0.005321717519165311
217728319,1.0E-6,0.5751847305165134,0.5534716397156708,0.035930786333818354
174332982,1.0E-6,1.119049164417668,0.23579447145685353,0.025557126679489332
43221060,0.06717791294634581,0.3251436782010574,0.5774682252526077,1.0E-6
27622521,1.0E-6,0.7276807874264448,0.5433598113305219,0.05052974956416218
958642,1.0E-6,0.2683347062413164,0.6620488483590042,0.13745479572659325
3112656,1.0E-6,0.7817936752973724,0.4745290815997436,0.058078600181378455
247605893,1.0E-6,1.9324366797818595,0.4554677182708807,0.07074176514268045
54815032,1.0E-6,0.8245568228492147,0.5938651988269176,0.03126368405817712
43958828,1.0E-6,0.8090892221384434,0.6216703366693604,0.03194369673941373
1649828,1.0E-6,1.437315229384516,0.30339980133770283,0.03926708010994953
22171095,1.0E-6,0.8461419465409841,0.4593944488266292,0.08608007743956007
316731281,1.0E-6,0.5712981300247344,0.5101743308730827,0.04264732822214147
1000179911,1.0E-6,0.6903991448541007,0.6499822941917048,0.06048472761062719
25424715,0.001676279195478614,0.4735956964313316,0.5201235526979898,1.0E-6
9685103,1.0E-6,0.26898722450583407,0.630172635969585,0.07691930783269527
3037457,1.0E-6,0.8031447605082309,0.553856241420667,0.06137491463084867
186019852,1.0E-6,0.9486523645420868,0.43260008420721685,0.027669219987319596
255457057,8.289068035070877E-4,0.4128370068990835,0.04932750153741014,1.0E-6
348630381,1.0E-6,0.6072631047597683,0.7130670005392035,0.02387780491184723
1324153,1.0E-6,0.17041587725014712,0.8321395434160825,0.017306475902950806
52858265,1.0E-6,0.1256797509332687,0.7949201355529123,0.013628139199714905
1371898,1.0E-6,0.6109309334765136,0.7268671876205959,0.018750309636919375
1097118847,1.0E-6,0.7384001303942762,0.5891288532942226,0.0599664335235718
3523523,1.0E-6,0.8967064922664355,0.5924843200636408,0.03738503894511699
2064315,1.0E-6,0.2641388572742379,0.6771007690262085,0.03279125551033787
3300887,1.0E-6,0.389194294099347,0.65653782042605,0.01228129353489584
5057456,1.0E-6,0.7915339843566978,0.28949060180990516,0.007168982562475188
4587001,1.0E-6,0.6532286748543373,0.6456030421917272,0.05087238465780904
3117840,1.0E-6,0.9059518269363236,0.687577094859495,0.1099956055400653
450292261,1.0E-6,0.5947215454061912,0.6012707864590784,0.050927236253548204
1508932219,1.0E-6,0.41004740761759606,0.8315416540937501,0.09518306344314904
2196457,1.0E-6,0.5784456315600676,0.6271706005914316,0.061284567340674036
45966580,5.99522229296472E-4,0.2857800967333084,0.3793908924541748,1.0E-6
89692,1.0E-6,0.7999866081125484,0.5608912616960016,0.03607612134646039
222815744,1.0E-6,0.8336725675755161,0.6106448621774321,0.02473225402419393
176925601,1.0E-6,0.5066445278943571,0.7208095136326187,0.0450686842187875
35127351,1.0E-6,0.5416512294522527,0.5091633347252478,0.003638449538201274
781429,1.0E-6,1.657613010886029,0.3499046222239925,0.040542834640579756
189778250,1.0E-6,1.1749757536072434,0.443246471664115,0.006674966369769273
349467985,1.0E-6,1.3909759650601679,0.6850734904280296,0.058198318667284074
990644,1.0E-6,1.2404735199982693,0.44481442736874344,0.009571948206205307
301613458,1.0E-6,1.3881180992382838,0.657205151785615,0.08005570962755025
868058015,1.0E-6,1.1045581978541608,0.802209750739211,0.12852132544364914
190136173,1.0E-6,0.6062741507047646,0.37739424072982153,0.002343397311494937
27431896,1.0E-6,0.3255729873038804,0.6547922083769776,0.003743223734186297
1333203523,1.0E-6,2.001140303200163,0.23030602379093304,0.04438358627375498
200449325,1.0E-6,0.6965583066411356,0.9358929441525057,0.062032601883948664
12843885,1.0E-6,0.703745661123954,0.6698869414264794,0.08072459455085008
242708369,1.0E-6,0.6715919562733169,0.8517150744008581,0.06029359993794206
389492388,1.0E-6,0.7645318372993456,0.7204634166809808,0.12587474671177093
4268403,1.0E-6,1.616334383343156,0.6000354961399127,0.021599213927537296
20850451,1.0E-6,0.8886194615779299,0.7660340713326724,0.11985507004071724
2490353,1.0E-6,0.6699266411224949,0.7792771485350785,0.06988418154678214
6308389,1.0E-6,0.613037451278889,0.8780880293804895,0.08591815710818605
1898141,1.0E-6,0.933878302394506,0.7663703242683422,0.005102544518352682
181896432,1.0E-6,0.4330728568977197,1.1696578652704164,0.06040622594435094
12752931,1.0E-6,0.6487443710775209,0.6811545151168686,0.031667350959692114
1113921,1.0E-6,2.3743886063933317,0.4053754196255107,0.04390915331934767
145714741,1.0E-6,0.5498573150101498,0.7831656970914138,0.03994898199729847
1676784,1.0E-6,0.4623944331261303,0.9488611102608838,0.015129315129899948
1444451,1.0E-6,1.1483184466173377,0.652363768075062,0.07398004595268551
1213941,1.0E-6,2.0116560773266956,0.7605625695952043,0.05956316908890231
1371467,1.0E-6,0.5707808018692271,1.0554968757251373,0.06819006944273702
4487106,3.396287085220769E-4,0.5779286488083293,1.1881156935915544,1.0E-6
289020041,1.0E-6,3.591743285611812,0.6102315261707814,0.0470894893648211
3135225,0.030025713707173583,0.5661385923297757,0.9848262504392116,1.0E-6
2692900,1.0E-6,3.3611450343136218,0.7246908624026551,0.018229889134742567
185416714,1.0E-6,1.389411239615329,0.6365838948557091,0.007332060004665709
815942819,1.0E-6,1.7113637549239242,0.9130917941418878,0.06358922771620139
23876446,1.0E-6,0.8259263021550778,1.1760348185654264,0.015202563800078025
1090055,1.0E-6,5.4248370605652765,0.5875231815488745,0.058526858410675876
