1469609400,7.295668731948823E-6,0.0069775996249334,0.0024212397215409628,0.008275343323627652
1262742,0.039645910498334186,0.004174821658975098,0.003027109210682451,1.0E-6
431904090,0.04282942525140205,1.0E-6,0.004477893284263647,0.00705578619278476
13299395,0.0187957294092191,0.010654380742239173,0.003057270204087465,1.0E-6
467814133,0.03694158354842583,3.3714350584230655E-4,0.0041312571334557145,1.0E-6
1114970510,0.02998635455599198,0.005170330022232206,0.002727042904548478,1.0E-6
546998530,0.004665262247041399,0.010075938063744242,1.0E-6,0.010910349923017038
1971402599,0.04310391629572411,0.004857914370122444,1.0E-6,0.006882265128153073
267906357,0.03111572880987594,1.0E-6,0.0072627612718038,0.007309101284433171
1676703,1.0E-6,0.00833095046546611,0.006103529037934681,0.007723168922819618
1542462653,0.017535072427377705,0.010332486886347653,1.0E-6,0.015686620709425638
385182586,1.0E-6,0.00895277217846207,0.0046911582890605845,0.00611572961606198
1354076618,0.015768181879905845,0.0112752664328875,0.0037013098016597723,1.0E-6
1827621887,0.036428420730874995,0.007234178791150532,0.001574905876371004,1.0E-6
15318279,0.030030405713160624,0.011376986781199746,0.002603960789472,1.0E-6
1112056,0.044282274677763404,0.005165688410014589,0.003736044481648922,1.0E-6
2183178290,0.017625265275264132,0.00969390755831746,1.0E-6,0.015839407378728198
1551859751,1.0E-6,0.004904322540215994,0.0035620368379778097,0.018547612439197794
1714328,0.045461565561738665,1.0E-6,0.002749692840808713,0.01006092704447654
962785815,0.0567056464759415,0.003683712195521098,1.0E-6,0.00880495800159701
24211166,0.042798623193013315,0.007361984348172527,0.0021709059240194004,1.0E-6
221758078,0.04696606461721055,0.007263211263779299,1.0E-6,0.00659221182099205
1088969,0.03632602883662414,0.003817706834260436,0.0027657285493738965,1.0E-6
2516898,0.034254579658749194,0.005873058449702906,0.004200071335409833,1.0E-6
1406894013,0.009909009712311258,0.004628838116923347,0.005284879455994914,1.0E-6
1537191,0.02935206655004355,0.004018624738404006,0.003701268523680485,1.0E-6
2948999,0.04749855301688617,0.004305921912956083,0.0018696890342742396,1.0E-6
15343745,0.01123193718396493,0.00974066444399521,0.0035197609083268597,1.0E-6
15412975,0.01128843384254564,0.008973136855447502,2.0323941294995109E-4,1.0E-6
1545775,0.032492213067302336,0.004722418074211435,0.00444007610250544,1.0E-6
1696627228,0.008064770340086597,0.004095281223002269,0.004500404930754751,1.0E-6
1480704938,1.0E-6,0.012519120675926613,0.002646813003404534,3.232212308118725E-4
278477371,2.844427441716567E-4,0.004639356853382967,1.0E-6,0.011049041112852718
2031970835,0.019992734267396832,1.0E-6,0.0033242398614362896,0.01576631202827576
787724071,0.04304607406059484,1.0E-6,0.0017998554364090902,0.003974367017922019
26913335,0.022296600319819455,0.004827123176327335,0.004361793823630341,1.0E-6
21751548,0.014399569394602343,0.008369160820262393,1.0E-6,0.00784526975827609
61691,0.022222708141194154,0.005511197798163672,0.0032381766755023708,1.0E-6
1456330238,0.0480703549144991,1.0E-6,0.0026359669271002915,0.008622257969406763
50474234,0.011364630381223206,1.0E-6,1.9651096746713234E-4,0.012743502075284517
2645075,0.03268807160051247,0.004133076947624478,0.002774563800511967,1.0E-6
1722971411,0.03794911961156216,0.0047121213614625,1.0E-6,0.010452022781402929
368237438,0.05009749575885567,0.003763941841824781,1.0E-6,0.0072101894942586935
1394586531,0.014233630261963528,0.010313122192468126,0.0030373914264483068,1.0E-6
215014211,0.020727143193114073,0.011370694105287687,0.0028121309944470086,1.0E-6
43580430,0.029111792719357214,0.008188137005258393,0.0029391731848493904,1.0E-6
264345969,1.0E-6,0.01253993698900398,0.0013664782757663166,0.009092891284672817
25905206,0.028209127821241284,0.004850883601340371,0.0046695887808324826,1.0E-6
1335967334,0.010105024517612058,0.008701612008054672,0.00642314091625223,1.0E-6
1534227225,0.04580295905983986,0.003667830633418396,0.002634682670423449,1.0E-6
2015349687,0.040330938296654344,0.004185177412241971,0.002970634799138324,1.0E-6
245568716,0.04564030269494258,0.003878734489846195,0.004116302175544559,1.0E-6
922892,0.03865963238945808,0.003098505900730581,0.004111550901961003,1.0E-6
1485590798,0.006877781529447848,0.005378800717031801,1.0E-6,0.014907148648331764
13429220,0.029930547425621568,0.004557265815660441,0.003171151818775279,1.0E-6
478780012,0.0336600823386956,0.006307447575762086,0.0040522163597550166,1.0E-6
1549937221,1.0E-6,0.005552644126354014,0.004193864659859607,0.013390926137195393
216497038,0.04061924410600044,0.004779273371796302,0.002165798400246254,1.0E-6
30386835,0.0362816784588273,0.005720745662898921,0.0015439279396504855,1.0E-6
31533162,0.014805790805991377,0.01160844176063908,0.0029810297714623446,1.0E-6
21552360,0.03774973512615944,0.006360578823368028,1.0E-6,0.0016304143534966943
282674163,0.053992951034479805,0.00403930335459208,1.0E-6,0.004549661548815484
253875188,0.03154489798449709,0.006942350235846901,0.003810634891579064,1.0E-6
1593757006,0.0257047868832845,0.004789800177310298,0.005195071249164685,1.0E-6
1470941396,0.026755854609634745,0.0044309253629261185,0.004964226561418209,1.0E-6
1227972770,0.01773748305325915,1.0E-6,0.005593154530559279,0.011203999604618178
2063174114,0.03585821778737416,1.0E-6,0.002121100493757669,0.00683885130057732
1263811512,0.045290341082670736,0.003569363994110589,0.0024270784885794742,1.0E-6
1427159752,0.04151966354388783,0.004980886783229899,0.001992235431270029,1.0E-6
287467149,0.03390783887300378,0.005289751630419771,0.003050431262531204,1.0E-6
177274122,0.04628220133791281,1.0E-6,0.0021107970377658236,0.007597536981544641
328294485,0.0031638540699799153,0.010281709048010467,1.0E-6,0.008108694689955709
1177786565,0.04062789512331171,1.0E-6,0.001972249118099109,0.012179481489013206
1375412714,0.040708503670592505,0.002397997427542158,1.0E-6,0.009731641240967794
1856554,0.03152102043743895,0.00364256816803396,0.004620512452009374,1.0E-6
1943148216,0.0441723670265261,0.006067735225176998,0.0030025978288187676,1.0E-6
54285677,0.03580653388834605,1.0E-6,0.003306323771245204,0.014117132956592568
25839290,0.051474808611578944,0.00432807875124081,1.0E-6,0.009827754775342
360608500,1.0E-6,0.012397069567283968,0.0031077375370631498,0.007448989435850995
1531968802,1.0E-6,0.004976722298683384,0.0026620426182365183,0.0276503295962749
55153,0.03828192654831538,1.0E-6,0.0027628661981809635,0.0085780186233206
232933340,0.030658672411080983,0.0052215504987885245,0.0045827545500385074,1.0E-6
1649781242,0.022187979233321886,0.011017087562704492,0.0018147055330680246,1.0E-6
1386808,0.03316134083027998,0.007118695408063523,0.0026957772333427725,1.0E-6
317303826,0.0182163056670771,0.011425501162284964,0.002361783127253324,1.0E-6
539308758,0.03147453575283896,1.0E-6,0.002479369578085224,0.011776727024292177
8029226,0.030160414585039753,0.004697355879111937,0.00500230251903332,1.0E-6
419591776,0.02744599100575778,0.008553273649872573,0.0025105106951299216,1.0E-6
42141295,0.015621904634047067,0.011307328595717545,0.0031715905517874766,1.0E-6
1442509122,0.022997845632034955,0.0034032198092253858,0.006395267595099819,1.0E-6
686394932,0.03144122666726931,0.002932126340792594,0.0061317964416034414,1.0E-6
33322378,0.029859112166281204,0.005177546888859201,0.0047058789738200065,1.0E-6
14851693,0.0541049559764005,0.0030937040412798208,1.0E-6,0.0018147124653182497
1422773575,0.04212189784510134,0.004841246894057546,0.0026715145699669363,1.0E-6
2176671300,0.03531592404053711,0.003911973593032948,0.004570636706452733,1.0E-6
1476988950,0.03227066578948006,0.010395100288466021,0.005400266157925799,1.0E-6
5767799,0.04130861307933364,0.005050202168009581,1.0E-6,0.010505510316816033
25496,0.02515051300495332,0.004111404720215498,1.0E-6,0.019528275993124542
25614620,0.014186615301818395,0.011872361427956253,0.0023926161844239563,1.0E-6
373669853,0.024319152941136218,1.0E-6,0.005856953184379338,0.011235142280297398
1517348844,0.044531285625253866,1.0E-6,0.0024643817134353944,0.011448636957494695
358871966,0.0346377084338849,0.006780262779862783,9.774146053483552E-4,1.0E-6
6239422,0.03800020509611366,0.004151599480042847,1.0E-6,0.008804617315062515
1153902371,0.02830467670112932,0.007398965303330328,1.0E-6,0.015827046441716182
18454432,1.0E-6,0.013149295870949058,0.0021988984743831373,9.30368005839819E-4
2126560010,1.0E-6,0.01107277821143822,0.0064214392413980805,0.017434514074385232
793489,0.048855399689419,0.0029010747270459053,0.002941191904567962,1.0E-6
1819997118,0.03729453656698767,0.007373190277284789,0.004052858372253968,1.0E-6
1491152429,1.0E-6,0.009366475965339956,0.002346727811584743,0.021370544308587685
2245324,0.03585101398413005,0.003481180028931404,0.004533570855086105,1.0E-6
1278495445,1.0E-6,0.007528764135038862,0.0020577552890929393,0.022605336198381874
577750387,0.02944839263964731,0.00735203710080669,0.002863547325685978,1.0E-6
621297654,0.028580852075056958,0.005054562563075263,0.010826241621613114,1.0E-6
1382916558,0.013316606562295958,0.006027047544526225,0.007303937777718263,1.0E-6
192974291,0.0251865726660769,0.009352407631017912,0.0031334252730593243,1.0E-6
1331715096,0.01976666757313767,0.00927827019279811,0.003947876068486442,1.0E-6
506234210,0.044724466150994194,1.0E-6,0.0017818096424144013,0.004969235541862835
496776266,0.01636854351716912,0.014082800257764849,1.0E-6,0.0013591074591186019
221252982,0.013801892616694966,0.010733604036342471,0.004643072388370661,1.0E-6
9370272,0.021871017366796152,0.00932463815180046,0.005817906152725716,1.0E-6
721435072,0.009992426410808665,0.003804878738431141,0.016640368983102956,1.0E-6
789852986,0.027921728815687358,0.008119747213185513,1.0E-6,0.0019354157482970335
1543999939,0.009426940098166876,0.005461323875709213,0.01482102943322916,1.0E-6
553038838,0.01968665242963337,0.007880288950582253,0.014802166225737233,1.0E-6
232007553,0.032875628110740546,1.0E-6,0.0059603870507187896,0.0032603124818082092
1499377514,0.046353649164520144,1.0E-6,0.0013864298061702527,0.006397064126876123
280453972,0.015213751878982799,1.0E-6,0.007779374968642204,0.03332522186241101
2101001175,0.026360115116308636,1.0E-6,0.007330502442863789,0.0015858878637501413
1106052273,0.02206896506560229,1.0E-6,0.0076657311645984185,0.014853534184976683
1555268,0.014668563744919157,1.0E-6,0.0030446774708677107,0.06486638248242038
185147318,0.02009854107883722,1.0E-6,0.012647675897392914,0.026173126383152875
473769076,0.03046759963374014,0.004261797124990503,1.0E-6,0.007975972558733942
17504456,0.035045186160443574,0.006906879274867764,1.0E-6,0.008324991817402457
35901338,0.027335184785062833,1.0E-6,0.01105595066187155,0.020239592439103535
499091330,0.04730636746558419,0.003001888456460499,1.0E-6,0.007735308718742157
489094581,0.045487236306031194,0.002517222032581729,1.0E-6,0.00678015347146222
430746774,0.014317743811631166,1.0E-6,0.0026952537034999535,0.06634583311933394
698241691,0.014976536858377158,0.007110445312127842,0.00850192455808349,1.0E-6
2047152,0.020710973145618053,0.003270049683387685,0.01101206241536014,1.0E-6
484426217,0.04353271827992054,0.004585389286835503,1.0E-6,0.015929723542494188
1649551881,0.01084808640862314,0.012460120952785668,0.017207650271368957,1.0E-6
1144469368,0.027058135662372522,0.005322334152388208,0.0076233806169408135,1.0E-6
1326277,0.03639676578647942,0.008663947457963964,1.0E-6,0.004080906002653552
959837397,0.015143723724899263,0.014700199602193499,0.006095037347291047,1.0E-6
3125808665,0.046181174399764435,0.003946601549859478,0.002773783718855411,1.0E-6
392938880,0.04162947038543635,0.003562077132508351,0.0032588064468134807,1.0E-6
38275398,0.013266848960853617,0.00953576603637542,0.009510157186557273,1.0E-6
246114379,0.020229454511941056,1.0E-6,0.012207187448774361,0.006273226096814341
1904819173,0.03385791938807818,0.007279944898833037,1.0E-6,0.02149604858656725
498198797,0.04836713958315496,0.0037324524807289027,1.0E-6,0.022524729371826653
1218141950,0.012937461336523796,1.0E-6,0.01905270358935915,0.011050264611762357
1271676860,0.04419429088480301,0.00521437057629913,0.0027411203285174855,1.0E-6
1676453981,0.008099045797984405,1.0E-6,0.02114999265501839,0.03138620795029879
425079374,0.028423958173041268,0.00817338727905899,1.0E-6,7.737126650248697E-4
1516785452,0.03144567940253824,0.005275463824245721,1.0E-6,0.07098184941631448
289565787,0.030163893218750404,9.617958440212737E-4,1.0E-6,0.015608309749780103
1045930117,0.04493004787199343,0.003880343381970611,1.0E-6,0.03051433915033986
1480533045,0.010734434283837717,0.0033386994182469034,0.015139055081935433,1.0E-6
1000424281,0.04470394529197942,1.0E-6,0.0010433582982667365,0.018335121885894666
243496184,0.023525173602061987,0.003980178524778221,1.0E-6,0.048062946244271834
1364311150,0.014265992687994014,0.00423166540825736,0.019943165595690357,1.0E-6
2968323592,0.03320433455179273,1.0E-6,0.006889006232896164,0.025725926915803513
24513535,0.011712014498049126,0.016564466787462765,1.0E-6,0.08103734691195007
717886418,0.037698001170331376,0.0029786858151269564,1.0E-6,0.04554562103515784
853689,0.03358503258171628,0.012661949683525329,1.0E-6,0.032752220305371206
1490431958,0.04500802864869083,0.005141806950837979,0.0034914604040076195,1.0E-6
1169719950,0.04516636889740438,0.0031208306550956767,0.005303967399050063,1.0E-6
261196906,0.046771286519892555,0.0024806236828847344,1.0E-6,0.021307341524682673
4331446,0.015403951897329762,0.005980096056401583,1.0E-6,0.15123551013102013
8938946,1.0E-6,0.0041456898328638015,0.008788392585210102,0.10946671109366013
45925025,0.01845087135682881,0.0156389650530613,1.0E-6,0.11320805961653167
1491416138,0.023105506752574945,0.0060789270465046955,1.0E-6,0.06481796546017085
1401016,0.04865512890841595,0.0037811270742076344,0.003919027646418357,1.0E-6
2025788866,0.017098550644668187,1.0E-6,0.013912922109570177,0.03583211974162021
1654614889,0.025173644169754955,1.0E-6,0.014060387919969242,0.048502857884691365
229136978,0.04582021232499059,0.0035085444154807845,0.004274729271605234,1.0E-6
1424109226,0.018818121445673887,0.009243398979481078,1.0E-6,0.04044120192551517
1215887186,1.0E-6,0.006349165369612629,0.029933092552612804,0.020173538847866282
276680597,0.030529785860416485,0.00981830769654323,1.0E-6,0.006583644286617584
449299746,0.013008448212585514,0.012259133044036682,1.0E-6,0.03434305817048368
818729,0.019797874265145485,0.008148480809242969,1.0E-6,0.06244446855689097
2186924131,1.0E-6,0.011388055017690064,0.003121849274166954,0.1141047686817945
670609188,0.015561466013999718,4.385191743467441E-6,0.005639749744883249,0.044693597165772786
752373297,1.0E-6,0.00221445419636849,0.027384422336905745,0.018870381455893606
177821977,0.028425986776445682,1.0E-6,0.015518700019418408,0.0036563313882199367
419425480,0.010361137860313849,1.0E-6,0.01871446494501152,0.034191433523247244
2280568248,0.02687738711215836,1.0E-6,0.008432247949822114,0.01703846301011487
91415,0.02024940535094778,0.011559845658423839,1.0E-6,0.04931684199499098
1751791049,0.04522721701981038,1.0E-6,0.005749768697094213,0.009350524379926124
1567628479,0.04193631157467903,3.5927147148842457E-4,1.0E-6,0.014502469113651412
79286,0.01667788060597078,0.007441217912536588,0.02461976223405339,1.0E-6
637389737,0.016072941551435314,1.0E-6,0.011939160330135819,0.0683054775030412
1139660770,0.0065049523729796355,1.0E-6,0.018851609053633193,0.012655448838044947
1175334097,0.03281613053932229,1.0E-6,0.007238210979067857,0.02577904170693326
45207098,0.04630156872374147,1.0E-6,0.0013359345140180603,0.05711414500675535
2809647,1.0E-6,0.014082944650654176,0.027036412660876776,0.002299358374555055
1636331635,0.009892887877620734,0.005136297343081945,0.02197524795278569,1.0E-6
459180955,0.03965526728621498,1.0E-6,0.0018668919747901209,0.04759605338555852
48067105,0.041780583482750475,0.007143780876916086,1.0E-6,0.05042655139495278
300562191,0.03570516121823234,0.003994246853686586,1.0E-6,0.09046060427741984
1435651265,0.04653308245273577,0.004347438506309151,0.004930238260232632,1.0E-6
2397254,1.0E-6,0.016384212676290366,0.01766601899237875,0.004583829440123106
1773556180,0.02072083419550808,0.0020188768089842873,1.0E-6,0.10551566243766285
1435018358,0.0326454233933039,5.351593335042995E-4,1.0E-6,0.06896188960394696
1636712716,0.023076630514020844,0.005854140408786589,0.015165514011495095,1.0E-6
325307068,0.02647151724469106,0.004433706961510096,0.007670935288107572,0.14254169065177666
286776930,0.02864386385297191,1.0E-6,0.006396772479237057,0.1407922083524959
3357667,0.02043597756854228,0.018529605928045777,0.004579594835306642,1.0E-6
1524747123,1.0E-6,0.00497098428262144,0.02663837831618288,0.11496801900535819
5540769,0.02506774097427466,0.010593125186602124,1.0E-6,0.11507745286143953
1956431,0.03393109345902915,1.0E-6,0.008760859826834578,0.08610105940239536
2073559080,0.031751947797319616,1.0E-6,0.014606673005068656,0.026085749298698627
45816005,0.02015442155990647,0.02479684003485702,0.028530539087590567,1.0E-6
233899409,0.02999132420846676,0.004552724685973246,0.02106771236952031,1.0E-6
1691802,0.05056957151337286,0.004641941852238196,1.0E-6,0.017760503690365123
1288083675,0.023156000014846193,0.004777689498634995,0.018525189268322712,1.0E-6
1478180863,0.042574768700011124,0.006632739287823631,1.0E-6,0.039169254170794705
2942141729,0.0026750358734773704,1.0E-6,0.029624511053437202,0.008636379324058134
1565173930,1.0E-6,0.013684095915976096,0.013367703688864899,0.06742427819013232
1355986145,0.01947909427390417,0.01727520305223126,1.0E-6,0.0394233369839276
387826753,0.01198746615306214,0.01876604375577121,0.015901765171936574,1.0E-6
445583504,0.055606398938193455,0.006030849869032847,1.0E-6,0.004982145455759167
973423826,0.049353895123861714,0.008688730589271257,0.006453566171750103,1.0E-6
1501575,0.028872052234976815,0.009738335889054591,0.024292685415656625,1.0E-6
616930563,0.046225984472766476,0.00825867655033227,0.006907486541865604,1.0E-6
31314909,0.03263670082863692,1.0E-6,0.01573122291730961,0.037040280797274144
2821360,0.01058563640620678,0.021360625017732955,0.023605200178998826,1.0E-6
1304193556,0.06032257734205468,1.0E-6,1.0E-6,0.01217573686305426
2308975565,0.018479376252537125,0.0054218812038381295,0.02711312582357363,1.0E-6
3999606,0.021106742707500143,1.0E-6,0.018306116981396225,0.03973980580066038
465923525,0.041539540964586306,0.004778499472827734,1.0E-6,0.05812329631124175
1373831958,1.0E-6,0.005284353954164991,0.033521736261088564,0.018723453956192383
1264037986,0.026343072948622436,0.010927471102252348,1.0E-6,0.05532953604061266
16467772,0.014736700652138054,0.022000637315683698,1.0E-6,0.055759521656761415
1414182837,0.05051774541271685,0.003914442739238463,1.0E-6,0.06956741401719524
440174189,0.03873851091793493,0.007298226179211301,1.0E-6,0.08329830801921091
3599657,0.047201149463734,0.004849121799984094,1.0E-6,4.860496274710906E-4
1837920954,0.04406733646565067,0.008866047907625622,1.0E-6,0.0516793091960856
1300620796,0.05950220040411534,0.003625809326297879,0.003730996775908787,1.0E-6
180442293,0.00867854478468501,0.004169503462392537,1.0E-6,0.18504780356316403
1328039922,0.023909461726408773,0.018408470922501405,1.0E-6,0.09550102829682866
466158442,0.010497331906856169,0.005247755812375656,1.0E-6,0.12196341664723907
367027130,0.031189351981481053,0.013252481380695375,1.0E-6,0.0735766214142396
327925714,0.010092591455927736,0.003854642388585861,1.0E-6,0.16060363120339086
1985920060,0.012508962634806957,0.005498564582524928,0.01676015902899766,0.13371970693772495
1183567008,0.005014334388239917,0.009145519923878428,0.01242707938991729,0.1325204220930998
1856150,1.1581583631042833E-5,0.010646857858117682,0.007823414572562085,0.08816962777078591
1962233829,0.03043164162087569,0.0138813005032299,0.015197085034005037,1.0E-6
1516472907,0.007299620293118175,0.003818447222878786,0.03019158254478376,1.0E-6
144499478,0.046075994414125965,0.005768704137582234,0.01292411711696727,1.0E-6
1116592402,0.019662646752851672,0.017088212745223725,1.0E-6,0.04758069099117828
13436270,0.05430413986014378,0.003998789336471396,1.0E-6,0.021264892305586907
233923718,0.029008713188418647,0.021577107242265695,1.0E-6,0.012013975419941219
1412514814,0.01552959153054797,1.0E-6,0.04689673725424587,0.004370231106789848
38291410,0.0365519181714331,0.0024085750729839215,0.014395952004208257,1.0E-6
2210447,0.050754136511382074,0.008584395528542422,1.0E-6,0.004361035336469039
1579010136,0.053138710158686014,1.0E-6,0.0012364321755154541,0.04109930287644625
1209532996,0.01535851543674737,0.01942435660870912,0.021493316249687148,1.0E-6
1492725998,0.05505353171985161,0.004171965772151122,1.0E-6,0.04480306537888173
1918162045,1.0E-6,0.01593273920888465,0.0033699756794296418,0.04197738386302929
223279297,0.04092985028700311,1.0E-6,0.001793057315562618,0.09135026334522786
816927414,0.0187669197359422,0.01489479929668455,1.0E-6,0.12328562518990634
1017038,0.04851622447247535,0.003709059374631211,1.0E-6,0.04505192734619012
673326824,0.015140449171238881,0.009604089562343394,1.0E-6,0.1455464148566313
755662980,0.04995218685688708,0.010755156205605354,1.0E-6,0.03907440841878812
185953913,0.012586722430056587,0.021459815374421803,1.0E-6,0.09043316689946924
410823480,0.013508647052876199,1.0E-6,1.9558393806293006E-4,0.045356890429993905
416747483,0.015534295407298284,0.004649451577403181,0.02739062615687167,1.0E-6
1576395300,0.015067068830565057,1.0E-6,0.05187518791149127,0.09908639922749925
237178974,0.022236440695126102,0.01812100014683136,8.044765079817884E-4,1.0E-6
434113701,0.029479971594174464,0.007985284349837222,1.0E-6,0.11111281115949667
1553062,0.022999221254749663,0.005269122249675434,0.0317935488462599,1.0E-6
1691605549,1.0E-6,0.012001773917770816,0.031367607788644766,0.08826728212764494
1032744242,0.016412431143399787,0.010817261239147913,1.0E-6,0.17619213480147886
305293405,1.0E-6,0.015700291009977226,0.034071732540435856,0.06547746707872457
477795958,0.014424370664594654,1.0E-6,0.00550543545172794,0.23882479021691913
698951556,0.025041506111364964,0.0019117229086820255,1.0E-6,0.17815717970613576
1296293073,0.028349225675947828,1.0E-6,0.024942735544124666,0.10608470811061133
532940651,0.040581577470734695,1.0E-6,0.01150803169194914,0.08086521105454424
1409019759,0.01925112234298362,0.015655577854852734,1.0E-6,0.05109004308542822
288415648,0.023907630293658784,0.007163439855608041,0.04841368389864992,1.0E-6
2196844247,0.060574294156227115,0.00377502678039203,0.00503362726204882,1.0E-6
1083349321,0.05063742264903761,1.0E-6,0.010308273367315582,0.004836366564244485
1869324,0.029722229226896834,0.012111326752590171,1.0E-6,0.06571533391298255
10217226,0.02022700057440057,1.0E-6,0.04747573219790946,0.0013976366487039094
1651870031,1.0E-6,0.026168996254632027,0.024009629074718125,0.023270858995221518
587003481,0.03315094593085338,1.0E-6,0.025996146536297043,0.03089326754214648
1568310191,0.0416079790750879,1.0E-6,0.017726113051668584,0.05563087398768433
1706203427,1.0E-6,0.01399317864910888,0.003868666787338482,0.10010696883990237
14869619,0.013201577992604872,0.04193151816274315,1.0E-6,0.06008461766792479
317988743,0.05567237026752375,1.0E-6,1.2997887860315808E-4,0.07323079848704071
798491561,0.019719286746160327,1.0E-6,0.033793744396321504,0.04174865561582158
1833036267,0.01298965267024803,1.0E-6,0.06314064131757863,0.02345816494397698
1734853732,0.014828281773028595,0.015253133992821364,1.0E-6,0.12455409251178455
217639909,0.047680861897664545,1.0E-6,0.0020211122711528274,0.016095996591526586
20049903,0.051693843485741194,1.0E-6,0.026349465619742496,0.06578946787673808
31283052,0.04975108394823871,0.00768372259113432,1.0E-6,0.0753006140746742
198442710,0.01806801000688625,0.013278454181288932,0.029939994474425732,1.0E-6
326759817,0.026155618154826085,1.0E-6,0.018165132184498115,0.06635732213356305
632452757,0.03192031397662944,0.008917785568710071,1.0E-6,0.11712227819260239
44605115,0.0031707937741877806,1.0E-6,0.06184060501519968,0.0214592442720769
8429742,0.04080813377517313,0.009944678637468146,0.01844380502013868,1.0E-6
54793988,0.02192319693791101,0.01658146489342069,0.017066733990963975,0.011092708913739136
3429244,0.014118457776182538,0.01223686374318356,0.057015066948544135,1.0E-6
1481096959,0.01350844477607357,0.015397823817104701,0.02697084454621009,0.031521134043073086
2641062,0.031258067735312374,1.0E-6,0.0238874344763393,0.05930604931642737
1770922172,0.01611767264962961,0.011898405226933433,0.019601189352232408,0.04544155212658832
536175077,0.0019003277023101916,0.007312231972035664,0.06140188901226724,1.0E-6
363140498,1.0E-6,0.020859095923441186,0.029242340133795227,0.029642527640042656
203244119,0.019426689646622215,1.0E-6,0.002897495646616699,0.16121875378394124
421383221,0.03211288714063621,0.00655158664569932,0.036041848297917095,1.0E-6
13763185,0.016836144486100234,0.03172037489022237,0.01877631094053629,1.0E-6
457199627,0.055120275580799016,1.0E-6,0.008008917640722616,0.035113655349688924
1955404609,0.016640031518251795,0.0038601288762885612,0.04478035315545397,1.0E-6
399747591,0.04576415740427148,1.0E-6,0.01580423365915902,0.06615789439055747
258055186,0.04396836692817458,0.015715534258981943,1.0E-6,0.03499782242183824
554792230,0.0014928553829255927,1.0E-6,0.0358273392136083,0.03319204802656285
1443314383,0.011834220230904805,1.0E-6,0.009096572758669952,0.19301214782718784
530897843,0.02456203635811515,0.008947429312870502,0.03516731500408294,1.0E-6
23788064,0.049561590941891054,0.012732434579932563,0.009665989076822886,1.0E-6
234122468,0.010497034083152201,0.0028874618531691256,1.0E-6,0.20488522482656668
32329455,0.058593363281856055,0.0057405532765759165,0.009573106608694964,1.0E-6
1482864011,0.03929143825596996,1.0E-6,0.024638657561959376,0.006343558607708566
1573031,0.061245403964328815,1.0E-6,0.009265021385444633,0.03873150074804045
308479058,0.042529415837357885,1.0E-6,0.008078836869905735,0.13405099884489496
228131766,0.04825584218851869,0.01517716246335745,1.0E-6,0.0687532930502965
188294184,0.03642873405166061,1.0E-6,0.019872578233195895,0.11546016907487688
242298165,0.06142531222064552,0.005761254001177689,1.0E-6,0.012134124968699127
399496791,0.009719560973136906,0.005935864740471652,0.04468331747740046,1.0E-6
189380759,0.017043225273172737,1.0E-6,0.026928479387841393,0.1490922408969732
2049694412,0.033331081998275225,0.0073685349615873,0.03325256778563178,1.0E-6
1495967240,0.032066768006240184,0.010716349150728369,0.04463011173090473,1.0E-6
1016338314,0.029126446025532306,0.027485306325694913,1.0E-6,0.1360997070149347
976955592,1.0E-6,0.004529820691541572,0.049258743746804286,0.007808896279312458
46879111,0.029739021094584633,0.02945916438952543,0.015029958372813526,1.0E-6
785790431,0.011667207974808151,1.0E-6,0.007225284788036636,0.204718307104212
602639885,0.020801938042264302,0.019094150135740798,1.0E-6,0.08255934706181427
409147008,0.005619938776630339,1.0E-6,1.8247472340514098E-4,0.25529961796053185
325951115,0.04747826509903836,0.015215861897584237,1.0E-6,0.03942995592902171
1171396364,0.039328218034770164,0.012558340787687665,1.0E-6,0.10351316744585787
274978867,0.04590037196661846,0.01627923650537564,1.0E-6,0.039633296294664395
1691535053,0.008947303809927544,0.03765407883487031,1.0E-6,0.07669360414957282
1302497498,0.02209963101077968,1.0E-6,0.0430545808101546,0.07703934516408426
416576311,0.07078846270909056,0.004850476025259023,0.007002889374035183,1.0E-6
1082428988,0.0012110700678117153,1.0E-6,0.07288527638987749,0.014569531723386157
311231643,0.028010043525669458,1.0E-6,0.06416692482740409,0.03961936915709195
24693259,0.05817041582272971,5.392674728358312E-4,1.0E-6,0.05498064944408057
1454352926,1.0E-6,0.006523771514765005,0.04416487562233895,0.08804213308661084
1605254150,0.04161769857580651,0.01865250598713189,0.03617482320535237,4.423023493537345E-6
422169964,0.026139496043409587,0.006495146256141556,0.046322161153787234,1.0E-6
35168079,0.019434962629120516,0.013938323082206178,0.06798713384368807,1.0E-6
193880636,1.0E-6,0.02349754756115831,0.01853206953529823,0.11287214370136174
600642819,0.02257404822167711,0.018791224926431517,0.03884534627779666,1.0E-6
208471870,0.032197634353596793,1.0E-6,0.013268449450643401,0.17776099626264968
1753558959,0.04328519246026483,1.0E-6,3.235359844150399E-4,0.08484098824023294
470262620,0.07229760767431066,0.013679268182049951,0.010169009076282022,1.0E-6
1555906765,0.008181198622462466,1.0E-6,0.053878463132721786,0.027057927686401525
1507156742,0.052853212586680354,0.015736267778333504,1.0E-6,0.024443858634770922
1484325420,0.03407846446789766,0.020680202895231224,1.0E-6,0.11985057298777585
557687018,0.02110253860223614,1.0E-6,0.04911624193616691,0.026425867833413823
557637002,0.013550850716693603,0.005060254438710478,1.0E-6,0.24849613715255353
1679620202,0.03958100709080227,1.0E-6,0.03947184465809047,0.008489740213005486
360644987,0.015364661984114349,1.0E-6,0.06694145080263471,0.00986586936394211
3081667,0.035240136073992796,1.0E-6,0.03958294148032202,0.03750462031380209
14226171,0.02003447921323956,0.044138229364277255,0.030743430310099372,1.0E-6
320887137,0.020538609987027674,0.011544608284289206,1.0E-6,0.174636802370412
1520545325,0.0159877303312658,1.0E-6,0.0571276444672401,0.05763548889057874
787034200,0.04543242084875292,1.0E-6,0.024989394691479306,0.045036056775249904
6878507,0.02630370321831124,0.02768460731537226,1.0E-6,0.07696017269654716
200486085,0.019503802966908967,0.008881046229485701,0.06494272275552647,1.0E-6
975715980,0.04604250039336252,0.0025260015075900316,1.0E-6,0.10505002919035981
1086907885,0.012537500435509611,1.0E-6,0.0499933300774623,0.058234740033822424
1326449464,0.025030636197365994,0.011800065664907327,0.029164311515901195,0.15414294102687154
855086,0.03523407978926413,0.022294482940130693,1.0E-6,0.15276674730888326
600462354,0.01383483378176389,0.04259712643234948,0.028826135570747934,1.0E-6
1515586953,0.01392060350127499,0.010313057574578658,0.06613722542039568,1.0E-6
1818706836,0.013749607851946219,0.014938893840251951,0.06926962285189629,1.0E-6
4584966,0.00839377680816327,0.04116962304003513,0.020396291815324104,1.0E-6
565062187,1.0E-6,0.007020023065356752,0.10171430930502075,0.010489590317282681
796936457,0.02030289350634381,0.032914396357574406,0.028205255124841715,1.0E-6
362626626,0.020349537813349323,0.0260561673517552,1.0E-6,0.07490119710551453
1522027594,0.04116304498257488,0.022885898703674027,1.0E-6,0.039462562099779656
224608307,0.04489077293802767,1.0E-6,0.051880992440731064,0.020079841801183624
1659033973,0.022731510780501882,1.0E-6,0.06303709701869699,0.017395715948071683
607866507,0.01229290102529294,0.010637493372996215,0.043275591253361716,1.0E-6
1914530079,0.01455507672026,1.0E-6,0.06974340437968046,0.007034845254594768
1465362960,0.04744169653196769,0.012282700191366938,1.0E-6,0.05474297480702692
1532131743,0.03294446143163068,0.017911095050932455,0.030666496625433613,1.0E-6
4567477,0.02602380121208617,0.024001804772467855,1.0E-6,0.1261718753139911
28893179,0.019660045426035888,0.016362508697619352,0.03474276892976282,0.1503364872489764
504504226,1.0E-6,0.012828925029403249,0.11987554585179139,0.017813641218934882
44111646,0.012457018052116499,0.03689089206929891,1.0E-6,0.19263153708586486
1320835879,0.013143763524454191,0.009869614315505386,0.07596940734331036,1.0E-6
1178430872,0.055295618252633585,1.0E-6,0.013967021744727026,0.11075034209345476
266954200,0.007947234320689545,0.01135222727178553,0.10300452609554722,1.0E-6
245980254,0.018659371428156536,1.0E-6,0.08874207146316108,0.004083946153893824
1228619,0.013465330550382307,0.0618428632800312,1.0E-6,0.008073136206355752
902199,0.0455066147600403,0.012190799766008056,0.04951848022011744,1.0E-6
5497777,0.009735664295129818,0.04586934618573035,0.05774272795646878,1.0E-6
1398219140,0.04480549980936918,1.0E-6,0.04753901348124527,0.010436503433668287
7326258,0.042478570903688284,0.026145379395571752,1.0E-6,0.03021386769871261
1389152936,0.059065666586134484,1.0E-6,0.02963184266359012,0.011573378926350566
12294825,0.010651335712217385,0.04422779456331977,1.0E-6,0.05580618184372019
37418852,0.02488112207926978,1.0E-6,0.13121556536716353,0.046596973864635835
202233073,0.06720478490318872,0.0032481676992768735,1.0E-6,0.07040574237330771
4277286,0.062387708222467544,1.0786074895457227E-4,1.0E-6,0.02402042534750478
513777862,0.010291032804382502,0.009717130214219567,0.10329801174897986,1.0E-6
6339155,0.01011858189829939,0.05257514106895072,1.0E-6,0.1289240214080767
598953104,0.02863026711612744,0.01319918497213617,1.0E-6,0.13390449599930634
1036313865,0.01399691111959157,1.0E-6,0.09816580678373815,0.0488583268051807
292541916,0.060065503075374636,1.0E-6,8.377170543347802E-4,0.031552345398588096
549914473,0.009957966625251684,1.0E-6,0.11841598658533152,0.03025248647967634
1507355199,1.0E-6,0.0153662455219891,0.0822051849777545,0.12806129273827527
28249774,0.022656138998871735,0.01592000297196026,0.08391157401574818,1.0E-6
25969892,1.0E-6,0.041654909036223056,0.01787173751660672,0.07471871902120313
1153093183,0.014664986562204508,1.0E-6,0.018963640189331825,0.2500380384830834
1649486146,0.02974697124263542,0.0328333640085893,1.0E-6,0.05704024618235311
422202887,0.008907274549715892,0.037166884538224046,0.08165572302105163,1.0E-6
527605791,0.05943136597119423,5.798164422324088E-4,0.02533092723243347,1.0E-6
1757730544,0.03474710356060883,0.02699549639381911,1.0E-6,0.07485912201343566
278969024,0.021755657587983545,1.0E-6,0.09131548366170629,0.013051933270386878
56061555,0.02103298946337265,0.05697890947236443,0.107406374554633,1.0E-6
3925743,0.058605295638548154,1.0E-6,0.008129097429979965,0.11838377000484343
239723074,0.012672128756639906,0.07252294632753845,1.0E-6,0.02467004470194046
267960956,0.009552106401226055,0.0076524904066612425,0.08900840248997281,1.0E-6
661565659,0.01939237768545043,0.016903599141056803,0.09536875653917379,1.0E-6
431007701,0.02559190608417433,1.0E-6,0.023518855808766538,0.28302867521024505
262061359,0.015502505870597684,1.0E-6,0.13305090784501197,0.06173259950260078
1674727,0.004435450949420639,1.0E-6,0.0035772692841598624,0.27294087708682385
562986421,0.014950487935788445,0.03825257249429525,0.10257626845240712,1.0E-6
307212206,0.03700399056753417,0.018747950189648983,0.08378222410346528,1.0E-6
329032009,1.0E-6,0.006639204208630174,0.13715549215370973,0.009322483295419667
1499366709,0.012864625557871726,0.018228586345063805,0.09606335499932118,1.0E-6
1277491366,0.010203576762534711,0.04797435261051693,1.0E-6,0.06363252548598158
315377927,0.061764038429595776,0.020033065947256748,0.019327665517239752,1.0E-6
1400344254,0.01558740519875223,1.0E-6,0.08335549472543048,0.026125207978363978
395692372,0.024182860920350636,0.010346242675702772,0.08796240853649745,1.0E-6
7251090,1.0E-6,0.03693801952701911,0.012613610486135721,0.13441632182764826
602163313,0.0168226596695275,0.021187836067111346,0.08331049987643549,1.0E-6
976675492,1.0E-6,0.010344664413956038,0.10205385560811701,0.05776485273125977
528372598,1.0E-6,0.04638742370366944,0.058978330765432664,0.027178579610122912
1776159778,0.022150168789713858,0.029215438272826206,1.0E-6,0.20957399213425817
2138705146,0.007734589044206798,0.007736451238837343,0.09407425243636822,1.0E-6
1467334728,0.01256699927697254,0.06382763022658242,1.0E-6,0.05517228642429325
905890985,0.006820624266542992,0.04221406683855056,1.0E-6,0.10664812552264209
1490671767,1.0E-6,0.016738836641034066,0.09885469459386569,0.10410926590558346
517406675,0.011190603488857332,1.0E-6,0.12674879343276316,0.09065522486353542
262385842,0.018565618491926558,0.01613123849199192,0.13507104293574657,1.0E-6
1627581574,1.0E-6,0.01304842547722766,0.10290367954926097,0.10058443524219655
1293482,0.0080562664601808,0.055279263593349,0.08598636179178261,1.0E-6
21142246,0.021905636199748918,0.012136012602677987,0.11087934758505397,1.0E-6
1175253,0.07085603501447084,0.015424153543471745,1.0E-6,0.013533293633795665
29574323,0.017624003060406648,1.0E-6,0.12102901827965207,0.07001588904203582
1677872605,0.058254133934925144,0.010060223629357252,0.056659616446367723,1.0E-6
315420407,0.023134192611400616,1.0E-6,0.10934064534805424,0.006343946870210973
367792890,1.0E-6,0.02834123455508749,0.07290612308733142,0.03949266379266397
18382607,0.03802063723692669,0.048551142377156825,1.0E-6,0.019509101970634844
252220691,0.015843994240956442,0.06625647840776366,0.11560213359864259,1.0E-6
1720320675,0.022884271492407283,1.0E-6,0.12596218194403425,0.029078782089983036
596888605,0.01654991268065192,1.0E-6,0.0029640497501982406,0.3242837243040045
356916851,0.008210613610524938,0.012658097413626711,0.14300940639822335,1.0E-6
3398876,0.036565348403908876,0.021345472175452594,0.14032133879593645,1.0E-6
13889052,0.010379394208593913,0.01532906397889492,0.13344343256122806,1.0E-6
1522963042,0.014205187336984634,0.013342701750368313,0.09698999102262186,1.0E-6
536515954,1.0E-6,0.022533002772030516,0.14728949662054838,0.004269885206087633
1239547647,1.0E-6,0.04535401192103631,0.054040116229824194,0.051951997958759516
660530792,0.06252579536944379,1.0E-6,0.0596547323291562,0.007113497577352993
13114092,0.018680682306947746,0.01489751875158912,0.15111637350067603,1.0E-6
227342221,0.039342456088898276,0.038488347494596946,1.0E-6,0.058080211078787115
490407155,0.018303141485249204,1.0E-6,0.13313546760761913,0.028880648247794235
1964604447,1.0E-6,0.0568581012070304,0.04338949672932763,0.016700116317085678
145795748,0.023826302998194073,0.02813698136250072,1.0E-6,0.20957860983295462
216469060,0.024873855039963942,0.028777124662445874,1.0E-6,0.20625246069822786
1293951323,0.03231351395441606,0.02807441152214344,1.0E-6,0.060836245805816765
234623250,0.017031436226288964,0.07886305798590047,1.0E-6,0.06549573792127217
558684145,0.06006871696797785,0.01969144051881208,1.0E-6,0.11716241325795049
4623497,0.017444432372328185,0.02886001538348066,0.06355802969990787,1.0E-6
249061491,0.007896215050153478,0.05701005174343205,1.0E-6,0.14767465705866287
1702552003,0.007238587609850005,0.052898360015525704,1.0E-6,0.12906044693314547
47525,1.0E-6,0.04358657905754704,0.05289235004727594,0.1550523605015995
53960967,0.008533243036215159,0.060052229788932474,1.0E-6,0.07273146392984793
183636049,0.012097259026216752,0.0445796936564204,0.10678329348140096,1.0E-6
1543676122,0.01729895458329721,0.06871255846619231,0.07027525369577613,1.0E-6
196778200,0.020017060316481743,1.0E-6,0.17578504465410372,0.013101246969836297
400235601,0.015555930209348368,0.01697909030246082,0.15310992431060985,1.0E-6
263832221,0.020312026307715676,0.05438545473952792,0.10392862535844383,1.0E-6
883349757,1.0E-6,0.0234856070712613,0.07073104219978807,0.07903041117577228
1265783821,0.02171275184421263,0.05616126874030468,1.0E-6,0.07763348116722667
449067455,0.017900009314937116,1.0E-6,0.17132444415172352,0.026111874781381626
31836700,0.008814088703209723,0.05248750152383744,0.10711599247363403,1.0E-6
207765407,0.05681097039128324,0.015175100768865635,1.0E-6,0.16937543947591838
646795831,0.02379806732298075,0.04290648926320697,0.1450361006454827,1.0E-6
1227476,0.01789271263970603,1.0E-6,0.12923867630674243,0.024446469830264064
466438858,0.0653786857359098,1.0E-6,0.007644918888964453,0.019215427472026345
303310424,0.011086947998202933,1.0E-6,0.11898878201817122,0.001910625025320275
745141012,0.03983074869716096,0.038734436965384776,1.0E-6,0.1101358269953449
459486971,0.014342328571870093,1.0E-6,0.15863602781431416,0.09555364719620293
1244851794,0.026197290426476626,1.0E-6,0.1583481195628025,0.0018104480322088054
930783860,0.009749614981107374,0.008969644474860955,0.11965756942018363,1.0E-6
726342021,0.017196003973196584,0.07389193344986145,1.0E-6,0.14229144544620217
295032399,0.016448407623498758,0.011534593672582283,0.1831054920050607,1.0E-6
54194045,0.009405087130536924,1.0E-6,0.21415380164920117,0.017351357500340465
349509147,0.011674706943449523,0.09857063931506337,1.0E-6,0.07241996737380137
28946283,0.013315914073756131,1.0E-6,0.07151561845920537,0.24760232580178534
8615719,0.03390973698896388,0.04035415085394882,1.0E-6,0.2040435578900284
489759486,0.028808672496467562,0.061196738189509096,1.0E-6,0.25223601159749004
213089330,0.027400738792350294,0.08109459726616668,1.0E-6,0.08315793363442778
316964053,0.008763024135105714,0.07768887106272773,0.0501575193575023,1.0E-6
1027212419,0.006159911752299641,1.0E-6,0.1628464556436522,0.012086674139599985
2316813039,0.015168697860588724,1.0E-6,0.15044032790584408,0.01288529155502336
205179636,0.03510411482058284,0.019543132359477293,1.0E-6,0.12748745284476584
179649326,0.01759064779417322,1.0E-6,0.1366395616941787,0.0632876608489608
467702658,0.04345698464317986,0.02269777088021647,0.08931984052594362,1.0E-6
1172289835,0.059424530176343554,0.01623520744970113,1.0E-6,0.12122127878561322
1030664219,0.04627134122320489,1.0E-6,0.0028567881360542185,0.16551992207807684
468098413,0.00828595912036731,0.08496085510006912,1.0E-6,0.11604503046845811
1466683017,0.010911602167517595,0.05915452246601593,0.09827059331234482,1.0E-6
1380723642,0.01024718271548143,0.0204194102215807,0.16469829515881784,1.0E-6
22628170,0.008815484424966272,0.042650991436206265,0.1503711715301734,1.0E-6
1435070648,0.009249212063896846,1.0E-6,0.18742458097133377,0.017655180945458034
357757604,0.018257859165420855,0.04903296334975526,0.11424341825380806,1.0E-6
749668537,0.040527194697460085,1.0E-6,0.10126226334498052,0.02998178253804148
905938824,0.04869493984658972,1.0E-6,0.04671925750389925,0.007335928144291953
1473393,0.012386503173268299,0.0757457782836662,1.0E-6,0.17912922535966055
1460711082,0.002197184183487782,1.0E-6,0.1252021337507061,0.10687424967653827
238380518,0.009025300693855964,0.05847489960265426,1.0E-6,0.2182555260812899
11743588,0.010614586910050615,1.0E-6,0.21171659286292827,0.008016367611972528
276603658,0.03145107906043999,1.0E-6,0.003081982894064559,0.24106274581369208
1557895756,0.008367762720254636,1.0E-6,0.13881113488419763,0.27914632616246254
202670502,0.012678991798600192,0.05644111965163348,0.1711588180982723,1.0E-6
198854466,1.0E-6,0.06368344239394076,0.12765045837184322,0.028272744925699873
1929380441,0.006599482701873979,0.010380020953261387,0.2031578248469256,1.0E-6
572377614,1.0E-6,0.008871020435813146,0.17602654707393217,0.00647314043510096
1359231784,0.019895908817892174,1.0E-6,0.17090002767582096,0.04660861587580634
495379863,0.008764280971802435,1.0E-6,0.21404896372366689,0.007128831965022194
40366309,0.010344223388349266,0.0994938410004102,1.0E-6,0.04482328391761983
8907823,0.009830036476005896,0.02345085642215474,0.23108203397593002,1.0E-6
564835471,0.06098239272693939,0.03213552107388354,1.0E-6,0.04312871718040518
1988504894,0.03805779409150079,1.0E-6,0.1768127619439731,0.07757505848215489
643911676,0.0049513229233536645,1.0E-6,0.21554669788399813,0.021608357560711635
425194107,0.011154025600846327,0.026863696836039546,0.19490264475682018,1.0E-6
253454704,0.006010794648781609,0.01756762211329685,0.24807004209161726,1.0E-6
963680216,0.0063521232700928815,0.016553053281466903,0.2089912257423169,1.0E-6
526751220,0.013213910373557281,0.06545678258541422,0.06877293503900574,0.12494911982066237
362614946,0.015113683146203823,0.06652752156150563,1.0E-6,0.1367508651179411
605276364,0.015890137039677513,0.0963142042745781,0.10256586347536775,1.0E-6
1523737196,0.0067033975811751165,0.022833625492768277,0.19884976655263742,1.0E-6
1499566990,0.06917599042889469,1.0E-6,0.0014064969191825113,0.035853520203740524
201037829,0.005895265146262624,0.020731212402041874,0.21732805615036152,1.0E-6
256497809,0.01943958592463828,0.042733809413752065,0.09700000201375293,1.0E-6
6091652,0.0365680167726406,3.707811617097525E-6,0.050539390730945905,0.11145575439238893
216662596,0.017741637945266505,0.06630951302243003,1.0E-6,0.2317860309937898
211895754,0.016875483202068588,0.07808250046267744,1.0E-6,0.09808257155761312
218139189,0.009146072015669273,0.026095891516779258,0.23176274010243056,1.0E-6
2077774514,0.02472955740680721,0.044746991317875996,0.19432061354907026,1.0E-6
55995087,1.0E-6,0.0793336611525895,0.08292348502604222,0.11299047674940914
222066767,0.007776947726597802,0.03303677707922706,0.2064563605986508,1.0E-6
267621951,0.012226577955635904,0.029279501854098406,0.1887310971233676,1.0E-6
177795215,0.011487073988772299,0.06638049363510995,1.0E-6,0.28193080885420946
4562165,0.022612202822387753,0.027881624909446758,0.2015569477346762,1.0E-6
332326823,1.0E-6,0.004462985734370947,0.29387987177753416,0.030975400488269227
1512211528,1.0E-6,0.02756684700297407,0.22539855598638764,0.02016878416149926
228667981,3.70174274968281E-6,0.06225841173157722,0.06595164622034326,0.08267820091680816
271239922,0.0162782435560157,0.05476486531822084,0.09643694564485934,1.0E-6
1501539660,0.01444916252275521,0.1387050418836869,1.0E-6,0.019224916321129312
1513088920,0.008010301831176528,0.05403990378075069,0.10719823714375916,1.0E-6
1360848222,0.021553364473601337,1.0E-6,0.2162692736823727,0.02434015725731508
1538102375,1.0E-6,0.11921534360687189,0.05050510064348754,0.02625322996973914
864453698,0.011027164905626179,1.0E-6,0.23316383310810906,0.009982339300697246
1178456903,0.02742828441387958,0.09328694163201452,0.05029799716690109,1.0E-6
199158775,0.012398145216709332,0.017162712500529125,0.28739908052008156,1.0E-6
870166,0.005396953302347019,0.06052426452587214,0.21296953224103923,1.0E-6
741575740,0.009005543215252085,0.11015828724667909,8.112450741873472E-6,0.07961780619256513
2869768,0.005761776911041696,0.09623303222722523,0.1680203751911317,1.0E-6
864009,0.011109336263974512,0.13420624103521755,0.08473181103710364,1.0E-6
1320005854,0.005851249225393052,0.06985721646237693,0.17239525699967548,1.0E-6
240383262,0.03525766508540261,6.98454327544601E-6,0.07231774922402319,0.09173904115956809
20362787,0.006726134448315685,0.024409619978943076,0.2552931749896765,1.0E-6
3384273,0.005930500405569133,0.020858885653927253,0.3469854798413003,1.0E-6
1297589,0.007814604472362005,0.1085474886817308,0.11071025104173197,1.0E-6
3868576,0.0050972867601732875,0.03494257229202325,0.2453553183367629,1.0E-6
1505821325,0.00928389500378429,1.0E-6,0.31475458318965494,0.020524984107196567
869170233,0.03811862924938756,0.04022440829598878,0.21833421344273746,1.0E-6
478494954,0.008352933456315274,0.10751376107910013,0.09768181609294037,0.029528360389509775
1056489708,0.0174553695635129,0.09522751062932786,1.0E-6,0.1916474610464045
2805685,1.0E-6,0.07932381046660332,0.1194207908831272,0.12832446619894877
457726539,0.01381185118926969,1.0E-6,0.27354295239611354,0.029724691227150792
10792760,0.009090224998865833,0.16028390148722074,1.0E-6,0.051805138159534796
237513364,0.06479252082233809,1.0E-6,0.04401838686727154,0.11024512234211899
476132155,0.014706895434434677,1.0E-6,0.23433368250748443,0.03853894115495794
1430565170,0.007051750711778967,0.026230154492731642,0.29109465802771356,1.0E-6
1198017,0.01295870862153194,0.022453037395982863,0.2773213925916382,1.0E-6
247538574,0.020249919769785827,0.17571786855422938,1.0E-6,0.04676430762858906
561748977,0.00692283055428833,0.054596485057854145,0.24927104867485886,1.0E-6
25485637,0.015309098450575011,0.23207231901574124,1.0E-6,0.03339361241247755
507532621,0.013398862775501702,0.1751003190244087,1.0E-6,0.023052055096591657
188531337,0.014427999416771614,0.1392999004212722,0.1391794866690944,1.0E-6
538891745,0.015491002286878608,1.0E-6,0.38886549208782306,0.017266014572990252
309256667,0.010789468634390755,0.2111012756010813,1.0E-6,0.03916344670386212
1268586529,0.012127655141273655,0.01942946448764506,0.21647458564190147,1.0E-6
205697930,0.0047153255896412675,0.13029770332694718,1.0E-6,0.22632708524549341
2493785,0.05625853491357094,0.06381630250137686,1.0E-6,0.17592182514948096
1637893417,0.033465040128631454,0.04240489146959925,0.36793501595347494,1.0E-6
1225970901,0.01117934810848098,1.0E-6,0.3317247897879235,0.1664249633834675
42374887,0.019751903729109975,1.0E-6,0.38035356202660825,0.2346490419166622
1217669213,0.00472626503551968,0.12368367307319386,0.19567356657616203,1.0E-6
249463098,0.015897571213810715,0.13512387448093247,0.16285802705624258,1.0E-6
186892618,0.021137198557832054,1.0E-6,0.39377857230600305,0.17475032008479463
3014331,0.006376754451428873,0.1768016161128074,1.0E-6,0.13567896379552766
303982408,1.0E-6,0.1134214910003382,0.12245820363456661,0.25094689700551803
1325596464,0.01125058354247517,0.0359065816996481,0.36922803019620776,1.0E-6
1351903609,0.061268783635787534,1.0E-6,0.06805449268332865,0.006211931460452427
48805145,0.04399399516777054,1.0E-6,0.3832968923533378,0.012971004903455076
373615074,0.03292456131583066,0.15600632019926006,1.0E-6,0.04495521878705933
179192602,0.011065348285443165,0.22765691557331347,1.0E-6,0.028800782697549033
1585494956,0.05351280023576169,1.0E-6,0.1350480965109533,0.01954874683188868
178448614,0.00792553104534827,0.14506324856657216,1.0E-6,0.20587989615846528
11936494,0.004964937002929204,0.19584866053175132,1.0E-6,0.29698454888442183
361863289,0.006018294612836145,0.1373044050300583,1.0E-6,0.20342786842817298
310091193,1.0E-6,0.03573473692199592,0.34388065776522153,0.0072399218562207894
1198417,0.005428872547058627,0.09509776620647464,0.2940586105143916,1.0E-6
794087,0.007380140871281846,0.10006572717698704,0.32626399614752866,1.0E-6
530770006,0.007904039944293749,1.0E-6,0.4182651336958891,0.019653534000297786
530899937,0.05237299298816766,0.011995901707459554,1.0E-6,0.27460836740837324
353020539,0.007154200423326639,0.05563129033631076,0.24723329075261616,1.0E-6
1515197396,0.006968199097875862,0.07564847976925856,0.3061712556122339,1.0E-6
1217807468,0.02727270980749464,1.0E-6,0.4062542483968239,0.027197909706509843
812059436,0.005995682536680779,0.15011356348112345,0.21345690991149907,1.0E-6
711882506,0.02748492466332783,0.10849391029911279,0.2881226869232982,1.0E-6
233379621,1.0E-6,0.21053281540667243,0.061456919648617755,0.019064196280186053
642020385,0.017695699111711642,0.1065127474078985,0.3052739037449322,1.0E-6
21413848,0.004766828310421639,0.203849763522062,1.0E-6,0.22157595989627085
1517665571,1.0E-6,0.14031598989281388,0.2666219772589435,0.08296120986813489
250649733,0.005977955381628413,0.055608833416043925,0.44305497241091474,1.0E-6
1513962184,1.0E-6,0.17684100942008424,0.12191345078893576,0.018589832230335286
1080490214,0.019774263360492435,0.06794257827006249,0.42579927861602673,1.0E-6
342135320,0.005623562703730198,0.03601720226099022,0.3596974894915401,1.0E-6
406131785,0.00791301965520958,0.044634370390310346,0.3356628170677143,1.0E-6
415340009,0.029651292506010386,1.0E-6,0.3054652173540047,0.010073430077889762
23640688,0.010327078693127477,0.2944672014051582,1.0E-6,0.05521445028199633
1557097025,0.011423335562939844,0.3054491590205459,1.0E-6,0.09706827672430768
300551308,0.022591158796103263,0.23295379950580108,0.21386427610001807,1.0E-6
1676477,0.05224936787514637,0.17263135288910028,1.0E-6,0.10388866121283308
185524037,0.034543527900264576,1.0E-6,0.4067036921209758,0.0694291537934839
197868268,0.011883343830298496,1.0E-6,0.2327990870793704,0.013249425218187172
637296152,1.0E-6,0.030531106243531645,0.5284147305050988,0.052796023027845286
1530338851,0.008724995969898692,0.007717977845520785,0.46195402492483145,1.0E-6
2382136,0.012403276843205358,0.14797024045825058,0.3064650072707082,1.0E-6
1068757954,0.009863782260659181,0.091105495800553,0.26064539587512675,1.0E-6
259362248,0.0070402250085531675,0.2818939001290659,1.0E-6,0.07953790642048497
1968021964,0.04083263041521595,1.0E-6,0.10640705752788568,7.661414758766536E-5
257610297,0.009156812831612349,0.20843337401531273,1.0E-6,0.26296539177190087
1347197698,0.02508018580794202,1.0E-6,0.6404582060869476,0.18365010956543829
9539073,0.0185883710048313,0.2800607897110827,1.0E-6,0.0901885477880308
1381400840,0.016777545475048807,0.059539690528771845,0.38918479159182034,1.0E-6
744313691,0.004970345789228498,0.0732639439391603,0.4112582582039161,1.0E-6
376424344,0.04953942704798292,1.0E-6,0.3583435194421723,0.04880726535520258
342018260,0.03708366615359266,1.0E-6,0.3270664506029908,0.1002855180861285
208265659,0.005211268017852629,1.0E-6,0.2404548913205549,0.48700729691398736
845519,0.00858285387381169,0.29025423578519977,1.0E-6,0.2972599025958021
16262285,0.007560009887329951,0.26670838383762513,1.0E-6,0.10736835860260484
1567992975,0.0069607898047513266,1.0E-6,0.43162225862765624,0.10585303245714155
12906914,0.01419370741077263,0.06510950066233105,1.0E-6,0.6985587942544236
407092217,1.0E-6,0.07226505056078529,0.4486207732959215,0.05083752746851992
979633571,0.01837828614962153,0.15196390584901234,0.28126625714277503,1.0E-6
523025192,0.023750335730570393,0.06553571129293191,0.544651525503064,1.0E-6
752099318,0.004775360315863717,0.0582760810122309,0.3242660669940788,1.0E-6
322100534,0.019553568796810614,1.0E-6,0.5381543209735017,0.04055581628161154
1661597304,0.010197014055657422,1.0E-6,0.3787589782709396,0.027637499599023188
1721619967,0.00944262624429148,0.21652488052423022,1.0E-6,0.25799359920458076
1788508,0.012508402091679506,0.1995157571905133,0.38939278577535946,1.0E-6
33747063,0.0055439262759005275,0.20886241481323095,1.0E-6,0.23292845119056155
208808122,0.006146317344768408,0.21741022096947363,0.15882000547071715,1.0E-6
26795042,1.0E-6,0.20591402845871384,0.151701525733221,0.07740234324687464
192231307,0.008728124224108024,0.2196060826205292,1.0E-6,0.050241888756210586
535887615,0.009984084930111905,0.03450058205498305,0.4634775620928555,1.0E-6
241421428,0.011377030903374318,0.051971111799435844,0.3602786475055294,1.0E-6
235476465,0.010023683781918329,0.22116411383777332,1.0E-6,0.4158642045448009
271156627,0.017141501559939255,0.20066864827801714,1.0E-6,0.050905642124219865
582416280,1.0E-6,0.246195885817712,0.27797104585919435,0.21606607940853134
382170702,0.012143557382603153,1.0E-6,0.3315493391304446,0.02020294612258618
175485485,0.014263570354908993,1.0E-6,0.6664908547602085,0.013512853550615907
1484014000,0.008433258823936661,0.26598886379459347,1.0E-6,0.04889343822648224
1119840252,1.0E-6,0.042275706619267266,0.5648296174551606,0.02562204017670832
200888797,0.04015888807352988,1.0E-6,0.16630711764895603,0.2281406406888565
831038,1.3063277409522105E-5,0.08942933050414112,0.22436049831451094,0.2510769794646261
37077380,0.012352887986787948,0.28846432233806957,0.23252844500643388,1.0E-6
467481116,0.04854250519027543,1.0E-6,0.518301818350209,0.07912851674105431
224888618,0.005892119672662227,0.2970840692682591,1.0E-6,0.07128527088917536
266084535,1.0E-6,0.20614520328225627,0.30658112942000715,0.07718647245034455
363087494,0.019530879335533595,0.4179916225413703,1.0E-6,0.02867960721643528
335036925,0.021152766798345754,0.0573668941672375,0.3799748689055495,1.0E-6
1528450183,0.029391965184465737,1.0E-6,0.287234864574382,0.07867652372771242
1038393,0.017295015319423665,0.22474350047921163,1.0E-6,0.21480658507453193
460386136,0.006488926528826975,0.17439577970461725,0.21573224952434203,1.0E-6
471877964,0.010567849077590454,0.1902192951425931,0.28009947033814414,1.0E-6
267653965,0.015191269950966656,0.1534603659346641,0.6428133611713136,1.0E-6
50844490,0.005434779027176088,0.2524990332801458,0.21872076267931898,1.0E-6
26926343,0.01684371089429381,0.35666843157835354,0.17137696082022486,1.0E-6
1991366,0.023620831089973857,0.3488541209453163,1.0E-6,0.13324179797412325
372958001,0.012767253830367626,0.05627865418169291,0.16136442645426688,9.228773139614748E-6
224984506,0.021672402565871322,0.31077949117455306,1.0E-6,0.11077480503696077
30412871,0.006791561235328011,0.23437985984993054,0.21304337098969334,0.019539805128582697
239380550,1.0E-6,3.9070374635224596E-4,0.32158882627662927,0.6170437784962624
23732334,0.029622608023936178,0.15727269672963023,0.4553905543752241,1.0E-6
976262961,0.005484019188336558,0.057997679313548614,0.41726382993857924,1.0E-6
44272785,0.006407375054474504,0.10220380412593226,0.41136841158492043,1.0E-6
5175130,0.023957191421113962,0.33828797395764154,1.0E-6,0.09880471823328046
1465001512,0.02613975006800396,0.2510539305924124,0.16204788071766704,1.0E-6
359509471,1.0E-6,0.11934105324707547,0.28485080799050955,0.7157597301801397
43373288,0.029989444937016392,0.1963790216288966,0.3519418382362308,1.0E-6
769582,0.005704178666064427,0.278251657368018,0.18601365928715832,1.0E-6
1484212212,0.012877154208036451,1.0E-6,0.3895906180285581,0.37753663293956463
16838282,0.006463483759568693,0.31269624377415167,0.015240720406432429,1.0E-6
366564420,0.009129048986898381,0.12973012396382094,0.4127560811435313,1.0E-6
856125062,0.0055669375200979275,0.24801039154755483,0.2035007319125548,1.0E-6
1477732293,0.023313905522725498,0.20907409464229434,0.5317800415429698,1.0E-6
778228762,0.013087141478209965,1.0E-6,0.7536744048686669,0.1382268961042832
495410610,0.012063353184803852,0.2949612302226465,0.4119414361148149,1.0E-6
2061161,0.005087862705485837,0.127921407893412,0.434531703423059,1.0E-6
635537849,0.01114292259981187,0.09946367628612518,0.4209378248940128,1.0E-6
9688438,0.05016017505061972,0.25082516887661144,1.0E-6,0.1745577570434458
2076190,0.005074650263418388,0.2626339606004421,0.26807312464302047,1.0E-6
387804605,0.023736850999635607,1.0E-6,0.5223332877691848,0.13181344002630857
299889819,0.005510278683414377,1.0E-6,0.51813799322471,0.027669239455664334
526363172,0.033534542841061374,0.3428643285176779,1.0E-6,0.08197980692794857
341934645,0.01386916162799093,1.0E-6,0.7218078754668058,0.010345142455141173
12462327,0.048591367358526545,0.27674936735012345,0.4351119509168068,1.0E-6
1392836448,0.015466593542817257,0.19018141320750645,0.5736451193279983,1.0E-6
1066901,0.0063138380312596385,0.3432866600779978,0.24983882338602018,1.0E-6
527909974,0.007113304109648488,0.1962645153038247,0.500398886562744,1.0E-6
781876,0.03456884946062793,0.181648270920377,0.7160424556658477,1.0E-6
242343983,1.0E-6,0.45776574849183727,0.1731429165557249,0.005500892089451331
42050086,0.011185466602449321,0.23071510284830304,0.21354013460929402,1.0E-6
208695603,0.005608991973739061,0.30420480272106293,0.12713786594772133,1.0E-6
1603709979,0.02574704408784112,1.0E-6,0.3516170143930887,0.05506192932895893
12823531,0.00668166462079123,0.22086798200620153,0.5476833564251059,1.0E-6
2479803,0.02548160507950892,0.12401785143244379,0.8154366607974102,1.0E-6
240442515,0.01161056346820211,0.49870714554148016,0.27654009962383835,1.0E-6
269922335,1.0E-6,0.4711644434317712,0.04945553566338586,0.005797603154445961
1215437540,0.010845812036997146,1.0E-6,0.6925224241183616,0.017174198511543934
196677619,0.03739325493387118,1.0E-6,0.45772290486129785,0.04042583239585957
211739830,0.019522165295847826,0.42413880827083555,0.7679190282865346,1.0E-6
309194749,0.024648402809963908,0.2984063981248731,0.2026002250417974,1.0E-6
1424701184,0.00899465711180216,0.35892859355523804,0.44341286708282507,1.0E-6
78648,0.005422223309773444,0.42338221709843654,0.19020967055836535,1.0E-6
343614888,1.0E-6,0.004131615710337199,0.8539196195522766,0.017763029722736166
206367606,0.021857534046248593,0.3208192808642047,0.859559374361084,1.0E-6
329678610,0.005989444149449232,0.33672566349903305,0.6148333723838284,1.0E-6
22440645,0.007032042709862592,0.5938345003811464,0.23011145475973704,1.0E-6
29859151,0.006918878096096567,0.4936056711255402,0.35283009057359377,1.0E-6
788005,0.01426594490674313,0.6596947351819821,1.0E-6,0.1184760696044528
23461186,0.007703615367345078,0.574616527782857,0.34379239971919334,1.0E-6
13059005,1.0E-6,0.2768266696948568,0.5985009771367605,0.00557567602352127
251584954,0.008709283529279447,0.47818989090303954,0.10472663757108082,1.0E-6
248522344,0.058606227100227025,0.534463082521395,0.25753969505875496,1.0E-6
544012526,0.006551170042128732,1.0E-6,0.7873672600305122,1.0E-6
345586825,0.008421078978614962,0.4382095852124761,0.537107371818459,0.06621017525152509
18854090,0.008076664170848366,0.24918743568200188,0.5028777538340614,1.0E-6
1449596183,1.0E-6,0.38158105902026884,1.133464988797041,0.09057495129714126
526172948,1.0E-6,0.11815595457362582,1.1225826862283177,0.010687893331001631
211165873,0.009761801818349547,0.5302985099685201,0.3055045007886603,1.0E-6
24958698,0.022165388270028126,0.6219213108138886,1.036789559612937,1.0E-6
9456650,0.006677427580827216,0.5746467397933196,0.47138014922962473,1.0E-6
39609231,0.007389484522440875,0.5005091739462968,0.17079874207592083,1.0E-6
47783190,0.00655002101949707,0.4414308906334218,0.5164203981243173,1.0E-6
218496931,0.03709207369787493,0.22939169025278341,0.97382801586273,1.0E-6
2602391,1.0E-6,0.5627578339406795,0.3882757206774514,0.028656289478881193
1340118021,0.0057563499187032385,0.4730385571354157,0.5999661079956867,1.0E-6
297317271,1.0E-6,0.8342106795119336,0.523338075551311,0.023896923894390718
276862452,0.006608755714041825,0.13677505644267623,0.627899665220635,1.0E-6
1105797835,0.021355575592695082,0.9011579206570943,0.3031071948053384,1.0E-6
8829552,0.012624538117055701,0.8510402933055141,1.2887882167788225,1.0E-6
273275256,0.007608297224371906,0.5748017774543454,0.36645064700547925,1.0E-6
4270959,0.013950258123902727,0.4371217267041139,1.2756263703913335,1.0E-6
23626351,0.008029908773972057,0.5362726823329411,0.380399016509945,1.0E-6
2308135,0.008361977234568031,0.7635548279637692,0.13074681339092167,1.0E-6
233986127,0.02726469238431797,0.5375145010278819,0.9812525074769646,0.16375555369923123
976963157,0.028264135762282552,1.1259552184062016,0.47389097924506135,1.0E-6
497665067,0.027776695488388896,1.0403401396484808,0.6795534920488955,1.0E-6
187634975,0.006787463568133421,0.30341724382724083,0.5973124060557965,1.0E-6
208367668,0.011849707778987103,0.2888725821455383,1.3463980386107581,1.0E-6
258102864,0.016231923486851554,0.011194004930474509,1.8871206969499166,1.0E-6
3890255,0.036793766198230195,1.3758764065029867,0.2830599365396456,1.0E-6
1358376686,0.10115562705164263,1.0E-6,0.27283898213131647,0.0020135604618666835
29950685,0.06726183207861393,0.00390316461324168,0.6826211759980526,1.0E-6
218585478,0.006799880886723466,0.6174839014475708,0.11536727472873783,1.0E-6
1370119083,0.016749488786856004,0.529010110064952,1.7889734363604974,1.0E-6
21420093,0.018951140956088002,0.684642485161757,1.8926293747479574,1.0E-6
12152779,0.012348514641016465,0.7411128837611886,0.21528066268721172,1.0E-6
337358922,0.021191848584960708,1.8012811296580948,0.25822335565207183,1.0E-6
447587670,0.013494344372714302,1.1854941053197823,0.06455752821904656,1.0E-6
178043101,1.0E-6,1.107560194464186,0.37534580389691097,0.29331972400713247
5755715,0.009387313040082985,1.3083553126996854,0.6200033601814712,1.0E-6
1387411024,0.013069792454772189,0.30961149205870847,2.4019262222404216,1.0E-6
176016306,0.006932792510884877,0.7602077138628901,0.6100122882594635,1.0E-6
3044909,0.015230628289732182,2.008097113787321,0.4434732112872734,1.0E-6
204847429,0.024237682907752287,0.400215733049861,0.40717359737542974,1.0E-6
4360687,0.007441264249576321,0.018969358756198818,0.8015862016068802,1.0E-6
1271707178,0.08663306392653897,1.324018271222866,0.18921546293427344,1.0E-6
190439839,0.014947230187465037,1.249806373918685,1.1152040878563456,0.04173761862946462
187151842,0.008286110819645552,0.6421268210638083,0.37357144858468344,1.0E-6
241151788,0.020130538729925058,0.32097879022568193,1.812400109468589,0.03303051543759585
4787785,0.012408646563992268,0.7653632286983327,0.7084235926611355,1.0E-6
10185510,0.01081104800704706,1.0137733716866586,0.41394259744739165,1.0E-6
31633728,0.008975978199011884,0.8481798403779031,0.1431524067864054,1.0E-6
10004059,0.06561565572375158,0.3276587936191494,1.5271398395498494,1.0E-6
3373974,0.023756725881065463,2.293189224266937,0.05833307451207837,1.0E-6
273114450,0.05317712908897382,0.2139478905140565,1.235062507870107,1.0E-6
3879158,0.012775968493734045,2.472680195254674,0.21488482468994358,1.0E-6
628103579,0.08477643181558045,1.0E-6,1.411234413832267,0.03399450683667504
192121043,0.007214100233832909,0.8486202037893281,0.5716584670812811,1.0E-6
1312221,0.008111098756141313,0.8209049611680798,0.3821303498255866,1.0E-6
145308730,0.007814120970970598,0.6672991786023525,0.41488402261295976,1.0E-6
646862038,0.014843349614277544,1.9421849999133642,0.39312624440484906,1.0E-6
294631191,0.03421706453009318,0.38148901334805674,1.2279292451147479,1.0E-6
8946560,0.012956495125815516,0.9694507153471033,0.8567489324870133,1.0E-6
198762295,0.027638600422331128,1.586278259639057,1.0274420749298576,0.12026226093115791
2007924,0.015334933230032837,2.272299788605946,0.6796901344764376,1.0E-6
1683745,0.018611822404106595,2.3317655060142393,1.1216368550245597,1.0E-6
230727846,1.0E-6,1.033339950619767,0.4157357622447388,0.002681604713379004
217782915,0.008086615099919866,0.7440444740233219,0.22136928487966354,1.0E-6
31768160,0.018360305705597678,1.326134011536082,2.353985828303239,1.0E-6
237776406,0.053439738654485425,1.0E-6,1.757953854731881,0.044116272214504634
224336487,0.025926510089347626,1.923071068178486,0.2409327507056282,1.0E-6
331302998,0.010915601484111121,0.8416399386433405,1.0757936882780816,1.0E-6
407307136,0.01942513246015172,0.8997865530119874,2.532349354767433,1.0E-6
870445759,0.008059386805937699,0.7107236461366456,0.46936135348138275,1.0E-6
2708917,0.059167118664000304,1.6807351920695839,0.5088338013972674,1.0E-6
287869909,0.007501034566441985,0.008002077914482835,0.9534570341300275,1.0E-6
509995308,0.012873183237955667,1.4905171331715374,0.07516439128896273,1.0E-6
367160963,0.035253555255946076,2.489468441869413,0.13406421633016016,1.0E-6
5361039,0.009976183816836608,1.1913165827321923,0.18645733588892885,1.0E-6
41357433,0.0103216496167277,1.8798009452111841,0.9779223564995801,0.05575243729858707
1551389,1.0E-6,1.7408299961354792,0.8502273436037109,0.0872702641922477
5977929,0.009229144037766361,1.2862852913575626,0.5224654302314518,1.0E-6
2537473,0.008818674945226843,1.1688163956514368,0.5527026733053042,1.0E-6
16065847,0.012307756710914828,0.7730611580148048,1.2164510283581906,1.0E-6
326739637,1.0E-6,0.7908689172787776,0.7308141599347988,0.20332346080451275
27543924,0.007900132478715582,0.8163449865952458,0.21919333301250934,1.0E-6
41987900,0.012412216680912788,2.4419284730736686,0.24048160378780276,1.0E-6
856855,0.010338739019379772,0.29667998398741946,1.338465139092281,1.0E-6
41373987,0.007840083738882207,1.289221058995353,0.28788437248774473,1.0E-6
1075272,0.007373464082524882,0.009755398395964177,1.3176861079936173,1.0E-6
252976899,0.036350721558216094,1.6930065338450284,0.5433645731363268,1.0E-6
1064366,0.010329725254209011,1.0294262616149186,1.5746013520255784,1.0E-6
1113090,0.04039789661385766,1.60955039491788,0.28802439582004946,1.0E-6
179360669,0.06022823795423374,1.0E-6,1.1372186337151955,0.07510034617127534
10820607,0.01051226041337558,1.3442236539078252,0.6426544462356716,1.0E-6
583684651,0.02240683897704461,1.4017576931897502,0.981328215368876,1.0E-6
335965077,0.032747048602424646,1.6027089289024559,0.23459620030109163,1.0E-6
777821651,0.011849645810799173,0.2736812220886855,0.8623941737902744,1.0E-6
320498757,0.0305105229886915,1.5348979818317043,0.27504946975157774,1.0E-6
610571830,0.0066044683410024065,0.6839270491574506,0.17212690199144687,1.0E-6
15977721,0.007835511583780099,0.6033492159501751,0.6536961355217084,1.0E-6
1476954,0.021792833721430933,1.3914465986483449,1.6672679203487641,1.0E-6
35720927,0.012547058805668582,1.6481791594341777,0.49300027372135163,1.0E-6
15597699,0.012156966385411187,0.7982988256209389,0.26655987998518454,1.0E-6
26958503,0.008634583329150269,0.7268436863685355,0.28544030505037454,1.0E-6
630230818,0.011852996717951668,0.3785765555626273,1.4287451043028783,1.0E-6
2226095,0.008244312853819701,0.7606408912237745,0.183975439868067,1.0E-6
2188824,0.008494480035958749,1.5261243947033398,0.5911802028698899,1.0E-6
3830537,0.006224618113416468,0.7512567898211611,0.3488671071366352,1.0E-6
6360082,1.0E-6,1.038813443268804,1.1142651141073818,0.02695331918795183
4130384,0.006126581673513734,0.5801125527332546,0.8034120313206363,1.0E-6
248508947,0.046588809945844536,0.534484074128838,1.4011710837786433,1.0E-6
845529,0.02277253064008808,2.1134439505351716,0.3486841506757962,1.0E-6
231949310,0.021920315261018473,0.5002677760721101,2.3518688326562756,1.0E-6
1445709739,0.07928808789819403,0.010603447087362956,0.9650217648182523,1.0E-6
54051005,0.007886893529365599,0.8658122559387008,0.4818992230489765,1.0E-6
363956201,0.026103340513646975,1.550410553645175,0.5566482299419785,1.0E-6
626589315,0.07392287963535908,0.0035106899742400727,0.9446721585573971,1.0E-6
217728319,0.02364878689947693,1.6639838548350712,0.40909248359000383,1.0E-6
174332982,1.0E-6,0.5827966970349596,1.97590342663823,0.011601621214194124
43221060,0.02139416824129348,2.179746410234887,0.9049939189200464,1.0E-6
27622521,0.022145946025866836,0.7737556547075141,1.965987535935929,1.0E-6
958642,0.06243051600526283,0.9710833984069044,0.7681216714246705,1.0E-6
3112656,0.012930389630320269,0.7109794814243827,1.105343599682911,1.0E-6
247605893,0.029324183817078957,0.2658254557571023,3.0086022517631004,1.0E-6
54815032,0.03696808246614589,0.8616241343344238,2.1097889708477964,1.0E-6
43958828,0.08693218938026087,1.3875666374771145,0.2938856086653231,1.0E-6
1649828,0.007304120922993402,0.8360531984530118,1.0577280846075376,1.0E-6
22171095,0.012888617022767862,0.9959373130772733,0.6115154877262491,1.0E-6
316731281,0.011932605898057634,1.602070394735563,0.20525771682598362,1.0E-6
1000179911,0.02245252473062395,1.9565852379941588,1.219166897761907,1.0E-6
25424715,0.016165006048726865,2.1655719668070113,1.2589474269374819,1.0E-6
9685103,0.010868258594402939,0.9953021761044949,0.21364203386790248,1.0E-6
3037457,1.0E-6,1.9653745255466628,1.4400477008450516,0.035029637654751054
186019852,0.006435794524464941,0.7825744520360705,0.5958893103628585,1.0E-6
255457057,0.010814923333807723,0.3200141640578981,0.8862167866746815,1.0E-6
348630381,0.037579794655068534,2.0766659267167533,1.3236041796280327,1.0E-6
1324153,0.02189167047735238,2.7893437116588955,0.34989580397340125,1.0E-6
52858265,0.014424411931002027,2.515457697664379,0.29360861045854075,1.0E-6
1371898,0.05468948635737982,1.8776429117003528,1.0620160591601124,1.0E-6
1097118847,0.009848462170575051,1.5552361700652895,1.5992344483442849,0.030542080892865812
3523523,0.008685699552024943,1.006668893481136,0.808355018211538,1.0E-6
2064315,0.010349827781619844,1.039302238344595,0.2107448253328769,1.0E-6
3300887,0.013801641665895564,2.241369748685693,0.11877574263459086,1.0E-6
5057456,0.012664249110896135,0.3090827395573408,1.532489555039426,1.0E-6
4587001,0.010312699716325263,1.2460361035208884,0.5438190159098697,1.0E-6
3117840,0.04541805512440987,0.5535941048191676,2.8526322908290376,0.0448456096183572
450292261,0.0093197604837111,1.8132738913979827,1.0877980534087293,1.0E-6
1508932219,0.13091744870002128,1.0E-6,0.9703474021431069,0.00896893371472569
2196457,0.012194358573374989,2.0684917490551724,0.3352981757987498,1.0E-6
45966580,0.017279984035965732,3.3560524932567666,0.17633871286742933,1.0E-6
89692,0.009878973555339853,0.9892896372205326,0.7019683226588271,1.0E-6
222815744,0.009932224136327328,1.277037392282048,0.9917616459759104,1.0E-6
176925601,0.011310179668165304,2.311657479918639,0.24641104505533293,1.0E-6
35127351,0.007776984852054878,1.0809793729156578,0.3750745948428514,1.0E-6
781429,0.007593099152211006,0.6355823832894391,0.9830556174201022,1.0E-6
189778250,0.011171953207161902,0.6787471856770594,2.045188098615629,1.0E-6
349467985,0.010005079867191877,1.3741040218346567,2.5902486019819295,1.0E-6
990644,0.013292400460697438,0.23279223668529614,3.011742180450526,1.0E-6
301613458,0.010932911699110159,1.9620333452843681,1.920782094244973,1.0E-6
868058015,0.07759245645511662,0.8198202221598457,2.712177019244766,1.0E-6
190136173,0.010040915118822234,1.6915947666059072,2.249628792500882,1.0E-6
27431896,0.008103777925535575,1.6875041754934168,0.24968069327553216,1.0E-6
1333203523,0.008799804754166548,0.1295088367206715,1.2105157403950375,1.0E-6
200449325,0.045874934389485963,1.4036801124633471,0.8741657154051052,8.007158575172587E-6
12843885,0.012081588167833156,2.0707947508633215,0.6814524798507728,1.0E-6
242708369,0.013843423462736912,4.008243617787103,0.20672844058720227,1.0E-6
389492388,0.009423702931978509,2.232410826168616,1.4947193203185933,0.04081701024800197
4268403,0.013984565381355797,1.4045960686398624,2.893018344153505,1.0E-6
20850451,0.01452820091058721,2.2292920400788367,2.297543809068932,0.043124779221217276
2490353,0.01380033287748356,2.3970320401824914,1.322326390203098,1.0E-6
6308389,0.017707388814323773,3.1888395321201175,0.9032152627151926,1.0E-6
1898141,0.009712382667386324,2.5691051523001693,1.750567900628634,1.0E-6
181896432,0.09651373881072237,2.105647966846783,1.3242480433776154,1.0E-6
12752931,0.007382406892146124,1.3259967108273654,0.46769646677492155,1.0E-6
1113921,0.009920005024010161,0.6699698677951385,1.9743450865677632,1.0E-6
145714741,0.0097359009957537,2.5955296643488492,0.6654114330754193,1.0E-6
1676784,0.013716553531638828,3.4559635104623037,1.435111418112567,1.0E-6
1444451,0.01050944178887233,1.8432954905377927,2.525091616189744,1.0E-6
1213941,0.03714055594391781,1.5000863119457262,3.031504222231101,1.0E-6
1371467,0.02710080945249998,3.35745077126676,1.312092762972931,1.0E-6
4487106,0.019257806082027987,3.3988264512943354,0.43412857575341185,1.0E-6
289020041,0.011877894478407957,1.5341479060953196,4.573270839124423,1.0E-6
3135225,0.08411587493073297,2.1657630922343767,0.6954406791835295,1.0E-6
2692900,0.019778948505344226,1.259116954617573,6.177434405366827,1.0E-6
185416714,0.02283844508838426,0.9519388392064378,5.331308196616954,1.0E-6
815942819,0.02880603266624143,1.9005254621745373,2.503152965438063,3.333154986347461E-5
23876446,0.046408367533702796,2.7295012729819246,1.8849114033014054,1.0E-6
1090055,0.01024195700224122,1.6287748624267875,5.567451554236062,1.0E-6
