1469609400,6.754135449931796E-6,5.880127658178488,7.658780671212812,13.582346927610411
1262742,2.243241973016597,2.5723082285967083,2.040380501631345,1.0E-6
431904090,1.0225039564319878,1.0E-6,3.475331395415171,0.5543701487134678
13299395,4.321580952540737,8.063694928188292,0.03011934166338004,1.0E-6
467814133,6.466562724575653,3.5260165153006224E-4,0.6959398333438259,1.0E-6
1114970510,1.6676351751731153,0.8055558606505745,0.052523654260783224,1.0E-6
546998530,0.004947844074892101,0.1122197362733164,1.0E-6,0.46405723869566035
1971402599,5.024169584519576,0.006803128466028338,1.0E-6,0.21283274222700393
267906357,0.5683422153330018,1.0E-6,8.97681492480485,7.035819570683059
1676703,1.0E-6,3.2560262174904784,13.978648477024207,1.5837513002162573
1542462653,0.47534007615255586,7.409441208998276,1.0E-6,2.6497766944131467
385182586,1.0E-6,11.58950661268491,1.9946130473211372,0.05402289247340554
1354076618,0.18883153796709937,10.672389871409093,1.3219690658986667,1.0E-6
1827621887,3.4003779900684674,10.66794830515478,0.004985703309343392,1.0E-6
15318279,1.5145068143598945,3.957546256640841,0.8550927462599375,1.0E-6
1112056,0.8457927902085596,1.4619123470311093,2.702914526919998,1.0E-6
2183178290,0.6258022370418516,4.397176561579024,1.0E-6,0.3129429899054637
1551859751,1.0E-6,6.717909183490571,0.08626856347032963,0.2933164329078398
1714328,2.7816456701916237,1.0E-6,1.3957289040762588,0.5229519033754064
962785815,1.5109336871434855,1.4077451465101698,1.0E-6,0.4019697830011339
24211166,2.4266220739639364,1.6849750134450843,0.06766646658465843,1.0E-6
221758078,1.1186518040103341,1.9039157030698384,1.0E-6,0.3113791613492699
1088969,1.9874619999409746,1.4096321981064621,0.5694315731457594,1.0E-6
2516898,0.7357718963270817,1.1595041383139428,0.609221470549775,1.0E-6
1406894013,0.005982554492956647,2.8096752243948613,2.2788672089845003,1.0E-6
1537191,1.9973133196689528,1.2947176577083013,0.23615622149953583,1.0E-6
2948999,7.432557165109044,0.45683325003736314,0.00901874080744929,1.0E-6
15343745,0.6977582661579698,0.9866701207174058,0.44264564020602853,1.0E-6
15412975,5.14067340758342,1.475196609592658,2.137657491563538E-4,1.0E-6
1545775,0.4427487509442361,0.8539092764161932,0.20842670412149303,1.0E-6
1696627228,0.0034177706523455084,6.222168315671179,0.13627932903580278,1.0E-6
1480704938,1.0E-6,1.2200717776345231,0.6218809392781974,1.0E-6
278477371,2.8550974676974525E-4,4.571564435262121,1.0E-6,0.004848991665554212
2031970835,5.6247471405859635,1.0E-6,0.07971039172446955,0.10397519113751767
787724071,6.688239928921469,1.0E-6,0.00938335872092985,0.012882792136008658
26913335,4.2455660306128244,0.12687980445339697,0.1116774701963624,1.0E-6
21751548,2.020609368449914,0.11840899108070377,1.0E-6,0.31908918696617106
61691,1.9059962175782421,0.06863405041720075,0.04953692265215398,1.0E-6
1456330238,3.707215482450467,1.0E-6,0.027894488625044893,0.42049166609527694
50474234,2.71410210650528,1.0E-6,2.4089486432146088E-4,5.885610815898102
2645075,3.1446522286379603,0.015427038090392472,0.04505250465108785,1.0E-6
1722971411,2.619332290341067,0.014839992322451,1.0E-6,0.8136898815985303
368237438,2.2989591153081124,0.0197383914703588,1.0E-6,0.6815629519894788
1394586531,0.5287689401488925,7.279289498916966,0.3363382245535568,1.0E-6
215014211,0.34452443489460666,8.680681764897585,0.4909138039305727,1.0E-6
43580430,0.6833956547653522,9.01981659745157,0.7712399071805207,1.0E-6
264345969,1.0E-6,4.615171818387382,0.002733460556069936,9.81491127475001
25905206,0.3282027571198021,3.3306106090866314,2.2745416356406043,1.0E-6
1335967334,0.04964829016793637,0.23277327578713192,3.9571161369149666,1.0E-6
1534227225,3.570078957940014,4.412193422604681,1.0780597652209187,1.0E-6
2015349687,2.2639685478326173,4.467345448508063,1.1472380957401287,1.0E-6
245568716,0.5800136421726761,0.8435517206264092,2.217376179511726,1.0E-6
922892,1.5118279125430494,0.8534471482862618,1.4734429027878095,1.0E-6
1485590798,0.0034018956327285235,6.975993462881966,1.0E-6,7.693371250384734
13429220,0.2412428955732617,1.0844171250250518,1.858569802511068,1.0E-6
478780012,3.494114936624528,0.4349127688218575,0.8683711108222618,1.0E-6
1549937221,1.0E-6,0.7208501329002546,0.008356264222567392,8.677212585918916
216497038,2.7229036554943824,1.515036870294987,0.3487306394608719,1.0E-6
30386835,7.866655876518397,3.1088736804641717,0.001732100424859417,1.0E-6
31533162,1.310872484589086,1.4254177947162923,0.19814576479023088,1.0E-6
21552360,5.402989434026652,2.3262283946716718,1.0E-6,0.0016313559113500158
282674163,3.991117083658716,2.4801127274430526,1.0E-6,0.0078644434266958
253875188,0.9795861388779715,0.3283181448153622,0.6810497939610297,1.0E-6
1593757006,3.023490100166204,0.019470534655023325,0.5021848966385862,1.0E-6
1470941396,1.9814009525840017,0.5471469214404864,0.1555262236628091,1.0E-6
1227972770,3.223179937425882,1.0E-6,0.38913456951863645,0.02008521749365606
2063174114,5.185263311479424,1.0E-6,0.009631462094425761,0.24326044217610435
1263811512,3.9440914624108383,0.03708825197477832,0.0496456723189329,1.0E-6
1427159752,4.175711301070343,0.01903023768970824,0.01889596402581934,1.0E-6
287467149,3.5044301525117256,0.021763057054090814,0.02330397714345347,1.0E-6
177274122,2.9919093412592854,1.0E-6,0.023386447809222114,0.906736725105939
328294485,0.002298760333577508,0.2484947820427254,1.0E-6,4.5590201940428425
1177786565,2.8259268646754876,1.0E-6,0.019556043097495455,0.9732885019668633
1375412714,4.781213576801348,0.006150466637279034,1.0E-6,0.056012228028566924
1856554,2.0064361370250565,7.353346791519404,9.122282689063324,1.0E-6
1943148216,2.046157837702172,3.1056927707804776,8.240972665214612,1.0E-6
54285677,0.9827298785339001,1.0E-6,7.392611264531657,9.500342869239502
25839290,1.7645325833075645,8.373650332113273,1.0E-6,2.1898737668472594
360608500,1.0E-6,5.427821591405662,9.117508741957785,3.4773128078308937
1531968802,1.0E-6,16.409920907294275,2.5190576674318903,0.9244535284342231
55153,0.7007621380567203,1.0E-6,6.710429200614173,2.3470846356049173
232933340,0.20511452902625088,1.917237107656738,9.154202639980786,1.0E-6
1649781242,7.8027889261888435,9.709326079265244,0.016403704363404145,1.0E-6
1386808,1.4798001260439275,4.793127805195976,1.8840447417421502,1.0E-6
317303826,0.46674859695193155,8.347022974165073,0.29452128086183316,1.0E-6
539308758,2.61484688443899,1.0E-6,3.8783384652564705,0.013790325133488858
8029226,3.022620267306865,0.04549684459288917,1.325618309436849,1.0E-6
419591776,0.6693274078599876,2.11439865757519,0.059623709624342616,1.0E-6
42141295,0.8896610617645285,3.777023711611299,0.16355266587233813,1.0E-6
1442509122,0.4625133175130582,0.17999977406810455,1.3962376435071182,1.0E-6
686394932,1.2084791623761348,0.04770090327855447,1.1929566504375364,1.0E-6
33322378,0.15861384138745213,0.8392563313824215,0.6802270359110495,1.0E-6
14851693,7.109939554164062,2.4846779833732504,1.0E-6,0.0025832616759620605
1422773575,2.4430278246233903,0.05867206343765365,0.5394850144976587,1.0E-6
2176671300,0.6042423241177314,0.24077485784943248,0.7505902409538356,1.0E-6
1476988950,2.325588743994317,0.5017860530751092,0.03919257289552891,1.0E-6
5767799,3.825352060233206,0.0854782863167399,1.0E-6,0.25758693570668545
25496,3.5202363583258642,0.0375935732241422,1.0E-6,0.2349617879478272
25614620,0.06796108548287037,0.1085523099346246,0.029873012655655874,1.0E-6
373669853,2.8442551393137534,1.0E-6,0.04201275830210838,0.5874431116269121
1517348844,2.257601941163504,1.0E-6,0.02112708455676739,2.4798243121604475
358871966,1.7719508724403639,0.08560834485496747,0.00210864751601477,1.0E-6
6239422,2.7418693980148117,0.01487899699978448,1.0E-6,0.5086639840173972
1153902371,1.3062749614610785,0.03289818840214176,1.0E-6,0.1360865702874451
18454432,1.0E-6,0.11185014004922572,0.01026174592657705,9.673740449876326E-4
2126560010,1.0E-6,3.3778838409336442,15.763036627415419,3.533655120282987
793489,2.552014940975299,2.968325752935497,5.5105150595768135,1.0E-6
1819997118,2.504119369627311,6.637410618164197,2.9683818982604766,1.0E-6
1491152429,1.0E-6,2.6131279760646384,3.8854434610860085,0.9086838080031518
2245324,1.1075093895283799,2.7366754334256487,5.546407215416409,1.0E-6
1278495445,1.0E-6,4.007278250801878,0.8876886433221601,2.0685380903872854
577750387,0.7845612222792381,11.33880005951278,0.29707451389058076,1.0E-6
621297654,0.09186899521472901,0.34921315881993864,9.620351828089978,1.0E-6
1382916558,0.03926888984192193,0.13208307929160543,4.504700724150661,1.0E-6
192974291,1.8670240947560832,3.138982110161927,0.5742724904358322,1.0E-6
1331715096,0.6346393853893866,3.6342263097641014,0.07662149625411396,1.0E-6
506234210,9.064912057027158,1.0E-6,0.019481982207160877,0.015625448009611017
496776266,2.4775903136339736,7.47879406055469,1.0E-6,0.0010900865174135017
221252982,0.6902353343218347,2.2563123929349658,0.10605523784109316,1.0E-6
9370272,1.008917734092527,1.385916202834784,0.3210117073925784,1.0E-6
721435072,3.8775221129904134,0.01784057129167984,1.0639683975989827,1.0E-6
789852986,2.616172340024079,1.2169078989758824,1.0E-6,0.0021436622708616818
1543999939,0.07381904135596268,0.2245528720946565,0.4537952419204573,1.0E-6
553038838,0.7675762010705206,0.10964564903606465,0.44243938372699426,1.0E-6
232007553,6.303524985747294,1.0E-6,0.07997063061351298,0.0035276503955527488
1499377514,6.845015436025593,1.0E-6,0.003086632074018634,0.015060346712510084
280453972,2.4492350375386613,1.0E-6,0.05194295512991089,0.3026239708530129
2101001175,0.6237696626184289,1.0E-6,0.31952686125225677,0.002418933820866156
1106052273,2.352402858915067,1.0E-6,0.088999321057717,0.018353609887771846
1555268,0.6425782169356677,1.0E-6,0.016870928600505482,1.5496190122326958
185147318,1.1328369074426508,1.0E-6,0.05699755773444478,0.25378339263207383
473769076,0.02495535559980903,0.06331319063555925,1.0E-6,0.06285508687606081
17504456,2.405424837504494,0.016844847426803755,1.0E-6,0.08908728178145671
35901338,1.6982915023410285,1.0E-6,0.05770939137392252,0.013791354120777448
499091330,2.5342433796678563,0.014772840737671917,1.0E-6,0.1551304957707868
489094581,2.652665094244638,0.013334787713097467,1.0E-6,0.053204958062665585
430746774,0.35084676782326185,1.0E-6,5.3816571229228005,7.052815495748186
698241691,0.4701137031470713,2.091144310264975,5.05501029206531,1.0E-6
2047152,6.636921177799122,0.01986702701152548,10.461815341960131,1.0E-6
484426217,4.626766371320858,0.9281597859452955,1.0E-6,2.5029928661282748
1649551881,0.38642713236051107,9.362478797020175,0.08421425827060489,1.0E-6
1144469368,0.43882558837296154,5.0356542432959515,0.2708624693185259,1.0E-6
1326277,9.503044805328221,10.665195408917878,1.0E-6,0.003576726321770603
959837397,0.4753739686409416,7.009573173812981,0.6928930803124791,1.0E-6
3125808665,3.5606838093954436,0.5956798754601058,4.481548350360751,1.0E-6
392938880,2.9614806572774266,2.221379814253786,3.830274932197267,1.0E-6
38275398,0.08029986430109913,3.141597999638506,2.0482299299806948,1.0E-6
246114379,4.791472771302961,1.0E-6,7.829750322509757,0.005315698666275917
1904819173,1.4606581835509582,2.031144362717437,1.0E-6,0.21390573637695753
498198797,5.470212645088959,0.5679720819388471,1.0E-6,0.19811010684427352
1218141950,3.6003217553849005,1.0E-6,1.3999307093135631,0.008653579892454723
1271676860,3.48632011843483,0.4670420745780411,0.0683793827960613,1.0E-6
1676453981,0.07932564226535842,1.0E-6,0.5142451042809217,0.016671386837829018
425079374,6.158574365648223,0.19855371125954344,1.0E-6,6.39095689132367E-4
1516785452,3.355120144389147,0.057732015438817536,1.0E-6,0.3007549442669778
289565787,5.773175680589145,8.915533909927242E-4,1.0E-6,0.014199539415645349
1045930117,2.1014169773493707,0.018121629241599733,1.0E-6,0.4764722075066818
1480533045,0.03247294754568543,0.032329157178439163,0.08878581513893802,1.0E-6
1000424281,8.523487469836473,1.0E-6,9.890969130919738E-4,0.12094916214664095
243496184,1.7879340532656567,0.0262847638069136,1.0E-6,0.07333647629557793
1364311150,1.0588105091323556,0.01655273436828697,0.08761003892495163,1.0E-6
2968323592,2.9511587319034205,1.0E-6,0.04373210765362522,0.08218728254895519
24513535,0.14503008752692637,0.05678210897731244,1.0E-6,2.7424237227108503
717886418,1.0833326630967344,0.010287736339678274,1.0E-6,3.866177839185842
853689,1.7297687105854525,0.04900519727396136,1.0E-6,0.09058481061559687
1490431958,2.618807149033755,0.020616522564669768,0.015465061082485167,1.0E-6
1169719950,2.498713811116355,0.013460512089747348,0.017028043195289902,1.0E-6
261196906,2.671098101643455,0.007453291207108708,1.0E-6,0.1167389658489513
4331446,1.8260574916159533,19.436990015349917,1.0E-6,7.565571700161782
8938946,1.0E-6,1.5986383098862864,5.044266113408492,9.633949125198052
45925025,0.4103181986577027,9.832905180135008,1.0E-6,2.1507473782281066
1491416138,0.7630555310240139,7.2499494428314835,1.0E-6,2.857476322997382
1401016,3.0558098425707976,1.5648582690374735,4.302652265654957,1.0E-6
2025788866,2.68444118201186,1.0E-6,5.204109344540384,0.45459495257206833
1654614889,0.2815749895832425,1.0E-6,5.12585134329748,0.08394312990184392
229136978,7.206310992881489,0.38072163834936723,0.2861764530724263,1.0E-6
1424109226,0.39132667405806565,6.743257588119777,1.0E-6,0.013179604982513183
1215887186,1.0E-6,0.5440052213187124,7.902477758961766,0.024355210541649835
276680597,5.13236659126316,6.915983028957148,1.0E-6,0.004283973696274875
449299746,0.4991260416488787,2.823983509210668,1.0E-6,0.011314082119602959
818729,2.0208945944486314,6.087703993122426,1.0E-6,0.02084080096135977
2186924131,1.0E-6,0.9416112163502723,0.007475636857617576,8.554610696944572
670609188,5.495059405585699,7.139697427151118E-6,2.4151055362919607,0.023860408626822673
752373297,1.0E-6,0.002125767558139413,7.310074252329041,0.011736024319024176
177821977,7.152145166050935,1.0E-6,0.6234136097442949,0.0034677082303756486
419425480,0.5926485410187253,1.0E-6,0.7276724933744916,0.028587885860610823
2280568248,7.878878369488229,1.0E-6,0.5742620652562163,0.007049140715516244
91415,0.1850915397656991,1.7234989429227976,1.0E-6,0.027921317746882543
1751791049,6.808780621467403,1.0E-6,0.06700123959879907,0.010654151722505981
1567628479,6.9289034398373825,3.930541904186469E-4,1.0E-6,0.011020776458229164
79286,1.6855126920733219,0.466815485764529,0.28354093606806713,1.0E-6
637389737,3.4490635447275957,1.0E-6,0.4344572339461084,0.023386476644457595
1139660770,0.01656689940605704,1.0E-6,0.6554320311491709,0.008134977531002894
1175334097,3.9063885867580743,1.0E-6,0.10377934976229188,0.014472967844348253
45207098,4.530054791723449,1.0E-6,0.0022918954313064194,3.6753475904768518
2809647,1.0E-6,0.07761894303478921,0.1520589107425936,0.0016601037048353446
1636331635,1.7532019309090248,0.026356866550429934,0.09241028823073728,1.0E-6
459180955,4.836875695530118,1.0E-6,0.001178340378602859,1.0399076681705488
48067105,2.815663266774931,0.03121620483007561,1.0E-6,0.09417316115857993
300562191,3.2683997369318107,0.016634945539810403,1.0E-6,0.1700517487600643
1435651265,2.4376446230567725,0.015863243465624628,0.017284239474284493,1.0E-6
2397254,1.0E-6,0.063741165798255,0.022632688356924283,0.004212765133584743
1773556180,4.269024257861819,0.003303830886036736,1.0E-6,0.10961974312820785
1435018358,0.07547162405276656,5.471662507794502E-4,1.0E-6,5.918923573315356
1636712716,1.9475918448057767,0.014678939311923309,0.029489071478121406,1.0E-6
325307068,1.4220390795086852,5.960496311321846,3.82654554857637,6.481549607906241
286776930,1.5965295413869796,1.0E-6,11.406723915249113,12.49925131185775
3357667,0.5747596527316345,10.447758587141555,6.857411749231002,1.0E-6
1524747123,1.0E-6,0.48656884708193937,26.939238941443328,4.665669825524602
5540769,2.98288255403098,7.940691882999995,1.0E-6,6.025361120685006
1956431,2.722767569695087,1.0E-6,6.242541646445175,6.893777289249234
2073559080,10.662001141447625,1.0E-6,1.8157804867733758,0.020372594594848345
45816005,0.8288376609677872,1.1247830523238462,1.0392744743184836,1.0E-6
233899409,0.7517477547993732,0.31011294285874225,1.878834126529209,1.0E-6
1691802,2.146530333113259,3.994969023262537,1.0E-6,0.012270967755280715
1288083675,0.9740054233395529,2.2151816569431544,1.0410734509091029,1.0E-6
1478180863,7.756941888935571,1.7334847306587087,1.0E-6,0.01771582996866409
2942141729,0.0018701154512349176,1.0E-6,5.888265877827483,0.009991159884302029
1565173930,1.0E-6,1.560224202646371,0.04899761502055165,0.37849921157697614
1355986145,5.524793180945198,1.5050241930252863,1.0E-6,0.01648272925481681
387826753,1.2703650944515297,1.512627337340978,0.3420962464457738,1.0E-6
445583504,7.389519954816508,1.8251696917094853,1.0E-6,0.0056624577701417
973423826,5.083305217499474,0.4189482117178664,0.09002017311174974,1.0E-6
1501575,0.9664404732576892,0.5616962173974737,0.329110621642602,1.0E-6
616930563,4.282404192924808,0.5309016006193897,0.12295996014329075,1.0E-6
31314909,5.10625935460758,1.0E-6,0.347695493448875,0.020938897883184718
2821360,0.5832370629983473,0.8304095242867578,0.2277532634260277,1.0E-6
1304193556,6.894516848541631,1.0E-6,1.0E-6,0.009566700947394036
2308975565,1.5085003486787534,0.3594240108705684,0.14913156764030364,1.0E-6
3999606,2.4466406655034727,1.0E-6,0.40472137523428936,0.019015425058363712
465923525,5.421364812659792,0.012321872229927672,1.0E-6,0.0741666328352969
1373831958,1.0E-6,0.03900568747604141,0.23453850369262697,0.01247219292204403
1264037986,1.9241173118936978,0.19275040119497586,1.0E-6,0.04894494273398317
16467772,0.8251139254211177,0.1227838109903748,1.0E-6,0.3175670583931291
1414182837,1.4949310778622482,0.016545233254688686,1.0E-6,3.6239593971672153
440174189,1.9102770991469278,0.016261311054886898,1.0E-6,2.1329816143508453
3599657,4.994993862428526,0.03016335380365961,1.0E-6,5.598145622550301E-4
1837920954,1.1917765445867243,0.01504343968813764,1.0E-6,1.8725003549631092
1300620796,3.161676381167001,0.013360065560664226,0.014643101702713626,1.0E-6
180442293,1.5437162217889995,0.02384211061030824,1.0E-6,0.40071555659634145
1328039922,1.6252746270725038,0.03790417503107051,1.0E-6,0.9904488439447463
466158442,0.5314508792050151,0.0189465445231086,1.0E-6,2.9260749059594446
367027130,1.9277363368140097,0.031305031210667154,1.0E-6,0.2321868674016049
327925714,0.6985678776487929,0.0194058185854269,1.0E-6,0.687815562353091
1985920060,6.708410305361026,8.918883502830738,14.306894323672111,11.22669710761345
1183567008,0.0024261162272746317,12.04691623342099,25.120713543185857,18.724482136006383
1856150,2.3002435930936166E-5,2.548124280624655,21.79065027942042,14.817963190796
1962233829,1.8131562675071984,0.17941352719185655,9.964866047397154,1.0E-6
1516472907,0.012734953859141763,0.597677301504217,3.577453568054145,1.0E-6
144499478,4.927799639527178,0.350918001479535,2.423801005904529,1.0E-6
1116592402,0.9697399058930727,10.323375131498526,1.0E-6,0.015951420496228753
13436270,7.730138854790102,0.18467309561175085,1.0E-6,0.013577114751324839
233923718,4.605308942236423,3.144926068233008,1.0E-6,0.007001820150044683
1412514814,1.1054402515533248,1.0E-6,0.5704061476975762,0.004360581744572929
38291410,4.58046458490518,0.0024476931485923935,0.5646035941835116,1.0E-6
2210447,5.115986819281708,0.3062682590768869,1.0E-6,0.0039002611033868108
1579010136,6.713721966978064,1.0E-6,0.0015724049576102286,0.119694301819685
1209532996,2.2024982563887243,0.5370712676007218,0.08369751116819842,1.0E-6
1492725998,0.7036188558928759,0.1019460703168702,1.0E-6,0.1297871304258504
1918162045,1.0E-6,0.9992353608179494,0.00325517579650174,0.016057002524406908
223279297,6.063815210343265,1.0E-6,0.0019536894004642466,0.1693695270943885
816927414,3.229353874237488,0.0248489779334635,1.0E-6,0.4785103355724802
1017038,4.94513450085345,0.0066559753414514675,1.0E-6,0.08442345108909065
673326824,2.1027733295006303,0.05506825148268201,1.0E-6,0.22702697384171883
755662980,2.9033064662100174,0.02670890861045784,1.0E-6,0.34108669206212905
185953913,1.540978729798838,0.051364970267547994,1.0E-6,0.918031432139364
410823480,5.19081747438785,1.0E-6,1.894958710897704E-4,0.41350960761136774
416747483,2.557925477417697,0.018231113141487395,0.030907624052766685,1.0E-6
1576395300,1.434571538847652,1.0E-6,0.07665973664613716,0.15929462322768523
237178974,0.9191166663918356,0.08064053814397176,1.0E-6,1.0E-6
434113701,1.7721473219453376,0.01496969336641862,1.0E-6,0.4117493524784274
1553062,0.8662030000167958,0.0173091656477663,0.04414124092850909,1.0E-6
1691605549,1.0E-6,15.384685073059655,7.745369052160858,2.172630071983993
1032744242,8.255718562099464,15.6666345300391,1.0E-6,12.828135951400009
305293405,1.0E-6,12.779410606954325,8.82765797741446,7.7242450799857885
477795958,0.7429386227459742,1.0E-6,4.144571490263203,2.84791267559414
698951556,3.3534620366926653,0.0023565839147112124,1.0E-6,9.103679917285358
1296293073,1.0538776439728421,1.0E-6,4.243718069810253,0.7698646108651711
532940651,1.6114495707019012,1.0E-6,3.493710154676229,0.1509598835789034
1409019759,5.13077890677349,4.437469001349603,1.0E-6,0.01579312535584944
288415648,0.44130898728989953,0.7051409517025725,3.588242229605048,1.0E-6
2196844247,6.247745564536839,0.19499950738277466,0.9037730431762477,1.0E-6
1083349321,9.195666676613158,1.0E-6,0.1489347693382268,0.0047717528427804684
1869324,5.337551491408373,0.9819621842384662,1.0E-6,0.034525887368968784
10217226,4.436969717454339,1.0E-6,2.9922311573780447,0.0013812500656321528
1651870031,1.0E-6,4.826921021761807,0.014771071660674782,0.016356956149845673
587003481,5.734119128428218,1.0E-6,0.4522614011167202,0.02727636039725905
1568310191,3.579104788108811,1.0E-6,0.23166514406858135,0.0926711530354499
1706203427,1.0E-6,0.49143706681224836,0.004334207730420814,0.05574631200225134
14869619,0.6740969386427857,0.08721740120750424,1.0E-6,0.2615744310791783
317988743,4.900108290452358,1.0E-6,1.229550123126563E-4,0.8274367683392401
798491561,1.1955937012651263,1.0E-6,0.09213345835713235,0.3512971737271358
1833036267,0.35874128207729483,1.0E-6,0.09790459116161337,0.025304120290686644
1734853732,1.3507641397376033,0.06386372302809695,1.0E-6,0.23723453104865833
217639909,4.936085247825429,1.0E-6,0.0015728216959994524,0.006804989290671119
20049903,1.3984876910007458,1.0E-6,0.06606202640598698,0.2109334751764516
31283052,2.6522655566406033,0.018095406833325358,1.0E-6,0.15430557735709724
198442710,1.2715203711789973,0.03814774683607615,0.03526864260346662,1.0E-6
326759817,4.4343275294857465,1.0E-6,0.004872725091098626,0.11617197035818058
632452757,3.065734962664933,0.01992289910346001,1.0E-6,0.13042481319699925
44605115,0.004056274037996591,1.0E-6,0.06215293773731326,0.028586843190201754
8429742,1.7745893881985504,0.014877670154196734,0.020630415666004136,1.0E-6
54793988,0.8127645758928906,16.889232448960964,22.88197790178876,0.006424142027303165
3429244,0.8561476635168114,7.817506387794628,12.897079121381234,1.0E-6
1481096959,3.593150193150888,10.943300950368524,3.281296113176198,0.017248677709101448
2641062,2.683221382881699,1.0E-6,12.181689558794773,0.09865071554785187
1770922172,5.203957849703911,6.5325171301987135,3.6013676169091893,0.025067951198259546
536175077,0.0022368854623483806,6.40998107860741,9.058825012115776,1.0E-6
363140498,1.0E-6,5.419499169105301,0.6781015477236632,0.013626973169495037
203244119,0.03748799995269219,1.0E-6,0.025444484474218126,8.163122773502762
421383221,2.662887291787282,1.946733703748999,0.18120300765609434,1.0E-6
13763185,0.8619465879063009,2.2481298051641385,0.17480318007710935,1.0E-6
457199627,7.7420303704115465,1.0E-6,0.7830321132077108,0.027549171439522104
1955404609,1.5575977415674946,0.01124393726097738,1.1388500713038885,1.0E-6
399747591,7.293465288388819,1.0E-6,0.04235781881096998,0.1193482546017052
258055186,6.312450440679067,0.5894239429999005,1.0E-6,0.01892575742361992
554792230,0.0016816497720276353,1.0E-6,1.0081924166793264,0.017744485696063957
1443314383,3.138010062012893,1.0E-6,0.0983683833813809,0.8275897368048891
530897843,2.473433466786597,0.20650451937065106,0.5411681073973426,1.0E-6
23788064,4.665875199214177,1.0753839349931467,0.006678887009860053,1.0E-6
234122468,6.635554076117892,0.007667783349721579,1.0E-6,1.0802933917363722
32329455,4.658957609855783,0.225279693183099,0.08768296592952604,1.0E-6
1482864011,7.3755024067048724,1.0E-6,0.02218251154235199,0.006069908860832367
1573031,4.338839187466025,1.0E-6,0.01729828290005649,0.1746359352100445
308479058,1.7714814612280816,1.0E-6,0.01974289839407171,2.576969685953638
228131766,2.540270765912412,0.020968900679879058,1.0E-6,0.10679695932662982
188294184,2.2151510046855454,1.0E-6,0.020496157415169,0.3853588523813664
242298165,4.189606186653465,0.013753087581366192,1.0E-6,0.009357542746789417
399496791,1.1644602183944577,0.01739431501771178,0.038498619777642275,1.0E-6
189380759,0.8765618620907153,1.0E-6,0.02151479751697886,1.1773376988576545
2049694412,0.7186126404074754,5.386332527645704,2.6277001283955936,1.0E-6
1495967240,1.627271972561792,0.6305073334532303,5.11472582406207,1.0E-6
1016338314,1.3239440651653436,3.251969402494055,1.0E-6,1.2865579863657635
976955592,1.0E-6,0.15876476954271532,8.702643859770324,0.006856866669437645
46879111,1.779000213589499,0.6091606782211965,0.2537152372169146,1.0E-6
785790431,1.253118557257676,1.0E-6,0.1316073094487176,1.326601896577561
602639885,4.475182096933101,0.7177305002053979,1.0E-6,0.02858697668933706
409147008,0.02587573138866874,1.0E-6,1.8408515356045652E-4,7.969267314750737
325951115,1.6368158217121773,0.10584432147866527,1.0E-6,0.013725076941918496
1171396364,3.828884751202231,0.02542826160809946,1.0E-6,1.0561279401553814
274978867,3.009340301584448,0.02393038440614717,1.0E-6,0.051270201972377485
1691535053,0.03951313401080059,0.0736931295372606,1.0E-6,0.10553309837869244
1302497498,3.8474254251451123,1.0E-6,0.029257251526784583,0.16581957148159607
416576311,3.635142650105371,0.013819999972148974,0.016625129501651528,1.0E-6
1082428988,0.0013787499866415003,1.0E-6,0.08769518788043047,0.012652538965485396
311231643,0.8738763438155057,1.0E-6,0.04368621423999594,0.0638934667855839
24693259,4.276334568140546,5.544194452075232E-4,1.0E-6,0.13696260018269749
1454352926,1.0E-6,3.784562536156305,16.6057600429324,1.4376014042144984
1605254150,6.2413654143540755,10.802679438661013,14.795127962340416,6.561163956162658E-6
422169964,0.628666440840135,0.6582897722962107,3.514255938541072,1.0E-6
35168079,1.538726662066554,2.874154517031391,1.3913686047893628,1.0E-6
193880636,1.0E-6,8.66374368427674,0.8132434162989896,0.07837815323831784
600642819,1.7667926065960982,1.7008066469103191,1.4856384419041986,1.0E-6
208471870,2.9214670197559895,1.0E-6,0.8399362677137409,0.7818350658276234
1753558959,7.746926751208479,1.0E-6,3.154024004675024E-4,0.9793881768976537
470262620,4.43471774089852,1.1798619680567901,0.19907523385883005,1.0E-6
1555906765,6.798838435459858,1.0E-6,0.5375085051421133,0.01979504210270602
1507156742,4.1718155990226435,0.6940915636731669,1.0E-6,0.014100406388114375
1484325420,2.8058649567903404,0.9135611912281467,1.0E-6,0.36495806989548285
557687018,5.505087728292579,1.0E-6,0.5460197138628321,0.01834257960081529
557637002,1.3507407354868235,0.4201523319503102,1.0E-6,0.7353971893869571
1679620202,6.768707595160109,1.0E-6,0.10136303438733374,0.00875428153163463
360644987,1.27054215066951,1.0E-6,0.3365051903485537,0.011346617257978931
3081667,4.30257750298466,1.0E-6,0.1600673600947434,0.048515276220031295
14226171,0.7699279659684735,0.36044081822793966,0.06026997732176002,1.0E-6
320887137,0.934639306565486,0.036839895874084386,1.0E-6,1.9914686663140624
1520545325,0.9206233303068072,1.0E-6,0.12120222393330854,0.09487180428396506
787034200,4.555133903606038,1.0E-6,0.009323137706773349,0.25638074150338225
6878507,1.9123042975449573,0.04503835183677886,1.0E-6,0.0835313118221879
200486085,0.4573630357791816,0.03328954916115534,0.0630516802894753,1.0E-6
975715980,4.612485639996105,0.003205169592647376,1.0E-6,0.15188002364696948
1086907885,1.2876164042184313,1.0E-6,0.037600286557308314,0.06835722312373554
1326449464,0.7215113952013518,4.424875293409991,21.457097910908754,17.25819194942692
855086,2.1005034374722116,8.490446366320377,1.0E-6,9.068947876094757
600462354,0.40949147127867797,6.203705290226579,1.188885045123718,1.0E-6
1515586953,0.4835709399661009,0.6122208835210939,10.574869180724045,1.0E-6
1818706836,0.4947880958620242,0.5148435458811457,6.003277639611243,1.0E-6
4584966,0.2607706097091059,5.355149035143752,0.25701239054790653,1.0E-6
565062187,1.0E-6,0.022675791377383018,3.492968550793705,0.010580624399247784
796936457,0.29263277037459834,1.7175699975345016,0.2481841435387653,1.0E-6
362626626,4.485695139802796,3.480159251924131,1.0E-6,0.019174848754939678
1522027594,6.999998533181962,0.25714540217261844,1.0E-6,0.018221861262243993
224608307,6.417083148957661,1.0E-6,0.31324571727274303,0.0179905603794146
1659033973,0.6519871010831253,1.0E-6,0.6260401102040634,0.016402344584933896
607866507,4.286746647677589,0.6981264303101575,0.012636029734735273,1.0E-6
1914530079,5.594743429368082,1.0E-6,0.5144316837267905,0.006388984479244729
1465362960,3.550588826691357,0.354363708710761,1.0E-6,0.024031440147378413
1532131743,3.576939687504281,0.02201550714750124,0.008960704413672896,1.0E-6
4567477,1.7270486282333206,0.015817919990766784,1.0E-6,0.1439828954527063
28893179,0.638480654214798,4.415239903191809,22.461094314666244,11.559566082133104
504504226,1.0E-6,0.10873045190300311,12.915581011173328,0.0249943493501466
44111646,0.5004057116074279,9.845869943271307,1.0E-6,0.6529405931977494
1320835879,0.47853269006917376,0.340310511923461,6.9169944673083705,1.0E-6
1178430872,5.8397188717674915,1.0E-6,3.707137773141553,0.31786048208242784
266954200,0.3863869349143248,1.5549969913726478,4.034706947057336,1.0E-6
245980254,0.948505396756557,1.0E-6,1.0906928218085055,0.0040866316083328635
1228619,2.7041659860617555,3.9364340185930526,1.0E-6,1.1599758677841926E-6
902199,5.76559464239282,0.02706309114744722,0.26534136974113165,1.0E-6
5497777,0.8034544121653205,0.9671597259496919,0.0724658748415409,1.0E-6
1398219140,6.668030775348754,1.0E-6,0.11673615992921411,0.010565612774909389
7326258,6.460078375096085,0.044985206248382814,1.0E-6,0.01436826281248355
1389152936,6.037979396999439,1.0E-6,0.06411525532516679,0.012855558089000546
12294825,4.0459709161193285,0.7001186616988316,1.0E-6,0.0206819729930962
37418852,2.0548155827333026,1.0E-6,0.28407387812086404,0.039870696284591785
202233073,3.386601633353252,0.0036157073145653704,1.0E-6,0.6012516266923488
4277286,5.513515435234331,1.0613519574507828E-4,1.0E-6,0.02846290320595615
513777862,1.1547435961672048,0.049470129861890734,0.0737703311907148,1.0E-6
6339155,0.9580530991134981,0.059321133042223397,1.0E-6,0.5048225657148311
598953104,4.684242205808218,0.005661426198509358,1.0E-6,0.2332407429946766
1036313865,0.0322865825756371,1.0E-6,0.06760495695094762,0.17688305200886087
292541916,5.550104396280379,1.0E-6,8.292191267332549E-4,0.1540746423062138
549914473,0.6662266118503994,1.0E-6,0.05454750800044258,0.045592203673141055
1507355199,1.0E-6,8.491022668618028,23.554204616748635,17.1716168262918
28249774,1.7856894829646528,5.979594839848741,6.087740289034262,1.0E-6
25969892,1.0E-6,8.69327748482695,3.4813942705408287,0.02909492807944883
1153093183,0.8194549766738048,1.0E-6,1.4501002536138086,2.5562245160989394
1649486146,5.376979855261509,5.298770527418262,1.0E-6,0.018500130825739966
422202887,0.9191058632467053,3.279873584226356,0.2510218402365577,1.0E-6
527605791,8.952185890124642,6.070981644193944E-4,0.15300472577255486,1.0E-6
1757730544,2.0479431836346476,0.7982641662159401,1.0E-6,0.048295221083366924
278969024,5.616244684826829,1.0E-6,0.1382116209043325,0.014159895397581706
56061555,1.7995382286295167,0.4715369354165855,0.09926767898209059,1.0E-6
3925743,3.5975315542960504,1.0E-6,0.003966550979361296,0.5968859638900955
239723074,2.7433496456864783,0.08222867493254003,1.0E-6,0.014753408093478311
267960956,3.7319091268266513,0.021323694678130094,0.05195646956778039,1.0E-6
661565659,1.9993706616508626,0.02179852226110121,0.04677749246518622,1.0E-6
431007701,0.8774505501837129,1.0E-6,0.022850466413378047,1.4854438019544205
262061359,1.676654829403269,1.0E-6,0.05214953262544582,0.07786393051172087
1674727,0.003297395348694555,1.0E-6,0.0025407803642281297,8.052664433374966
562986421,0.6635274313732784,4.861276558711354,2.283333288559487,1.0E-6
307212206,0.8335800693565985,3.808251507066082,5.079830865838448,1.0E-6
329032009,1.0E-6,0.1111103766125116,9.206034355241341,0.009831879787168296
1499366709,0.725140696582162,1.1719241504637559,0.28997150097300983,1.0E-6
1277491366,3.397313790969038,4.602191986063422,1.0E-6,0.016333009241140433
315377927,3.0393336312077266,0.9047635310518989,0.09436891051022409,1.0E-6
1400344254,4.854011145166269,1.0E-6,0.8157413714484303,0.026617273452955278
395692372,0.6701303604420863,0.4180570903658378,0.4586476708982233,1.0E-6
7251090,1.0E-6,0.690302458567195,0.011946767310682256,0.05405230071026632
602163313,2.829567357683585,0.3877424313236947,0.13250416450523367,1.0E-6
976675492,1.0E-6,0.29970958080458004,0.22067715155757034,0.05963167177613352
528372598,1.0E-6,0.11474404988287103,0.05539257639845164,0.024585194215640316
1776159778,1.7851457633896979,0.06152098058382027,1.0E-6,0.32733268897747336
2138705146,0.8357767820007949,0.020385329002116582,0.11882997027586403,1.0E-6
1467334728,1.6959235359308327,0.041985492567250364,1.0E-6,0.02414977966874886
905890985,0.055401914861690646,0.03589460724818247,1.0E-6,0.1846071845808768
1490671767,1.0E-6,9.934756638758031,11.780614589596846,2.0849218967581318
517406675,1.1452674055863346,1.0E-6,14.270202001648943,2.7471062482074866
262385842,0.41255509558548986,2.166978160908209,11.962379165570638,1.0E-6
1627581574,1.0E-6,11.445091637802495,5.533520362976969,0.39607324895030876
1293482,0.5610108821454137,2.6877793156459817,0.33235341960526854,1.0E-6
21142246,1.303606021593368,0.4083204476199982,0.6253440352874533,1.0E-6
1175253,3.8409166791704394,0.017605597918531696,1.0E-6,0.014595395924692571
29574323,1.5496298577048024,1.0E-6,0.029536298290364357,0.24431047584880847
1677872605,5.377298578508247,1.854063996793488,5.696860668476112,1.0E-6
315420407,4.9184815130572135,1.0E-6,14.741353650306861,0.004527355531880869
367792890,1.0E-6,3.924730539216011,9.251145939750284,0.033517020816260824
18382607,1.0959157589643453,12.150971952397304,1.0E-6,0.012152046989078465
252220691,2.5383207833587402,3.2866815942217684,1.0851003651389732,1.0E-6
1720320675,0.23252199260864914,1.0E-6,9.838841607087785,0.017225963132808754
596888605,8.224008438032964,1.0E-6,0.002911288366004606,5.9177415136212765
356916851,0.6165389020456945,0.9322081637012993,2.3909854490357936,1.0E-6
3398876,3.06860555156765,1.0996623103984993,1.6273382443377513,1.0E-6
13889052,0.30659805001019713,2.726509697683582,0.30973934106656237,1.0E-6
1522963042,0.33255852167805444,1.0539677354000434,0.6397256697881819,1.0E-6
536515954,1.0E-6,2.5734725530305522,0.5153518223327124,0.004287105305083909
1239547647,1.0E-6,5.17449210462655,0.01867384582412452,0.02744487086128131
660530792,7.098476798877645,1.0E-6,0.2018634199794406,0.007062696933815266
13114092,1.3066746864682501,0.8478518039558063,0.35551781720733994,1.0E-6
227342221,5.498026443902359,0.7986926159567643,1.0E-6,0.020849912524825567
490407155,6.559273177960564,1.0E-6,0.26325469049600825,0.022035061928176843
1964604447,1.0E-6,1.6624086297870728,0.018251434676226256,0.016315495110137572
145795748,2.758639174309494,0.5595333265896187,1.0E-6,0.1806747385733932
216469060,1.0305661274112548,0.059094693072669645,1.0E-6,0.4616234295361424
1293951323,3.348546668831139,0.06148695411230237,1.0E-6,0.014918057870126266
234623250,1.5602204392532615,0.0698057804137838,1.0E-6,0.08142941086415406
558684145,2.720169401781798,0.021499457770159415,1.0E-6,0.5569333582828042
4623497,0.997941949667226,0.07872791222230616,0.011239453817517783,1.0E-6
249061491,0.8439735012117248,0.07210957891030133,1.0E-6,0.2836356116499815
1702552003,0.15950697068590095,0.04682449391588028,1.0E-6,0.10664487079869257
47525,1.0E-6,8.83646537382847,20.27526156907045,8.898088314426673
53960967,2.7762675206900194,18.694689295925006,1.0E-6,0.025226952499978094
183636049,0.4618781253076052,7.589789785673812,4.302562360045147,1.0E-6
1543676122,0.4963674649149864,7.447566220679802,3.606958101377661,1.0E-6
196778200,7.307946993226343,1.0E-6,5.740274563086181,0.015017210384943944
400235601,10.488660670791454,0.007938899216899532,4.962630546584477,1.0E-6
263832221,1.5771704319311728,5.403707648146298,0.5842221119794182,1.0E-6
883349757,1.0E-6,5.519754610081668,0.16091319558399036,0.050743940376775966
1265783821,5.057373805805203,8.11029856542725,1.0E-6,0.026205267316649766
449067455,4.89113566407744,1.0E-6,4.350501032731237,0.0273053507280312
31836700,0.8299411706962877,1.7307918729512246,0.4978127623308125,1.0E-6
207765407,5.731787269788928,0.5866983987760026,1.0E-6,0.27664769488216423
646795831,3.5042807549634873,0.3273726695498451,0.12789541664456286,1.0E-6
1227476,0.9793883605389124,1.0E-6,0.6465125664330038,0.029347394384595278
466438858,6.385493221482016,1.0E-6,0.002438976948306051,0.010798466868467504
303310424,1.2792115859890942,1.0E-6,0.7713765948180987,0.001694369605193667
745141012,2.5871006126809175,0.06227134622165676,1.0E-6,0.14853833176551218
459486971,0.015631888453519677,1.0E-6,0.14727398006599154,0.2527362844084544
1244851794,4.377250562136384,1.0E-6,0.021661081427618096,0.0015162773541305956
930783860,3.980426174366121,0.015355791792363224,0.01970454998200584,1.0E-6
726342021,0.5674305146869605,0.041123951162696855,1.0E-6,0.9675095464876357
295032399,1.8089143094996991,2.9773075312001787,14.211122995081569,1.0E-6
54194045,2.9942053912199973,1.0E-6,9.169442194826846,0.017687359566641223
349509147,0.2842721175154709,9.768713633007108,1.0E-6,0.06825749776090137
28946283,0.8895645859384786,1.0E-6,1.263802029371482,1.4558644167806278
8615719,3.4531946707057095,1.7187333415747987,1.0E-6,0.4468606007818686
489759486,2.0633088290352393,2.2190156355468553,1.0E-6,0.5445270722618534
213089330,2.055495663773676,2.401870893675313,1.0E-6,0.03829862936137442
316964053,0.49615856764797084,1.844256974870978,0.30144221914996727,1.0E-6
1027212419,0.7111961049797499,1.0E-6,1.0802642268180505,0.01244114595952876
2316813039,2.6663883127884405,1.0E-6,0.5153744189305243,0.016499753340326773
205179636,3.4994253297935756,0.414913222329453,1.0E-6,0.04128419005053592
179649326,5.829664487300143,1.0E-6,0.14376005630474972,0.024365748383594416
467702658,3.4425383135379994,0.015547999091232027,0.018256891444108688,1.0E-6
1172289835,3.66920162257043,0.01689852445687978,1.0E-6,0.19563149852600892
1030664219,4.903822091113767,1.0E-6,0.0020187903421742892,1.2111026385738664
468098413,1.1900944226106607,0.07052739847725618,1.0E-6,0.07370524713130344
1466683017,0.687231125791689,9.888112677357302,0.864776042852288,1.0E-6
1380723642,0.4564308795485543,0.45322700810808253,14.269370199027641,1.0E-6
22628170,0.558401417935555,1.5789831942745542,1.2769551957644922,1.0E-6
1435070648,2.2614306824908965,1.0E-6,1.0493827104444793,0.012085620488525581
357757604,1.9353474389791345,1.204713841745051,0.06640226809537049,1.0E-6
749668537,8.019586554755469,1.0E-6,0.05165611520798714,0.01504418933822778
905938824,6.0719045855285305,1.0E-6,0.010784368649566955,0.006813626629741219
1473393,1.8763490281826107,0.04801043797812,1.0E-6,1.366387426140077
1460711082,0.0018861637307470702,1.0E-6,0.30745559275369205,0.3506487308534356
238380518,1.2853010111993537,0.026897133825435016,1.0E-6,1.1381027193436946
11743588,2.2827080782853564,1.0E-6,0.04720768193583855,0.008829357492205115
276603658,4.592560629845549,1.0E-6,0.0018997984710813604,0.9005646715277195
1557895756,2.3536516216159176,1.0E-6,11.483774293700044,13.186181661792354
202670502,1.0112415110933715,8.293213118759374,4.961074079486946,1.0E-6
198854466,1.0E-6,13.707026897052083,1.7908078843986845,0.02411162414849613
1929380441,0.12090844172365797,0.6172700672006297,11.012090103868449,1.0E-6
572377614,1.0E-6,0.5600532041756666,8.915901322561874,0.006539090361411869
1359231784,2.0458811358593834,1.0E-6,1.6396330612443324,0.037743256457586846
495379863,6.957038386593777,1.0E-6,6.945198118748994,0.007155076338681598
40366309,5.30176529197107,7.897253773108166,1.0E-6,0.02308324734565766
8907823,1.6877414670530364,1.6014789026380025,0.7553259651578472,1.0E-6
564835471,7.054009722902225,1.6991670828359757,1.0E-6,0.01997499039094531
1988504894,5.009335336706729,1.0E-6,0.40868373566632843,0.04793412921002703
643911676,0.014466372403867873,1.0E-6,0.07239891188388388,0.027189760343036096
425194107,0.4260727225292148,2.1590972119628176,11.631708742139681,1.0E-6
253454704,0.4199187875510635,1.2258828230699401,11.926087837173338,1.0E-6
963680216,0.7964824033294753,0.6569590965906639,7.925608237567428,1.0E-6
526751220,0.6931772368112717,3.6123418504479936,0.043529684519634564,0.1195277384923027
362614946,0.3888025488625372,6.8480087304867245,1.0E-6,0.05549133711448284
605276364,0.4871799971350774,3.501919609012503,0.31117480320758595,1.0E-6
1523737196,0.40672872628977486,1.3499908882966947,1.689118383201359,1.0E-6
1499566990,9.039598689148129,1.0E-6,0.0012378589513485304,0.014453763396930672
201037829,0.25705455495596574,0.8442267482725282,0.3185765777763011,1.0E-6
256497809,3.967925537241081,0.8504858928601807,0.017645136578370368,1.0E-6
6091652,5.731263677519227,6.382212349054515E-6,0.025403726274229658,0.06575777336960428
216662596,1.8258679973947374,0.0822712667603924,1.0E-6,0.5887952646676556
211895754,1.1498261969267347,0.06665054700408612,1.0E-6,0.045632394833270536
218139189,0.5244736230331323,1.2440096452327658,10.93100092426906,1.0E-6
2077774514,0.7768769978955037,4.473548304374365,3.1511173354870943,1.0E-6
55995087,1.0E-6,11.096914258701716,0.9247380088675587,0.2919952036820294
222066767,0.6882206568964855,2.208135068292889,7.089882492442676,1.0E-6
267621951,0.47621171326671,2.4400368576888685,4.214596419424192,1.0E-6
177795215,1.3935470603656177,2.742570431541121,1.0E-6,0.6815778350295367
4562165,0.9945345139990527,1.2089890124946827,0.428203947016448,1.0E-6
332326823,1.0E-6,0.002490292369957294,6.307539900717398,0.04827581697459655
1512211528,1.0E-6,3.5296690675614086,2.989721185451672,0.025121645091201378
228667981,6.258181866144548E-6,5.141768406914222,0.02607265854822475,0.032739951569973044
271239922,3.4974442936506103,2.0315600867951913,0.045660208163958826,1.0E-6
1501539660,1.2209963999305584,0.9499022131026434,1.0E-6,0.01654382487234395
1513088920,4.491286455397851,1.5246603301074795,0.024098899898041322,1.0E-6
1360848222,1.5379767851235924,1.0E-6,0.6657171327733297,0.020052160783685307
1538102375,1.0E-6,2.7164139523655924,0.015262239758711453,0.02188343864228204
864453698,3.1491967736885327,1.0E-6,0.4034752957053408,0.010255927471024624
1178456903,5.443807289532724,0.190839623856373,0.010675491404427171,1.0E-6
199158775,1.323199898622227,0.01640002398327037,0.09020898701908506,1.0E-6
870166,0.5501854853053186,8.554249230528061,2.8382013904040586,1.0E-6
741575740,8.218327900644926,5.166927170954779,1.1416711766212997E-5,0.030874791226463184
2869768,0.49235286631330694,6.119799266803382,1.604908620699976,1.0E-6
864009,0.3284453828862265,4.306838397398884,0.1416109940603548,1.0E-6
1320005854,1.1659165135451441,3.110656721327683,0.21301899360698517,1.0E-6
240383262,8.589933580196243,1.0950887986418407E-5,0.055428699409199034,0.0544227315632918
20362787,1.7654967552898126,0.5601040743983593,0.7501944841628576,1.0E-6
3384273,2.7493033488780663,4.805004957831746,23.657818320291288,1.0E-6
1297589,0.6648189827943424,9.873455855482954,2.8347978355711234,1.0E-6
3868576,0.6965590897577829,4.13954219336265,6.2047490581531415,1.0E-6
1505821325,4.396920381119265,1.0E-6,8.935311386279105,0.022443682895097756
869170233,4.078264342528588,1.5178685940466297,3.0015265815657974,1.0E-6
478494954,0.5071497132667279,8.575771176892612,0.042562961599474536,0.015336392140177171
1056489708,2.0029868637709285,1.6816125975470022,1.0E-6,0.0926779146894426
2805685,1.0E-6,4.162303492349547,0.03294228267415238,0.08889016282664697
457726539,5.245326131464284,1.0E-6,0.21826473092958218,0.02673871292377426
10792760,1.9100129075013592,0.06468024549446669,1.0E-6,0.023120714251563437
237513364,4.844524197192425,1.0E-6,0.007297662989127001,0.5884116383633178
476132155,2.317023422248303,1.0E-6,0.017420242603197623,0.03174067445277241
1430565170,0.04128307794526343,0.9091618136693823,3.723000191083978,1.0E-6
1198017,0.675598208434771,1.8134332622110272,5.205749616467365,1.0E-6
247538574,7.795192113344738,2.0795583178469874,1.0E-6,0.023941014782640605
561748977,0.5646713315777255,1.61419142598599,1.1079689517301292,1.0E-6
25485637,6.4443635391880365,2.229789542427516,1.0E-6,0.018602175134908826
507532621,1.5799957241914655,1.4732912295563172,1.0E-6,0.012207807093165511
188531337,1.907750734990543,1.125775078962811,0.042414863338908,1.0E-6
538891745,5.8644559662400315,1.0E-6,0.9044080412472273,0.007260898142466233
309256667,4.6567183206494684,1.6073368719983185,1.0E-6,0.01739632239791971
1268586529,4.15501344248251,0.017110438392148125,0.01413452323977296,1.0E-6
205697930,0.6221025767117536,0.05325674956251058,1.0E-6,0.9871937499927415
2493785,1.820284864690382,0.012216563706037267,1.0E-6,0.15649318517855376
1637893417,1.4588861880893877,0.022496232428477,0.022322933143303785,1.0E-6
1225970901,1.031470308500376,1.0E-6,19.41237449511025,6.563605213570385
42374887,1.1162090994374931,1.0E-6,19.631655097635868,7.394366016109267
1217669213,0.40348872026605365,9.683255166105026,2.969553594157221,1.0E-6
249463098,0.3376438908514475,8.370870316988814,2.236726208454608,1.0E-6
186892618,6.800539200006644,1.0E-6,5.878656517345315,0.08625992503645176
3014331,3.4945894565578555,0.7381533100061201,1.0E-6,0.04193844127166566
303982408,1.0E-6,0.8543103447738509,0.042942733886353536,0.14117808636383017
1325596464,1.3769327830886728,0.9219655125583223,8.848504016276202,1.0E-6
1351903609,9.635824603913385,1.0E-6,0.022225359589154666,0.00574476513147105
48805145,7.694929898919472,1.0E-6,0.23552375298096795,0.013449191103562082
373615074,4.947520892913598,7.403062596133398,1.0E-6,0.0236657040517809
179192602,6.250492199667243,3.406439750343904,1.0E-6,0.021741274800518476
1585494956,8.435316984404455,1.0E-6,0.026936851070665277,0.015595491700696325
178448614,1.0945677814570014,2.405997233510469,1.0E-6,0.06658798017528243
11936494,0.6366208725178607,1.110389412269591,1.0E-6,0.2659681693449673
361863289,2.9323195815715084,0.015895424596379677,1.0E-6,0.21280408324989342
310091193,1.0E-6,0.912862790658903,12.034450512096525,0.007468506432231244
1198417,0.44082143694376447,2.827778819642379,3.2952200148250705,1.0E-6
794087,0.3430956523838595,1.9843512686709797,2.0928588548866713,1.0E-6
530770006,3.8898218224435115,1.0E-6,0.9802125754624145,0.02356392999763224
530899937,4.724097119695364,0.0027861587952285444,1.0E-6,0.28892093214784625
353020539,2.855163643901992,0.021487756716499242,0.027774098884212048,1.0E-6
1515197396,0.5418934380223706,4.135986809738003,7.751668243735245,1.0E-6
1217807468,5.8732888137816675,1.0E-6,6.594292126114271,0.03064567458802556
812059436,0.4635998624727102,5.236847139258867,0.1784099778557284,1.0E-6
711882506,1.7566478423553207,4.223964725580326,0.5121244511194588,1.0E-6
233379621,1.0E-6,1.9950065840290365,0.016284186243847955,0.018178284194558074
642020385,0.5345757335846845,0.13762902074333797,0.3554693978937283,1.0E-6
21413848,0.9657392488398127,0.0875613263096133,1.0E-6,0.13416697402235633
1517665571,1.0E-6,11.639028974242766,1.84951180489193,0.24583369066975058
250649733,0.6204820490006614,3.3356752721853824,8.266438510040201,1.0E-6
1513962184,1.0E-6,11.28983272608461,0.07942840170225739,0.017235242872880016
1080490214,2.1004888913981072,0.9532566249010668,3.970452608140477,1.0E-6
342135320,0.6285994287592216,0.08532738015387725,1.7287538162307718,1.0E-6
406131785,0.5915483593669366,0.9305114528924499,1.0536171614134389,1.0E-6
415340009,8.20875396525753,1.0E-6,0.15631426780933008,0.010125959352555329
23640688,3.9074891839694574,2.2354158386934535,1.0E-6,0.024788004444288792
1557097025,1.9330298090553262,0.7982190785616828,1.0E-6,0.02994915467802169
300551308,1.8011473228333847,0.6646767786992931,0.0572050894113552,1.0E-6
1676477,4.606343270807822,0.021029492618538106,1.0E-6,0.11288232180332701
185524037,2.3261836414203434,1.0E-6,0.0405260388171355,0.036229689500357126
197868268,3.3064797157090022,1.0E-6,0.01988203318824371,0.015424544883390446
637296152,1.0E-6,0.08327777793794815,22.01572102294068,0.11492381959870412
1530338851,4.8882408934748,0.006200175907172625,14.116290457063904,1.0E-6
2382136,0.49038994016757825,0.3477810324837942,3.5297092835417034,1.0E-6
1068757954,0.6595290520379995,0.8578501731572468,0.9844520212358083,1.0E-6
259362248,2.9578217342128106,0.7436890930184636,1.0E-6,0.023134673257444106
1968021964,4.0463392974304435,1.0E-6,0.11071027936377686,7.797299724212984E-5
257610297,0.8063532105685194,9.3364882408003,1.0E-6,5.3223707896235375
1347197698,4.096667936017529,1.0E-6,8.135679496794301,1.2531019850827605
9539073,2.843223844254396,6.284711789560473,1.0E-6,0.04153585341425542
1381400840,1.097492185304848,2.379798370349958,2.386760319380174,1.0E-6
744313691,0.5423602155696053,1.686633817747939,4.037540123866555,1.0E-6
376424344,8.973951564502874,1.0E-6,1.8750607824793277,0.027157234102169237
342018260,8.349648237709419,1.0E-6,0.6852933459070225,0.05729514812145286
208265659,0.7615905496663375,1.0E-6,0.9230131537287295,0.8368915771888665
845519,0.7893707684814034,0.8416415387173203,1.0E-6,0.6055513358816554
16262285,1.468751253155829,1.1609738468241653,1.0E-6,0.030599264784146003
1567992975,1.5245387560357375,1.0E-6,16.36012753876077,1.4170467057421987
12906914,0.3812285778433811,3.4381260905159983,1.0E-6,7.080000288386872
407092217,1.0E-6,10.726901639622694,3.656285616710057,0.03221495562330926
979633571,1.6369182284128465,3.3260087631794413,2.376439070379116,1.0E-6
523025192,1.3823091008118347,1.6633635402203515,2.1666721810808593,1.0E-6
752099318,0.5384186873844092,0.1435539046276426,1.4138059909441216,1.0E-6
322100534,1.1735639591121974,1.0E-6,0.9732504336721862,0.03833645405340604
1661597304,6.711191675341735,1.0E-6,0.5834351484198799,0.019752384916042975
1721619967,1.0749426371872994,0.03821711462326357,1.0E-6,2.1790863404371947
1788508,0.9374308328026069,4.136179676743277,4.24958911841392,1.0E-6
33747063,0.35111874312583197,10.991376675767542,1.0E-6,0.07656719632552338
208808122,0.031682556100064624,9.567016089937626,0.1848132113843762,1.0E-6
26795042,1.0E-6,3.972425678514543,0.03398341892270972,0.04015183119896312
192231307,1.6544694980765815,8.642990047439346,1.0E-6,0.01703436762740121
535887615,1.1707903244462907,0.36967450611219504,1.141523896511969,1.0E-6
241421428,1.269701400335131,0.7345856506427215,1.1368157869116589,1.0E-6
235476465,0.9310318337531286,0.07322994191160148,1.0E-6,0.9146471149266777
271156627,4.406955416124851,0.018025885488138438,1.0E-6,0.03322958555647583
582416280,1.0E-6,11.746237755715553,2.634563062694139,0.14796932026239346
382170702,6.104665988147579,1.0E-6,10.24627897976572,0.019376217839105155
175485485,3.5092726520566653,1.0E-6,5.355532301585386,0.0163578631806962
1484014000,4.418946519083803,8.053263851029428,1.0E-6,0.022017928820287185
1119840252,1.0E-6,0.01805764297791667,0.6839871114157094,0.029673077728948786
200888797,6.543086452721698,1.0E-6,0.027229445017200152,0.13187348258063947
831038,2.6092798701040767E-5,10.94992325908387,33.38663727263473,34.0229297069724
37077380,0.9222070160472376,3.821104734760736,3.6505722280007187,1.0E-6
467481116,7.656077738984322,1.0E-6,6.76684430630003,0.05805614477323052
224888618,0.537649374580419,7.9283454190983,1.0E-6,0.0327665307633765
266084535,1.0E-6,6.333532595521713,1.0039040371904808,0.08842634873379049
363087494,4.6430625053216215,2.160828565480703,1.0E-6,0.016320639406889364
335036925,5.5465440772000045,0.025930913530746964,0.31423004898797985,1.0E-6
1528450183,7.271623484636843,1.0E-6,0.03139751408035537,0.03437096691022957
1038393,3.1705907055858193,0.01687289443270993,1.0E-6,0.2643439336481035
460386136,1.309582970599831,13.905313052158714,4.31397636074758,1.0E-6
471877964,0.4985206460645736,12.072950324270717,5.879098105374274,1.0E-6
267653965,2.3846805231549264,4.481568214767441,9.500062053386708,1.0E-6
50844490,0.6467402405871318,10.96169790479232,0.9448457723715153,1.0E-6
26926343,0.7983630144429877,0.6630491911576667,0.03307592842370508,1.0E-6
1991366,1.357360664035524,0.06143175110118121,1.0E-6,0.07023228768453127
372958001,9.71736458706485,10.301673534143825,12.151134169455743,1.8531217536965013E-5
224984506,1.6286585035207246,6.974927039694621,1.0E-6,0.052619885171269636
30412871,1.7352843488995833,2.825490718738006,0.22998011249021627,0.010975270358333828
239380550,1.0E-6,3.93232387372168E-4,1.0157903261626984,2.826230472616799
23732334,3.1915833810411613,0.02455809008987855,0.023777406619296337,1.0E-6
976262961,0.3901475452702207,1.952918724594009,4.548375226275456,1.0E-6
44272785,0.5122486195013852,2.2030864569152415,4.533472465159198,1.0E-6
5175130,2.151986004044205,1.4885630869242064,1.0E-6,0.03958889367702097
1465001512,4.608359699658376,0.02674617763112051,0.030792234708668317,1.0E-6
359509471,1.0E-6,1.1727002339361334,1.7359813228297802,10.137258795279951
43373288,0.8889044369359032,9.901016735889137,0.27938544697152196,1.0E-6
769582,0.4369628399709537,4.18548810387269,0.8884219611808154,1.0E-6
1484212212,0.43442184455859884,1.0E-6,3.6692018182597432,1.1575731928665347
16838282,1.0425865485859442,1.5070198730710738,0.006165924274346422,1.0E-6
366564420,0.8418032899036613,3.933137843263948,9.325072254148688,1.0E-6
856125062,0.39535295096552264,7.190687935574362,0.4649333331625204,1.0E-6
1477732293,1.7518644843827889,4.308987454679354,1.357972142300779,1.0E-6
778228762,0.7008975498895312,1.0E-6,3.514900897166183,0.3083969299847011
495410610,1.7485798731531657,4.283339490362283,1.0896134055784665,1.0E-6
2061161,0.5971159617394477,6.512550496571617,6.219724677024053,1.0E-6
635537849,0.5667213042283362,0.5949220791621759,8.152392151047358,1.0E-6
9688438,3.85014190547575,0.518115450578376,1.0E-6,0.05052099409599028
2076190,0.46499693954048604,4.811732458844675,0.7687137493773469,1.0E-6
387804605,4.277662426996273,1.0E-6,3.2769356551293884,0.08370398248650956
299889819,0.5474552153411596,1.0E-6,2.240273097556745,0.03221706003574154
526363172,3.608983049237742,0.5154553492645234,1.0E-6,0.029560191923734647
341934645,4.342208125156067,1.0E-6,12.642036814391842,0.010210039077952726
12462327,3.419880602002004,3.1363742980604954,1.6532095802906261,1.0E-6
1392836448,0.5742469898511129,1.277273281298123,5.240168756013891,1.0E-6
1066901,0.378066871786025,9.36128043119986,0.8720151859305584,1.0E-6
527909974,0.3655709832225088,1.845813439055867,5.700778299291031,1.0E-6
781876,2.3033757780480104,1.371375188838847,3.2639917286254883,1.0E-6
242343983,1.0E-6,8.361569798038246,0.08980724622122126,0.005954660620404627
42050086,3.036024722349534,0.7448472565181663,0.04887908645446303,1.0E-6
208695603,4.26601458897122,0.7524450072911126,0.019066290954073705,1.0E-6
1603709979,4.3755187252917365,1.0E-6,0.02377253143554839,0.021534665168286584
12823531,0.5178188130042811,6.696410312710279,8.558828051303749,1.0E-6
2479803,2.2541204819198364,1.169758384964872,5.19096700005261,1.0E-6
240442515,0.7656632139709033,4.197350547070197,0.18703815268032878,1.0E-6
269922335,1.0E-6,9.30506055463613,0.02579346729491894,0.006187984928171449
1215437540,1.0686700078681182,1.0E-6,0.721230458092852,0.014123724952808624
196677619,3.9332800116617075,1.0E-6,0.030434605291065984,0.20607942579558433
211739830,3.2826336619697836,0.015661708537483342,0.018733872752528014,1.0E-6
309194749,0.5632365475765216,0.02558063748934311,0.021335039065024174,1.0E-6
1424701184,0.6521862777137384,2.5094617003677535,4.564048463312014,1.0E-6
78648,0.3910012866495947,8.816047791041312,0.6056153488350294,1.0E-6
343614888,1.0E-6,0.0043717964582342134,8.903250317317307,0.02444885387958836
206367606,2.408222732882484,0.3689044490875522,0.99062750260227,1.0E-6
329678610,0.5718131331145073,4.50839847699883,12.206756519548403,1.0E-6
22440645,0.2682437015114008,5.158821495462833,0.6965929496608365,1.0E-6
29859151,0.4554910025085951,5.885722182178514,1.002565821611142,1.0E-6
788005,1.3411722344846184,0.0764264075598441,1.0E-6,0.13899707527627733
23461186,1.5203290150223372,0.05193007910712203,0.029247795132032992,1.0E-6
13059005,1.0E-6,8.0695084583986,12.788382507112761,0.006446253294720421
251584954,0.164019343010441,3.340924757442841,0.046142188267141095,1.0E-6
248522344,3.966002070863715,1.6462638474411386,0.05888922696075287,1.0E-6
544012526,1.15120992641139,1.0E-6,37.335710214261674,1.0E-6
345586825,1.759987233706565,0.3891997196392786,18.665472971033655,8.320899612022934
18854090,0.4969220741115458,0.7388348635172378,8.440693477262835,1.0E-6
1449596183,1.0E-6,13.473032818437684,2.7330049928357067,1.0864178396396562
526172948,1.0E-6,0.2171060623012768,10.567108852926111,0.01344629572650708
211165873,0.5734703220515462,8.33141884011059,0.3292535132297481,1.0E-6
24958698,1.8372072896576788,0.8874797940958014,1.4701895465563957,1.0E-6
9456650,0.6096842738331962,3.1544890349716237,0.27921555444898394,1.0E-6
39609231,0.6288746982801027,2.3195412466006595,0.03898553033632539,1.0E-6
47783190,0.7038082377736695,1.1305675157597708,0.19887532135426336,1.0E-6
218496931,2.9947721765004895,0.021514617128164597,0.041496010450765425,1.0E-6
2602391,1.0E-6,13.711272960588738,0.9930927478651372,0.3309232120692381
1340118021,0.41195915455071236,4.1508438690882,6.401677735953696,1.0E-6
297317271,1.0E-6,9.134416866144766,0.386593543365434,0.022073280661650978
276862452,0.8772240687766364,0.056995369087500115,1.8772613311432038,1.0E-6
1105797835,1.2997535632893649,1.8480770814621719,0.06211054852534253,1.0E-6
8829552,0.6637412270002094,0.0425457927282251,0.022930907338809158,1.0E-6
273275256,0.5398713558781278,11.87480113016798,2.457075897720186,1.0E-6
4270959,1.5329805203181628,0.6466070076169923,12.565726610146836,1.0E-6
23626351,0.43997642599030884,9.115317423053856,1.7521129286438066,1.0E-6
2308135,0.6137062387724447,10.350837236226932,0.12497929293896463,1.0E-6
233986127,0.9114652055159983,1.5165074921965016,1.922102252804134,1.2710379390192428
976963157,2.1350861513113046,6.959118712047119,0.91628063983456,1.0E-6
497665067,2.256891737987975,0.8306203376902098,0.07994578173460606,1.0E-6
187634975,0.609649903896676,1.9882762782198107,6.041138847225337,1.0E-6
208367668,1.203779918727684,0.3835779709277868,1.6002396041082563,1.0E-6
258102864,2.1201919112212004,0.006314562130516814,0.07931289334042504,1.0E-6
3890255,2.575698112256658,4.627282721744978,0.08799915922063518,1.0E-6
1358376686,7.266729569444602,1.0E-6,0.23828382812950386,0.0023066480430933923
29950685,5.0456579784237325,0.003851421874910144,0.1579036593943704,1.0E-6
218585478,0.36617738555450835,12.50619787997412,0.07104464644115646,1.0E-6
1370119083,1.0296786014992663,1.3374935697907642,16.065765264652164,1.0E-6
21420093,2.4180628296297746,0.43024546483874765,2.526405348987691,1.0E-6
12152779,1.1196068774927375,2.1338748546551405,0.05480282152049548,1.0E-6
337358922,4.076672290158696,1.1236143551395774,0.11647936904689936,1.0E-6
447587670,1.5673317192355225,6.325177140676567,0.017972995742032583,1.0E-6
178043101,1.0E-6,3.1563452232219293,0.11206857730703343,2.047973766021689
5755715,0.6515848588382631,3.930265210375209,0.18636626613743,1.0E-6
1387411024,0.7489816324433103,0.8516094049451475,10.586070168029526,1.0E-6
176016306,0.44983648310351937,2.778200132355843,6.312595416922576,1.0E-6
3044909,0.3679361705724866,3.7829052841836397,0.4816296398952732,1.0E-6
204847429,3.48693691586876,0.01245165202649419,0.017691596201760803,1.0E-6
4360687,0.19618144363548198,0.016779737255311643,0.6990439354048772,1.0E-6
1271707178,4.570297602112995,0.35228046874731883,0.04306745776265996,1.0E-6
190439839,2.1317750988090407,3.6886824230148596,6.913742361882807,6.950479256101521
187151842,0.5715104191739732,18.4528196121414,1.5601371793747503,1.0E-6
241151788,0.9225693864781501,0.1306548520245678,12.027391568401598,2.5157613098862766
4787785,0.5110692684868196,9.917348870007036,3.4119249959059657,1.0E-6
10185510,0.39982258681972416,4.357584326242568,0.5269737204601601,1.0E-6
31633728,0.44184608049195406,3.114680747726706,0.04936048247824794,1.0E-6
10004059,3.2042354825552097,0.15300396149816012,2.2988425507780503,1.0E-6
3373974,0.9742594228283433,2.1237205047690595,0.042739802332315904,1.0E-6
273114450,2.5493669105477923,0.043078557735408446,0.7440909425355461,1.0E-6
3879158,2.21194770699311,1.1852383553785129,0.055650045002259646,1.0E-6
628103579,3.2054184270329698,1.0E-6,6.108181168813984,1.4645364807240306
192121043,0.6823889114483024,15.319877186412056,16.64087230685326,1.0E-6
1312221,0.4173862601298349,6.364277408290259,0.2791712522139945,1.0E-6
145308730,0.3953208738673111,7.102914605696346,1.4510355896188274,1.0E-6
646862038,0.9900676168683586,2.347877761334667,0.21157074773297158,1.0E-6
294631191,2.49214448976807,0.01923276984619773,0.017362066769128506,1.0E-6
8946560,0.0693900484913316,0.5929159779473748,0.1481870442664459,1.0E-6
198762295,0.4561708540169219,3.2878543200797705,1.390452106126391,4.546239752907636
2007924,1.0787270828094133,3.944955172865444,0.6237862683188062,1.0E-6
1683745,1.0433598187152533,4.2368046606718766,0.7508883131649182,1.0E-6
230727846,1.0E-6,9.427337608430218,0.7271404313532139,0.002619783049505323
217782915,0.4151303780690688,3.7901234194933555,0.047654239319835714,1.0E-6
31768160,3.0468265620154855,1.6786075346639122,17.803233878553407,1.0E-6
237776406,10.769416771256346,1.0E-6,4.330974551956684,0.017413709751958457
224336487,0.9957890848199187,4.2179806196213985,0.10405436272108451,1.0E-6
331302998,0.5038358539257713,3.9714429089194345,8.411379996360868,1.0E-6
407307136,1.0091296308862046,0.6094737111532859,13.419989033643231,1.0E-6
870445759,0.34670160321681065,6.4401890152869505,0.9605228499774423,1.0E-6
2708917,0.6589028318340109,2.939998188829581,0.23517723455432304,1.0E-6
287869909,1.640699284042422,0.006587546603088557,2.243591923418942,1.0E-6
509995308,0.5719898993495268,1.2629304132611978,0.03400725723012191,1.0E-6
367160963,1.5467082527076368,0.4641429462904781,0.02666016350452238,1.0E-6
5361039,1.0398543793711537,0.13922638374808322,0.023297345087677862,1.0E-6
41357433,0.8940369638353984,9.575474403316456,17.345818849095537,16.3838246230826
1551389,1.0E-6,12.082428741357836,1.9034117561045651,6.009594133360121
5977929,0.41390739506854385,6.056631819762127,1.0051990363419194,1.0E-6
2537473,0.5453946483832294,3.0715610250042005,0.1951260191670185,1.0E-6
16065847,0.9027478654168223,0.5071898767280558,0.4771920494763304,1.0E-6
326739637,1.0E-6,2.6806986228005867,0.29330227723730506,2.2776702596573126
27543924,0.22219621274466872,2.4394159148129484,0.08351576998925148,1.0E-6
41987900,1.229619222503102,0.043832129800423655,0.024795756000034214,1.0E-6
856855,0.5387169683179646,0.016516983635091867,0.07090950616423843,1.0E-6
41373987,0.39745482592359,6.6308606112032615,0.11510493202504933,1.0E-6
1075272,1.3717584540498953,0.008937229643117075,8.423291365841768,1.0E-6
252976899,0.9775602609519336,2.948356707116184,0.3936175887017354,1.0E-6
1064366,0.8030986553924749,1.4444868134070927,0.8543026116171287,1.0E-6
1113090,4.165071857032546,1.1272655066559922,0.06604170986878444,1.0E-6
179360669,2.2972130600649656,1.0E-6,7.3300554582542246,1.6533368681977618
10820607,0.4572455521484642,5.271051546271952,0.5790398808176088,1.0E-6
583684651,0.722816897018332,3.395863508610361,0.5597186828107852,1.0E-6
335965077,1.9279814771650488,0.5813443629361035,0.029085325809038016,1.0E-6
777821651,0.7321215001311182,0.19380839699560803,5.246710763372796,1.0E-6
320498757,2.976151406031509,3.21744834499161,0.06157753816570189,1.0E-6
610571830,0.34113849858674355,6.126896383787588,0.11731345490817484,1.0E-6
15977721,0.5229730981057805,2.1429947295650207,7.7409333964894325,1.0E-6
1476954,1.009040803863484,6.299652146726504,2.6945544865738924,1.0E-6
35720927,0.8348620544003758,5.874220955569856,0.35449350648861,1.0E-6
15597699,0.5257215890107237,7.449052050820885,0.6874398321444158,1.0E-6
26958503,0.38285540072321483,5.37204594295162,0.38227768720169697,1.0E-6
630230818,3.9771635187368086,0.016030859841992425,0.018249758172096304,1.0E-6
2226095,0.431093332170374,2.9876335493594,0.047003687372482235,1.0E-6
2188824,0.4560779297928932,7.942184905203935,2.7259900701740474,1.0E-6
3830537,0.41055407248473885,3.482845530150154,0.468675987100193,1.0E-6
6360082,1.0E-6,5.688494780268211,9.056430978538971,0.11599669519649088
4130384,0.4001052602127696,2.036344808442091,8.02728878832996,1.0E-6
248508947,0.6016881058740912,1.5195112821704733,1.6954807425639356,1.0E-6
845529,1.1448507183921166,3.1366962960896907,0.12941377362798728,1.0E-6
231949310,1.1204053549594246,1.0922090049996458,0.5776398217737169,1.0E-6
1445709739,6.854793301383775,0.00835416408625766,0.10924266865892421,1.0E-6
54051005,0.4685703918851858,3.4023635234045804,0.3060068872328272,1.0E-6
363956201,2.0175863203455386,1.725533687711955,0.11340204879209793,1.0E-6
626589315,8.635109445177196,0.002904724659801039,0.38057553343528794,1.0E-6
217728319,0.6709177036191378,3.531548795514992,0.5589311912165393,1.0E-6
174332982,1.0E-6,3.9501042119827656,9.295165829008655,0.017437374959292106
43221060,1.8399592321390015,7.002794378479206,1.1799187933149888,1.0E-6
27622521,0.48920575070985856,1.349493231096335,2.8678734651393496,1.0E-6
958642,2.536009668900824,0.9868993994033791,0.27525286279087413,1.0E-6
3112656,1.9380799176098946,2.170635164671934,14.6139802135922,1.0E-6
247605893,3.8762712513680526,0.06604522249248604,10.370378174478834,1.0E-6
54815032,0.6344153649955082,2.147841145476725,4.241367339763735,1.0E-6
43958828,5.8590938439676306,1.1980219208067662,0.055457304386295245,1.0E-6
1649828,0.017450265908539136,4.322464376231336,11.847615255779786,1.0E-6
22171095,0.37320401958573174,9.924709328154433,0.7504696786384081,1.0E-6
316731281,0.41363757079943864,4.638782657024259,0.06662919753296445,1.0E-6
1000179911,1.0842291181144068,2.4298237972330776,0.7239095509150595,1.0E-6
25424715,0.6287173934194882,2.78770747998099,0.35971573999615025,1.0E-6
9685103,0.577346651104139,1.6733383570881875,0.07207911911071752,1.0E-6
3037457,1.0E-6,11.33274669482796,13.146595208370078,13.473676087061413
186019852,0.09260427028897145,8.246040177919664,2.2340134463637233,1.0E-6
255457057,0.38811027166932754,0.6276951073263414,5.182062573845551,1.0E-6
348630381,1.0298681371274017,6.14274825512676,0.6512968015500926,1.0E-6
1324153,3.5066612924640608,3.4018486262532117,0.072351748809225,1.0E-6
52858265,2.853779846539888,0.04778423723129718,0.014270370522143819,1.0E-6
1371898,1.3444574743821012,4.255005518582732,1.9912691745109836,1.0E-6
1097118847,5.268780838116067,11.180636161848765,19.60015174516122,13.349180854586272
3523523,0.482613902981325,3.3225054856063663,1.9796100221510906,1.0E-6
2064315,0.5809971544938458,1.3179697909157269,0.04249923566090459,1.0E-6
3300887,0.6641200392067688,1.1986008535819814,0.040512217022672936,1.0E-6
5057456,0.34866158408457726,0.14312115452375335,3.5302502538340916,1.0E-6
4587001,0.4088180916252395,4.729926551433363,0.6541178589946299,1.0E-6
3117840,4.477656964612684,0.22814974797130713,15.345284202455076,4.572107970855463
450292261,0.5527720839243854,7.428843210066596,4.41226849303579,1.0E-6
1508932219,12.830083256535714,1.0E-6,4.172555925812319,0.007116258413986184
2196457,0.36625961783591904,3.4373219268353727,0.1344679093903773,1.0E-6
45966580,0.5689541995596055,2.3890879573134867,0.051913514947610824,1.0E-6
89692,0.6107662119558109,4.949721150046678,1.457892833080729,1.0E-6
222815744,0.4671633601142481,2.4494930319862007,4.480446833060767,1.0E-6
176925601,0.427556140161174,3.487601905893011,0.09508524754059651,1.0E-6
35127351,0.42089207563532094,3.862110377313704,0.18204680280448585,1.0E-6
781429,0.4453184611704702,1.7759417388539855,11.120856949814033,1.0E-6
189778250,0.40425832819900787,1.4944173083377714,3.4834931656428125,1.0E-6
349467985,0.8189124114161298,5.932459158737742,13.914153445949434,1.0E-6
990644,0.3720311313029039,0.19206006979324353,7.577860746350021,1.0E-6
301613458,0.5714080558036801,7.346086228897215,20.21663517981461,1.0E-6
868058015,1.1736814829262012,0.8719411324518446,8.69990745737518,1.0E-6
190136173,0.4782418440172127,1.1704375814902628,1.8961878661216685,1.0E-6
27431896,0.5906371453541773,2.0851792595701837,0.04707065544128012,1.0E-6
1333203523,0.3077530471397332,0.04912517144276314,6.0678680751483185,1.0E-6
200449325,3.172857844511092,9.748272995150714,6.3300012529494705,1.6037971739631235E-5
12843885,0.3930828340457119,6.885495684785445,1.027427324043652,1.0E-6
242708369,0.6508446654909177,2.0283797682206,0.05016096128517462,1.0E-6
389492388,1.4195275471418696,23.84560395876274,9.731378980428572,7.49402741834222
4268403,0.806887866112505,2.396211704762685,8.318543763250041,1.0E-6
20850451,1.9772941757177667,10.112278674595956,17.32705189918861,10.931160086237156
2490353,1.027260412624625,8.435943706943482,1.0441634962022408,1.0E-6
6308389,0.48806913941509333,5.939339498138343,0.3710647130916094,1.0E-6
1898141,0.7718695373277338,0.6819223682063617,0.07131115793030167,1.0E-6
181896432,3.154543608265039,5.454517630594189,2.1694570144506025,1.0E-6
12752931,0.5452886328017588,4.953264585592072,0.2733003510292528,1.0E-6
1113921,0.7160103008075022,1.176101807470261,12.008506170737368,1.0E-6
145714741,0.4989956867570359,5.5210277527145575,0.40339442716292173,1.0E-6
1676784,0.5258180641166523,3.326987658549572,0.3203328131328524,1.0E-6
1444451,1.0359663261976773,14.66644697163889,10.451662281984488,1.0E-6
1213941,1.4166748001986684,9.249276339175498,16.412844220342727,1.0E-6
1371467,0.9991576547275501,0.7939713773898358,0.13183855252899568,1.0E-6
4487106,0.5122204764014269,2.3640388923838125,0.07053583072185639,1.0E-6
289020041,0.6615019699312201,1.1224654699231698,25.97139615042834,1.0E-6
3135225,2.1668224098878808,11.277437023915175,0.2774208490528439,1.0E-6
2692900,0.648466717594457,1.5078063180586192,4.225847242063429,1.0E-6
185416714,0.7132706333332726,1.3945760540562224,2.982980634593598,1.0E-6
815942819,2.085893931250165,4.28385703453877,18.19952387989035,3.223224971129772E-5
23876446,0.47713029585935707,3.058473885620299,0.16875909886557444,1.0E-6
1090055,0.8761500652135953,4.840256003758022,27.660339190246848,1.0E-6
