1469609400,9.583557451706541E-6,1.6407906273470747,1.8851071659457614,5.009628767426461
1262742,5.322072629625004,0.9355369917033112,0.8816302731083638,1.832020120976834E-6
431904090,4.393229947025109,1.3317077550046985E-6,2.695156820112081,2.364523705265927
13299395,2.5688631792193957,4.579533923028582,0.06932475472317101,1.3944422278842125E-6
467814133,5.096791589076389,7.044220931652056E-4,1.0671507304697874,1.335573386718263E-6
1114970510,3.785089194262252,3.572380128758442,0.12084698967538045,1.3337475498585797E-6
546998530,0.009846717237059292,5.946606631735149,1.3331916426524608E-6,0.634026761417314
1971402599,6.44414018693955,0.027017854094562446,1.3332679598507105E-6,0.43032150903600686
267906357,2.613333143464896,1.3333296639745096E-6,1.7193228781868732,3.457831407901741
1676703,1.333343420035296E-6,1.617646813846673,4.21099300774083,1.0132381963175352
1542462653,1.401460527777836,1.6201262414530877,1.333336053955231E-6,3.844041797562526
385182586,1.3333258563918182E-6,3.9177544222937084,1.4436501728537057,0.11426686895880632
1354076618,0.4367024520877264,3.865242678404976,1.2433542853459618,1.3333348395621538E-6
1827621887,1.8396754383772493,3.943566925882598,0.009815663869120354,1.3334795586910728E-6
15318279,4.041507029417325,3.512905077828303,0.5744779023748076,1.3333411416145428E-6
1112056,2.626781969095976,1.0935720360808647,2.6486397122815646,1.3333352544401554E-6
2183178290,1.5558142463463767,3.2976067333792956,1.3333328000342495E-6,1.3999657825435194
1551859751,1.333343060360145E-6,4.486825403514443,0.17706327497718521,3.197035764156391
1714328,3.366578802124327,1.333328175430014E-6,1.967822365924538,0.8807237698240974
962785815,1.7718472466335735,0.8046814078352414,1.3333371628631824E-6,3.26579063604137
24211166,2.9251317489791164,0.9530605097395851,0.18942157892752243,1.3333281674383218E-6
221758078,4.823199528798538,1.9127636035538402,1.3333406290149373E-6,5.827029615875195
1088969,2.307760802010145,1.7787450615086355,3.178517206456947,1.333326219456122E-6
2516898,4.198661173037568,1.799533291664555,2.723356006034861,1.3333341475866509E-6
1406894013,0.012733496578251208,3.170013694494176,5.109849179076858,1.333325983450121E-6
1537191,3.98306803248507,2.022916981465926,0.5156403331701367,1.333324224604077E-6
2948999,5.046109920958832,0.36543103207420224,0.01937150131289353,1.3334167042061679E-6
15343745,3.3005443134457164,4.059038119945391,3.9323015814201585,1.3333361952524655E-6
15412975,3.9339821762355722,1.9847142724383362,4.277707367037617E-4,1.3342064496480518E-6
1545775,0.46889336380661273,3.363662020277273,3.184614213757575,1.3333156304641128E-6
1696627228,0.006602119988012471,5.526267264973172,0.4197638691272829,1.3332391916444053E-6
1480704938,1.3375998627815137E-6,2.8643905286902522,4.5120503960846605,6.729222940104653E-4
278477371,5.686677002677726E-4,4.504882403943853,1.332009513248673E-6,0.01084885752039514
2031970835,5.512923451711892,1.333330921823582E-6,0.15243888411362352,0.26232700716432605
787724071,5.154061184507409,1.333657611145286E-6,0.016965244615860024,0.0194304708362475
26913335,3.850757490731601,3.508816804788219,1.2498975133542105,1.3333309504165107E-6
21751548,4.90292119345692,3.657861365232258,1.3333508448746807E-6,0.5239455089211893
61691,4.723118996627874,1.7877233554703351,1.4879937006323314,1.3333280798578156E-6
1456330238,5.89193090223759,1.3333306366753578E-6,2.747890569605271,0.7029559629947514
50474234,3.965644754041166,1.3347704948886983E-6,4.861559882040889E-4,6.162417566623268
2645075,4.291528672567816,3.1459359680784034,3.125341715428671,1.333328528347173E-6
1722971411,5.794758006484605,0.11465786580823575,1.3333216508843909E-6,0.9325259249044167
368237438,5.996112471350569,0.12407069145171748,1.3333393829456502E-6,0.7490682000537233
1394586531,5.049750397938962,2.206790067986407,0.5113863609393129,1.3333309017335434E-6
215014211,1.676768302634911,4.766608955409213,0.9560772946736382,1.3333348703244863E-6
43580430,2.4302513850455414,4.261368870919071,2.157608687489235,1.3333309076136942E-6
264345969,1.3334760363024603E-6,1.4131956547834217,0.005598284696810507,8.120589023414572
25905206,1.444061696713468,2.730201263873702,2.9573272978851515,1.3333386500213592E-6
1335967334,0.10790029894758289,0.5108140385061295,4.838692839162689,1.3333451535851583E-6
1534227225,1.844408389492231,3.524854218627893,3.029531193318675,1.3333252121825693E-6
2015349687,2.9688677937738213,2.4208035408007884,1.2200094120806633,1.3333253904426694E-6
245568716,5.5502808600564295,3.208555782729008,2.1514353005780364,1.3333367038359936E-6
922892,4.380261577083905,0.7375165911639051,0.894211295872881,1.3333402504926578E-6
1485590798,0.006316041567534894,3.037053117322059,1.3333262201808939E-6,3.8270176217264478
13429220,0.5955724091214798,0.8719433129429076,4.724109818325549,1.3333354584782732E-6
478780012,4.353752331148937,0.49188119640051453,0.6589092122313032,1.3333165023434148E-6
1549937221,1.3333263254646676E-6,0.19813719628366563,0.011883966586692002,6.167095812785488
216497038,3.2535032436850053,4.387052632240976,0.7063234619136473,1.333326942842313E-6
30386835,5.182004289523952,1.2098928333801122,0.0034957458929704486,1.3332070285604939E-6
31533162,3.8951445378655807,1.4834039744075591,4.323010450184436,1.3333331411357178E-6
21552360,4.208843552237389,3.7972124005066092,1.3334495131400033E-6,0.003320975368079467
282674163,2.4608777252563483,4.2253070950786125,1.333328312316502E-6,0.014859118392674264
253875188,4.00329332375552,3.48040291033745,2.300978473698772,1.3333332109367051E-6
1593757006,3.2077791440904337,0.04169411116384896,3.7619999353832525,1.333232771672849E-6
1470941396,6.673899610971149,4.342687116367443,3.9794194750467966,1.3333310376597229E-6
1227972770,3.682467558523513,1.3333213692103423E-6,4.392994051201541,0.0422641916745861
2063174114,5.350065305658559,1.333368219923932E-6,0.024634771799385807,0.527962898648967
1263811512,3.8189247381130085,2.22348553652403,3.602190925059439,1.3333331429844445E-6
1427159752,5.494570345725956,3.000122010813667,1.223362973582495,1.3333312368521914E-6
287467149,3.2943619956066645,0.41460974072789314,4.416651376958987,1.3333344783714954E-6
177274122,5.68568895957765,1.3333414323102122E-6,0.2526579134638981,1.3516918603449517
328294485,0.0041953396165032445,5.500949579822933,1.3332798244388949E-6,5.352487580603817
1177786565,4.417999743020889,1.3333356919078611E-6,6.0893027854190285,3.1630976692338963
1375412714,6.414463021090692,0.022157881366348865,1.3334100721864183E-6,0.11443810923448172
1856554,4.172138741932108,2.4556133561383153,2.3614263107148985,1.3333281206867982E-6
1943148216,4.529890023981563,1.5098452577565635,2.144503815583425,1.3333341281730788E-6
54285677,3.789052846381039,1.3333324159850489E-6,1.7330890436215627,2.2573265766982122
25839290,4.032215163147903,2.251870687574522,1.3333316746450346E-6,1.044169918254803
360608500,1.3333319812413778E-6,1.619337224429595,4.9694134102456,1.3954785826373461
1531968802,1.3333283700953607E-6,5.48751135402568,1.3114339362435248,0.736654654530619
55153,2.875221744663809,1.3333323363277988E-6,1.5240806376616456,2.0274801234663444
232933340,0.5400670684458498,1.2126892590991416,4.812283797569919,1.3333421768132235E-6
1649781242,5.531317747400319,1.957712118824514,0.03223814270550446,1.333167373413604E-6
1386808,4.081033597500813,1.4055404160597966,1.2320082273275332,1.3333222272072055E-6
317303826,3.0168392211407147,2.962267598732851,0.6427149120302346,1.3333337077406007E-6
539308758,3.725974266697984,1.333375865740533E-6,1.6433535357247788,0.02221942932326664
8029226,3.9685759471937088,0.06987670632754484,0.5286844233922711,1.3333269074005213E-6
419591776,5.574854990787416,0.9572343935299865,0.12765942333232858,1.3333182795489897E-6
42141295,1.8935512508737469,4.1877111994348475,0.5168092910997693,1.3333338362448054E-6
1442509122,1.9798001891667163,0.20252309005484956,4.283847092320223,1.3333401513431113E-6
686394932,2.6971886483694734,0.08281725542298547,4.129222519050288,1.3332720816721823E-6
33322378,0.1934870372416154,2.1879988328042845,2.2372054001605086,1.3333393610747851E-6
14851693,4.745482512274395,1.0922999767910448,1.3329572593771633E-6,0.0050100538029147525
1422773575,3.8724829166462564,0.08704107274391738,1.993974693118952,1.3332899492800944E-6
2176671300,0.9266587884257156,0.759108482737976,4.573975793367897,1.3333265247201803E-6
1476988950,2.6524126561175794,4.672055655312869,0.06176602993848308,1.3333246379234558E-6
5767799,6.554820569060948,2.011202071738571,1.3333483082608503E-6,0.549705864525622
25496,5.912597021697682,0.4961301974085735,1.33333103534637E-6,0.49370142712481646
25614620,0.1368724976248809,6.381857651324708,0.8912466535794852,1.333335710329971E-6
373669853,6.302531429133749,1.3333304795508795E-6,0.4624298083419366,0.9070657306242242
1517348844,5.1650872642886645,1.3333360300086627E-6,3.257080972579384,4.483079202132095
358871966,3.9923923393349536,6.175102846406009,0.0040521987862414165,1.3337008613372975E-6
6239422,6.000339459650894,0.0650741530570638,1.3333176743736145E-6,0.6580509994547014
1153902371,3.7416093326881312,6.594469259038597,1.333334790184823E-6,0.27281919769317414
18454432,1.3334632371990527E-6,7.257298915373231,0.04458217044482906,0.0019564863289338492
2126560010,1.3333281980602654E-6,1.4442344478230396,4.571414764280635,1.3127914167620198
793489,3.1891656408712583,2.241198680603404,1.6339832322518777,1.3333333856677435E-6
1819997118,4.736845503354296,2.018264345968853,1.4308843367741373,1.3333302095771875E-6
1491152429,1.3333352644548368E-6,1.1896278039497343,1.2695305082272306,2.483893396934706
2245324,4.379857733439413,1.4906808654917794,1.6082175375876684,1.3333335862198363E-6
1278495445,1.333341644009373E-6,1.264635027950571,1.0155108605722782,4.632597542920916
577750387,2.387175875785324,4.87050932245548,0.29617896910500585,1.3333347569402352E-6
621297654,0.16934336903152453,0.7310156396490256,4.254196924972548,1.3333167701228624E-6
1382916558,0.08334460694544266,0.27054060812902303,5.440252722775143,1.3333295641600665E-6
192974291,3.1297401204339312,2.2807630274068766,1.0451699338715639,1.333328549241105E-6
1331715096,1.692305772945067,3.5826066955458633,0.18224148847607893,1.3333437219834382E-6
506234210,5.380888777379829,1.333344957637079E-6,0.03866586193830976,0.032565893734775676
496776266,2.0197673330956056,4.920006327910583,1.3335073034475584E-6,0.002638547192123204
221252982,2.1200566099860527,4.594607677005836,0.2131102186658733,1.3333360013051377E-6
9370272,4.11429374874573,4.025620994703635,1.0279963633328684,1.3333339433853189E-6
721435072,3.7765723787435546,0.04183981173248418,4.747817355448801,1.3333030598064808E-6
789852986,3.0047798169551116,4.345777764826851,1.3334106315224636E-6,0.004229585372533238
1543999939,0.15685491866415885,1.1408038671852818,5.145685436230753,1.3333685709145528E-6
553038838,2.965588921231342,0.23498136702461694,4.8047514998332765,1.3333309432480908E-6
232007553,5.118357418995446,1.3334377320556813E-6,0.23578006410352628,0.007128484738671154
1499377514,5.1181409230388395,1.3332859088953773E-6,0.004454028100374893,0.025665646717157566
280453972,6.009846545763373,1.333324225208997E-6,0.5493679652407256,0.45244934265067543
2101001175,1.8859869754318697,1.3339522225322966E-6,5.712894550278906,0.004048135518735813
1106052273,4.128167042733695,1.3333206409806657E-6,3.54041696949592,0.03480580568204008
1555268,5.342898818291857,1.3333357577585254E-6,2.234262328650796,2.4992906731523137
185147318,2.410079339989272,1.3333489850262251E-6,4.882240459069986,0.4127749062965763
473769076,0.039111456677279194,6.654018122243871,1.3333536846979995E-6,0.08726785085026557
17504456,5.16665322703724,4.362221528563895,1.333328028077128E-6,0.17119711016347794
35901338,7.028998834315764,1.3333290846424362E-6,1.8518640224619582,0.02783171695059801
499091330,5.757946329046372,3.222458442519932,1.3333484209754384E-6,0.350748074271396
489094581,5.942376877779641,1.7301344826548508,1.3333378660998046E-6,0.10782523809555279
430746774,1.5890537241974916,1.3333332903242314E-6,1.9306403714008287,3.1357644585092768
698241691,5.169975310310364,1.554908202390026,2.308006568339202,1.333330985994962E-6
2047152,4.802523007300618,0.03838665070568529,3.621454656237028,1.3334261485703676E-6
484426217,5.931555484943569,0.24635005090831946,1.3333355540303422E-6,0.9430799228794233
1649551881,2.3815174180740026,4.476135270641317,0.16593701265055658,1.3333491035390845E-6
1144469368,3.0444487041637482,2.7526564689393083,0.5641513042774018,1.3333356626444839E-6
1326277,5.937037166128207,5.401134962536158,1.3332996386312769E-6,0.006751115654613202
959837397,2.37752393276649,5.858204729452804,1.2277543244872144,1.333347789164052E-6
3125808665,3.780953493201751,0.46673457887842806,1.3601423303698275,1.3333310103983897E-6
392938880,2.339062155132934,2.2858391346132905,2.9646764956591056,1.3333301890335975E-6
38275398,0.1983770231447835,3.5979971318499966,1.2106706226453396,1.3333202464349982E-6
246114379,2.557769740879824,1.333265592330301E-6,3.154381258745554,0.010645521541695553
1904819173,4.04368703763572,3.231275199615023,1.3333343115058094E-6,0.5119923625137596
498198797,3.800634257013661,4.488262503392714,1.3333339294978103E-6,1.8842695370693248
1218141950,3.0268527850153215,1.3333135514216148E-6,4.109221017220667,0.016772969149433072
1271676860,3.3501220611436993,2.0523875584494906,5.431808695499335,1.333331171696111E-6
1676453981,0.16345287096928002,1.3333256962041786E-6,5.343750164354204,0.034764429093676476
425079374,4.886354221816646,0.16181074139384344,1.333529641777609E-6,0.0012817550489244579
1516785452,5.936826699663291,0.14678103929479464,1.3333359900390405E-6,0.4435507278620457
289565787,6.89559308137063,0.0016384359279646937,1.3327761858930877E-6,0.01918555042027214
1045930117,5.419361729833357,2.035153198521379,1.3333307113285102E-6,0.26724843037780366
1480533045,0.06598974624230397,0.09122319561805595,6.371520022900439,1.3333331334104637E-6
1000424281,7.483274795448858,1.3335346261645438E-6,0.0019829822686735364,0.13020977007595183
243496184,1.0956260267253393,5.79378598416832,1.3333366729022187E-6,0.11585352073923162
1364311150,2.7031768653624657,0.4530069379724164,5.465035210004016,1.3333300741856178E-6
2968323592,6.150468884110718,1.3333741588160363E-6,4.570474368300979,0.17899415455928888
24513535,0.28431082696396553,1.374342800936698,1.3332999952191864E-6,5.927469764831821
717886418,2.92119189170884,0.07945841183412451,1.333399134351553E-6,6.559280928201158
853689,6.28976237886669,1.4062808526391017,1.333323428453963E-6,0.16954275507361063
1490431958,3.752878909399941,4.501797463220624,1.834297310447916,1.3333291311091695E-6
1169719950,5.695578421250437,3.1954363703380038,4.156029277466853,1.3333307129586503E-6
261196906,6.424263509572764,0.03230280268072982,1.333263352021489E-6,0.23151214095200193
4331446,4.008749741081204,3.839228207210232,1.3333388802973194E-6,2.009259048287259
8938946,1.3333330372416849E-6,1.2516608292514995,1.8076382273391716,4.354256055163524
45925025,0.8223474801077127,4.274724083482426,1.3333515429461174E-6,1.49723564781981
1491416138,2.5596639778427583,2.835296412995761,1.333337867700321E-6,1.1621420512040879
1401016,4.58444749360203,1.3170532237854207,1.634844409649686,1.333334278195887E-6
2025788866,3.8792041852472092,1.3333490185182613E-6,1.1847575960501608,1.1341973452177827
1654614889,1.1476624446567716,1.3333231138067098E-6,3.435936207203417,0.21066310701085453
229136978,5.099885821761544,0.19152176582567548,0.18096413391816388,1.3333303646726162E-6
1424109226,1.4027221255564801,3.7798704231560425,1.3333249032381105E-6,0.025950633362659323
1215887186,1.3333063939119483E-6,0.8759133464431211,5.739664054102027,0.035304981386157855
276680597,1.9389867649941062,3.3801558937588805,1.3332828920062365E-6,0.008717578727523646
449299746,5.110985759477247,1.676646332839704,1.3333135985785474E-6,0.023676361169252515
818729,1.1942975739078296,2.271241351787955,1.3333380002038321E-6,0.04734236942207492
2186924131,1.333202390891485E-6,0.45537007165140136,0.01157631099826832,5.249016331625986
670609188,3.720315596286602,7.705643926863757E-6,3.2131187120605307,0.044725645569703334
752373297,1.3331277145224403E-6,0.0043148017110249594,5.231676501784197,0.024820059612114205
177821977,5.2085926069219415,1.33360724769056E-6,0.6869938153595763,0.007155903236311833
419425480,2.1217404440520515,1.3333217104156117E-6,4.649769745702531,0.06388404142615828
2280568248,5.6221001429303055,1.3333279367043235E-6,0.4884849859608793,0.016253143769301644
91415,0.22423316123015535,2.6136981917256774,1.333334952447212E-6,0.043608087296956824
1751791049,5.120161858376402,1.3333200597871164E-6,0.1548711529809223,0.021931760988874206
1567628479,4.81885837663344,7.861504365142424E-4,1.3321291482442648E-6,0.022411738978111554
79286,6.38269451439584,5.1778564663094535,3.762236183742235,1.3333329040713904E-6
637389737,2.518558296536931,1.3333612623905164E-6,1.9118519494050419,0.04537121513940186
1139660770,0.03322736986664763,1.3332609414148876E-6,5.127886408120403,0.01777279288031327
1175334097,4.365291365526822,1.33334684481356E-6,2.1361417412536188,0.027205054681386877
45207098,5.445945565593715,1.3332950002248083E-6,0.0038807505708347272,3.4429440397604374
2809647,1.3338450403676144E-6,4.916656682524098,1.2804851076648036,0.004562583652280227
1636331635,4.3990192206902785,4.830688055004869,3.4033282828722657,1.3333333428936768E-6
459180955,5.597663904459988,1.3337582261227011E-6,0.0023797332520326116,0.6413972807675358
48067105,6.154429236502288,1.5690308702165332,1.333343611325302E-6,0.13407254763235232
300562191,5.937844485214843,2.9665117249934343,1.333333173589712E-6,0.24914301892922103
1435651265,3.5775156276502176,5.267904885255937,2.2656110074792153,1.333331695186759E-6
2397254,1.3333635922830086E-6,1.2998279319604835,1.0898838559786796,0.008454373362933023
1773556180,6.397775917793191,0.0075813443036609135,1.333419056905851E-6,0.1670453562938876
1435018358,0.08156911273760785,0.0011229376422578507,1.3345538527154997E-6,6.038698280751309
1636712716,4.122186374874112,3.670102378787576,5.521652125094494,1.3333312099384122E-6
325307068,5.189451169392984,1.580396494691491,1.2336462767676408,1.6709125724375142
286776930,4.6790829491493335,1.3333318975524364E-6,2.4279578889603872,2.6205602376931836
3357667,2.653769519355719,3.264344090989113,1.4770982136177002,1.3333324626101926E-6
1524747123,1.3333294929180567E-6,0.7033907496659826,6.03712911301954,1.5499462403000828
5540769,5.339206711517592,2.23997229991851,1.333332916080267E-6,1.7177708436685917
1956431,5.73965127572957,1.3333316861417632E-6,1.5226109143415758,1.8632906153813784
2073559080,5.437532938909536,1.333312008053271E-6,0.7500467878980145,0.046470826844706124
45816005,3.951462589315949,0.5632509282917323,1.3615886728030737,1.3333265702647777E-6
233899409,5.083950287152059,0.8201134153528695,0.7273125592182376,1.3333389928887737E-6
1691802,2.834045359934144,2.6132288893032367,1.3333366096302613E-6,0.023181070355065437
1288083675,2.70720264534062,4.01860945811794,1.3549853850156033,1.3333356776583662E-6
1478180863,5.237258851443208,0.6927638754636443,1.3333395611178007E-6,0.0359307557070453
2942141729,0.003561686049855386,1.3333043635959966E-6,5.145098367995264,0.013933212949355624
1565173930,1.3333258001396334E-6,0.7718094393010235,0.12153553316480514,4.001789030797081
1355986145,4.18235972767973,0.8562166048468526,1.3333286200426374E-6,0.03341083529867019
387826753,1.7605562354471913,3.013769584715478,2.001069145486744,1.333335831557654E-6
445583504,4.491994698713351,0.8226385415746813,1.333137813250735E-6,0.011594935035852101
973423826,4.348324176723593,0.4924260285138165,1.8790790642211637,1.3333300872479682E-6
1501575,3.4501222611561846,0.4203670298604258,3.969940680517101,1.3333400312076303E-6
616930563,2.8491964616456227,2.5298900336395556,2.7623493704918944,1.333334160702929E-6
31314909,4.288672712628779,1.3333311416102673E-6,2.9480533057924427,0.04192775381524544
2821360,2.037848792600884,3.6576668502579355,2.7154156723889766,1.3333357409619802E-6
1304193556,5.1162925208682974,1.3333598160781487E-6,1.3333318519085928E-6,0.02006312911199698
2308975565,4.803444205397253,0.2629498915494035,0.1508221853508519,1.3333422256396922E-6
3999606,2.5813186000213304,1.333332867801979E-6,4.251304071453677,0.03783280555574858
465923525,5.094580336215983,0.03488315215054539,1.3331589376414939E-6,0.16548971435018633
1373831958,1.3334408669233987E-6,0.09114034509996863,5.138714416730947,0.02463068024006114
1264037986,1.8635015859797839,5.18041929374349,1.333334360563934E-6,0.10861903307957908
16467772,4.829177341365978,4.229072484031189,1.333328592226909E-6,0.712746152252765
1414182837,3.4060788585275943,3.632049886636585,1.3333284000108055E-6,5.025209319595709
440174189,5.145116112713056,3.7938702210056463,1.3333313731440816E-6,4.366954146331586
3599657,6.725607585341457,1.4871088312656773,1.3327707982951536E-6,9.79167849313407E-4
1837920954,3.0153340664371724,6.357331072065595,1.3333298093554979E-6,2.431968989318715
1300620796,3.9177556572761216,3.167817589240936,3.584264933245702,1.3333318630400563E-6
180442293,6.302700970653825,1.083743824265641,1.3333395038014372E-6,0.2824452328147444
1328039922,4.2535669231070194,4.835592214357972,1.3333334421371492E-6,2.571963050495251
466158442,2.9122056877196587,4.205405363894255,1.3333755969415277E-6,3.6803624764312435
367027130,3.1896455370308385,5.6271867455639075,1.3333309026940305E-6,0.46484140183404826
327925714,5.942027772650724,0.32823644181280565,1.333340500274038E-6,0.6297764384678252
1985920060,5.138759025673139,2.985973310462585,2.40980418438282,2.1916751203905953
1183567008,0.004952757917432979,3.040014537608768,3.5094932264220167,2.7330343734235854
1856150,2.3138330482389282E-5,1.7731731353101299,2.8125919625332654,2.020489025749762
1962233829,2.0676359771551156,0.16807457392362818,3.218478016657027,1.333336085430543E-6
1516472907,0.02598115335961775,0.6930464572679456,4.085708240263637,1.333157943952306E-6
144499478,4.450584870309298,0.36007029185505784,1.1682673362621687,1.3333333633705486E-6
1116592402,2.018348060444789,4.516919207991789,1.333341631594012E-6,0.036207109944401974
13436270,4.14908094376461,0.10731222817171611,1.3333299697803655E-6,0.0224699264142609
233923718,3.7586324674380758,3.9829136112517443,1.3333129684668922E-6,0.012808479799932897
1412514814,2.0391865084677403,1.3333546300268653E-6,4.352989816549234,0.008883445650018855
38291410,3.5536881013933375,0.004690163621479179,4.96246265554282,1.3333453470345497E-6
2210447,4.204482956180701,1.2287703056996275,1.3334108798456434E-6,0.007881633895183711
1579010136,5.103091714272709,1.3328065051782273E-6,0.003153605328378499,0.2172479296671582
1209532996,4.879971079563017,5.533996403256263,4.382525786672541,1.3333174636665782E-6
1492725998,0.2348823069526183,5.992230505530776,1.3333431048748382E-6,0.28714401940108003
1918162045,1.3332876190297341E-6,4.6754636285222935,0.00570494098408847,0.0308951233098554
223279297,6.967593909071061,1.3335428722090256E-6,0.004468273006446693,0.22043123948184526
816927414,5.841113616395327,3.3858255331683442,1.3333301362358145E-6,1.2722463916312785
1017038,6.001480908597806,0.025764677816609665,1.333265431271191E-6,0.17182354017447105
673326824,5.231555601362821,3.1147101271398734,1.333336611155704E-6,0.3505387660931442
755662980,5.707490891426446,3.1275073808139364,1.3333330221696399E-6,0.5458225941178526
185953913,4.7308406617437795,5.215267435796216,1.3333064279527877E-6,1.4986867795906516
410823480,6.092034314985497,1.3329625018509249E-6,3.815850156919576E-4,0.3193372091857518
416747483,4.5737349870517825,1.6836349039027059,3.1501559815373037,1.3333576145025391E-6
1576395300,5.143560374293385,1.3333266680996746E-6,4.79123432681478,0.36322397658761746
237178974,2.4867682020525095,6.062868386579882,9.944238964382523E-4,1.333840357388163E-6
434113701,5.9505588314753,0.06997302745285737,1.3333445296888115E-6,0.6121791386643316
1553062,2.0637543605536903,3.2594989850844476,5.2555081327715785,1.333332513398945E-6
1691605549,1.333332852229287E-6,3.9654909442869686,2.152182343500097,1.1695327571325398
1032744242,4.620062238143535,3.953048600566542,1.3333299836110365E-6,2.672495861943021
305293405,1.3333342592957808E-6,5.3405961580692765,1.9387988826259865,2.5131191926882304
477795958,1.7234846735789073,1.3333302520131087E-6,1.5149614645024545,3.523288867081449
698951556,1.3764691499719741,0.0038331089488478722,1.3330406926101263E-6,3.287757080376182
1296293073,1.4268732546074334,1.3333347950952162E-6,2.530619067419232,2.417264730811783
532940651,3.841857506822053,1.3333312799694098E-6,1.2955400472905843,0.13494732658392083
1409019759,4.12531216905917,1.4129199373962074,1.3333207072710896E-6,0.03499000871580159
288415648,1.4464918269065081,1.5538051540475255,3.6171502854553337,1.333330871213656E-6
2196844247,4.799582621421811,0.18300939365376953,0.7678013643538611,1.3332738126045402E-6
1083349321,4.480221404559767,1.3335752332355345E-6,0.16076887470778006,0.0096924501432503
1869324,5.865148142379668,0.39056562184641685,1.3333391254119836E-6,0.06259203356943205
10217226,3.892844090440421,1.332925749727202E-6,3.7332762248634643,0.0028038877409710555
1651870031,1.3333232091235006E-6,5.127465947108796,0.032204608954838905,0.03603413480711109
587003481,4.360737641591953,1.3333445650021675E-6,2.2437834395202865,0.06030511682974209
1568310191,5.095652397779064,1.3333139720026083E-6,2.076372478658021,0.30210647691167386
1706203427,1.3333189801056155E-6,4.755640990302788,0.010446594731901052,0.0740873678317859
14869619,3.183237294270057,5.719947031350987,1.3333389680695043E-6,0.45831916568880676
317988743,5.781893332790651,1.3375671081132166E-6,2.4652381422689675E-4,0.6442510528331842
798491561,5.266343615695059,1.3333340103819768E-6,4.104930591538254,0.7462661386010974
1833036267,0.6220080888068519,1.3333387682952334E-6,4.890943327272436,0.0496690886377374
1734853732,4.986581864816813,4.891190731870831,1.333331792706095E-6,0.3736319424764999
217639909,5.826152809544267,1.3333798752157045E-6,0.003431403842233805,0.013614008089875895
20049903,5.2117669331069125,1.333340777999937E-6,4.85552083498056,0.5407690975549625
31283052,3.1117700498058447,2.554651314145297,1.333330797981159E-6,0.31613976679591504
198442710,4.242101965108255,5.085663832825345,1.3673293019562907,1.3333295886499087E-6
326759817,6.412543408122501,1.33340411608566E-6,0.011446705201815847,0.2609886082043295
632452757,6.200949413487941,0.09001178238266054,1.333350518519368E-6,0.24891254154784623
44605115,0.008141914239720015,1.3333763394446024E-6,6.292234472826436,0.058329730293850704
8429742,3.5584759631026475,4.449939196489066,4.700225946236168,1.333330661588607E-6
54793988,2.09693257752361,3.6761962249889266,2.8494262338512333,0.012525425913664161
3429244,3.3482343701196466,2.36414576896176,2.790774412840624,1.333336427091556E-6
1481096959,2.627390903628736,2.870524300022716,1.238491428339789,0.03362959084517057
2641062,2.436177935774229,1.3333605391006876E-6,3.3783907385209657,0.11517169090824989
1770922172,2.359942291760997,2.5626212503105257,1.1572061879470812,0.04246576807024941
536175077,0.004528402966627051,2.1446584779798386,6.267047597487461,1.3332884613251666E-6
363140498,1.3333272309868812E-6,4.365071530488769,0.3613643434358491,0.02548658650261898
203244119,0.05727685119986117,1.3328659615098E-6,0.007668524431859228,6.841705811349234
421383221,5.305900488128137,1.0729879843762289,0.46042658724625796,1.3333286623780344E-6
13763185,3.65758011177414,1.3139323047259832,2.507365853633164,1.3333410718130225E-6
457199627,4.8674925777428175,1.33330253849458E-6,1.8752445294347215,0.059054882060887035
1955404609,3.7730394635464717,0.022017018188186487,3.899201263854923,1.3332782018507396E-6
399747591,5.469461292374493,1.3333376973748837E-6,0.06800541544433697,0.2684836824600844
258055186,4.222569532957541,0.44641347442680596,1.3333391601037308E-6,0.0421099236966925
554792230,0.003378363426261593,1.3342155162057744E-6,4.932329365591386,0.038490416872411025
1443314383,4.948075836480857,1.333363517850532E-6,0.08035934908436335,0.690468669892033
530897843,3.8728138627018818,1.7449242378886467,2.8810219852543852,1.3333315734997944E-6
23788064,3.390045193089709,4.03536164640016,0.01484220567569116,1.333392649485945E-6
234122468,5.105864655931961,0.016392680356717683,1.3334063985595842E-6,0.7653978861254622
32329455,3.9574127120340057,2.4642400894023413,1.5900489643638316,1.3333232817857167E-6
1482864011,5.478682951862645,1.3333055956763815E-6,0.05359085653001358,0.012312626067822765
1573031,5.923963991265303,1.333338812163216E-6,0.8030204942842184,0.3487086205530977
308479058,4.624891812874163,1.333336881921738E-6,2.8572284491715223,4.825389485221882
228131766,4.780050598789245,1.319690637626482,1.3333399165727412E-6,0.2175013268626035
188294184,5.296502099562301,1.3333298044327243E-6,2.9901960741704414,0.7521108648460958
242298165,5.637686627413175,3.1290792121351454,1.3333377614794146E-6,0.018288487527763336
399496791,3.435601371633644,0.5872137914515148,2.5407823499164306,1.3333472278769634E-6
189380759,6.2438615853939785,1.3333399224345603E-6,5.58616950126129,1.1087861608944505
2049694412,2.1053048555128657,1.2296035679847772,3.3351680272526476,1.3333309482767302E-6
1495967240,4.045389016446738,0.63833870624277,1.6490147783447258,1.3333298923603272E-6
1016338314,2.9421735370667186,1.3818283266667288,1.3333330647468329E-6,1.8565706297285545
976955592,1.3334697596029262E-6,0.2683450832847658,5.225661068681105,0.013866406099436407
46879111,5.113685033338372,0.2081508613442599,0.2965125422511188,1.3333369892779344E-6
785790431,5.018048087601719,1.3333359440470655E-6,0.16962641533197176,2.6961580443881097
602639885,3.5715517526701395,3.766021385240793,1.3333275254311078E-6,0.04999431293877532
409147008,0.024532707996081895,1.3294426800914554E-6,3.736689323013644E-4,6.7523969238689405
325951115,3.076106103992627,4.564519548370492,1.3333292638641464E-6,0.028046208399616537
1171396364,5.136599928991473,4.824637552285898,1.3333303519582207E-6,4.137780564243535
274978867,4.503757183215953,5.8075889396051315,1.3333078778750745E-6,0.1051890883372018
1691535053,0.06574314168844789,6.3102790927892,1.3333213333000102E-6,0.11091936072285537
1302497498,5.652943181295731,1.33334226248161E-6,0.07410371966487278,0.44452139726702705
416576311,6.017680501721814,4.296834555531885,2.3239361425196567,1.3333329056868493E-6
1082428988,0.002756875831241057,1.332112039132113E-6,6.1281764113225075,0.025633578460474284
311231643,1.4507421034674473,1.3333195230895335E-6,6.493911151872179,0.12566107045077196
24693259,6.147594777151622,0.001137741131828575,1.3396301398857962E-6,0.15499530266142086
1454352926,1.333331743171916E-6,1.6620905057934805,5.1254720017917625,1.1477963570211664
1605254150,2.5755481828039755,3.503836209481666,2.3341451882509427,7.330215473179516E-6
422169964,2.7975768792996116,0.9797082047246432,4.2630123680220455,1.3333365698913878E-6
35168079,2.422864159836288,1.57961414197269,1.2082802975529277,1.333331567001579E-6
193880636,1.333395615947751E-6,3.7607107895958483,1.5727864920115773,0.20713960989273875
600642819,2.1851331521394837,6.195830314400026,0.9700620313361331,1.3333266381976732E-6
208471870,3.663304491057335,1.3333299891649498E-6,1.708627463474873,1.126373557290002
1753558959,4.125038941517182,1.3330237180423104E-6,6.264890260396337E-4,0.6715432712478258
470262620,4.251272401240991,2.167980659108202,2.073986145086817,1.3333312330410592E-6
1555906765,4.862873191671814,1.3333113627077065E-6,0.6444839947443151,0.041354155841538225
1507156742,2.3703651105737618,5.080897931976991,1.3333190583498162E-6,0.02853593312429966
1484325420,3.707285648653703,2.6211017070469147,1.3333310186065195E-6,2.9151381595016956
557687018,5.050898427133434,1.333326223043195E-6,2.124574340889935,0.04095369438846836
557637002,5.091854020537519,1.5219949685956151,1.333330412010594E-6,0.5260285375884087
1679620202,4.83352121839607,1.3331542351255526E-6,0.20404678748190305,0.01789020613242033
360644987,1.6648991602289587,1.3332700797015637E-6,6.274600391475645,0.02301697037284199
3081667,5.045424193104183,1.3333303091694874E-6,0.25810548848959086,0.11772484465156403
14226171,4.343965216040972,3.4482667288832203,0.31264618710519915,1.333337581097179E-6
320887137,3.9544746415779874,0.7844287118435443,1.3333310913274865E-6,5.323252699415888
1520545325,4.800938098545193,1.3333295114463076E-6,4.971055508999677,0.1696830102382676
787034200,5.97785619852927,1.3333100853189755E-6,0.025462828245561658,0.5791323785447294
6878507,2.186514842814096,6.76902348839882,1.3333334836978597E-6,0.18708367481181945
200486085,1.7052820824070078,0.8658866672532887,5.1578440147190605,1.3333286598732574E-6
975715980,6.1407958521921255,0.007936131304104518,1.3338763464530585E-6,0.32785265516149337
1086907885,5.838534841458791,1.3333347182593193E-6,3.2821623487838356,0.14311213536439346
1326449464,2.4896962037542387,2.991910932513322,2.8412496009554427,2.406907561855753
855086,3.83507692528525,2.909603779334702,1.3333333589513759E-6,1.8637125470675506
600462354,3.067882897143784,3.45051407568619,1.21003655983907,1.3333112132004797E-6
1515586953,1.382244450946745,0.7167863543230765,3.4303640699792357,1.3333331904926163E-6
1818706836,3.5531160826909622,0.6075874925251037,2.293235449307129,1.3333312801029062E-6
4584966,0.47022398637961654,4.74471148707255,0.5646000898501657,1.3333305049641267E-6
565062187,1.333360825053771E-6,0.04223554148074788,6.288932469984297,0.021250900659594184
796936457,0.794593737069835,3.3441246969762877,1.7458048457570663,1.3333363786861437E-6
362626626,3.1823092850873302,2.622663331612855,1.333320216878233E-6,0.049660247968021785
1522027594,4.800364445048212,0.30480469956620254,1.3333340102673756E-6,0.03770473674862848
224608307,4.756452218767043,1.3333839419303891E-6,3.0832995546352295,0.0379852291013314
1659033973,1.5933231907826797,1.3332976896465828E-6,6.552329700919019,0.03512546927378071
607866507,5.225854541283968,1.2868993320055238,0.02274679525761022,1.3332852067901112E-6
1914530079,4.265720316391837,1.3333372361152676E-6,1.5547822701520435,0.013478140191987401
1465362960,3.4113931937987507,4.7740084138405035,1.3333317744643247E-6,0.050974119658786725
1532131743,5.188838869606757,3.050363989136152,0.031471746406590714,1.3333269815258954E-6
4567477,6.978902569473845,3.9853117728894296,1.3333268360602594E-6,0.23211703993979343
28893179,1.7424765738342016,2.4014669849731205,2.866207981060918,1.9779920980097183
504504226,1.3333169596726558E-6,0.18050062676757006,5.745211612198867,0.03834755638683561
44111646,1.6824573994154763,2.7598442489365422,1.3333303335373582E-6,2.0002838180835836
1320835879,1.582754297068565,0.30407911205999516,4.225592459058389,1.3333325117298577E-6
1178430872,4.921452758256092,1.3333169351481604E-6,1.110351760118509,0.7468259759326055
266954200,2.2542481373881382,1.37911186339853,3.1905072479180743,1.333323897020291E-6
245980254,2.3975039476459448,1.3333973479036446E-6,4.552657482770599,0.008369936002097416
1228619,1.8950327093451513,4.460042131280521,1.3335506025403448E-6,0.013723743785119214
902199,4.742068482088631,0.05847007683010288,2.4278592720965326,1.3333421144964599E-6
5497777,3.613313624310484,5.249441000254825,1.384434968413237,1.333326707197402E-6
1398219140,5.070885995660301,1.3332815526632749E-6,0.215237439666927,0.021770163146803863
7326258,5.061616931968388,0.05123689048952534,1.333330361252381E-6,0.029957047346782107
1389152936,4.726713603198666,1.3334066306401927E-6,0.28099087459166444,0.02708915435975173
12294825,2.699902790124169,3.1670960747658476,1.3333303154792197E-6,0.042459059446161324
37418852,6.242830244806018,1.333312372319761E-6,2.958515510851207,0.08934741249534728
202233073,5.760781274712443,0.008262736404641025,1.3331185615691023E-6,0.8391536499814186
4277286,6.51248736837451,2.121724982599415E-4,1.3349289328205804E-6,0.04204728551714885
513777862,4.778684151789315,5.276671705305936,2.7769918530878406,1.3333324950549164E-6
6339155,2.7044237904666764,3.1595626852000214,1.333334565973764E-6,0.9228293332722528
598953104,6.196808020833565,0.012637130127431857,1.3333330426539181E-6,0.4804363664168216
1036313865,0.06702507581240828,1.3331556337840276E-6,6.171610638171554,0.33218973917753514
292541916,6.979803727072931,1.3331033088814946E-6,0.0017489212042404176,0.24057703304739925
549914473,2.260083717924933,1.3333365382536607E-6,6.135565042891039,0.09424147361840197
1507355199,1.3333342970024537E-6,4.552993743606271,3.567919279500872,2.9714663452760273
28249774,4.381578861964585,2.9144001673067566,1.8351922817156747,1.3333311565637544E-6
25969892,1.3333376498303135E-6,3.040807710172488,1.5748143161676438,0.060918958123594394
1153093183,3.7629920629233586,1.3333318769189524E-6,0.5689631690283914,1.3500942093951929
1649486146,3.2535776256194273,2.2683421118020037,1.3333342408215785E-6,0.03905734002758978
422202887,1.9803771668714705,3.760894605169746,3.3376986975273444,1.3333315673888214E-6
527605791,4.745349110919207,0.0012196017137553238,0.14120531285633017,1.3322514380559228E-6
1757730544,3.815802303692356,0.4759521051146443,1.3333292910822823E-6,0.06251393307096331
278969024,5.047780715861468,1.333345047417352E-6,0.10374001490504266,0.029538168407880767
56061555,3.163390961164824,0.5924406141451427,1.657524245059904,1.3333300211953914E-6
3925743,5.758536606470927,1.3333593557307968E-6,0.008605342392859932,0.8133387283387417
239723074,5.097513146775054,3.609980242673679,1.3333278267696905E-6,0.029840637471796324
267960956,5.143079943203769,1.2853514946023612,1.190032192524168,1.3333337183315542E-6
661565659,3.4395220846861614,2.6760959534579736,6.02806766130429,1.3333431608377699E-6
431007701,5.2910225145113365,1.333327168315166E-6,2.913013991465685,3.8241177556344326
262061359,4.28014896540866,1.3333495553779881E-6,4.026575626048712,0.1516401640329751
1674727,0.006622390904372219,1.3329650738559471E-6,0.006041896887449095,7.557987565759609
562986421,3.4776488910054497,2.3817706807878447,1.272787006254514,1.3333354192358145E-6
307212206,5.0877215115404875,1.8857374140626897,1.2714952899085576,1.3333337986830287E-6
329032009,1.333309710039996E-6,0.2482871075447902,6.096789158075284,0.02010653343061701
1499366709,0.9818143378548849,0.807437458842066,0.7028869802856933,1.3333286120091419E-6
1277491366,2.972557977690797,4.638544501982058,1.3334672863927945E-6,0.04395337273420346
315377927,4.084738967239064,4.938914602465588,1.701068773646403,1.333327738255415E-6
1400344254,4.607111786518078,1.3333260342981387E-6,3.756075065427968,0.054000682076286395
395692372,1.2496976572411702,0.8600835886072488,4.8986428882282596,1.3333390249679457E-6
7251090,1.33334493686949E-6,5.1460347786790415,0.020442354423921533,0.08768650253995551
602163313,5.182189512761568,4.697831617271186,1.5650635569140197,1.3333261912620934E-6
976675492,1.3333327918061001E-6,4.05370469275624,1.8979886989876777,0.09170012344728495
528372598,1.3332928079551758E-6,4.891301786172752,1.3448288365300334,0.05112565238023519
1776159778,3.8852232449409607,5.114668649427686,1.3333333738420565E-6,0.3917353860839944
2138705146,4.5152019238611505,3.9692735411735924,5.218613187177551,1.3333342435974462E-6
1467334728,1.1136666823715162,3.0322081587136993,1.3333369441940216E-6,0.047120932443550714
905890985,0.08690368681350304,6.161677966934213,1.333340541461142E-6,0.13683739510786505
1490671767,1.3333320588703361E-6,4.125147465467145,2.509755032335646,1.5754377196702605
517406675,3.440407780101283,1.3333349215751408E-6,3.097036671060776,1.2285637658882407
262385842,1.5306243432017466,1.144217055227859,3.750500636151413,1.333328666370111E-6
1627581574,1.3333264531168613E-6,4.332683098887361,1.4913311062764745,0.9906441302656911
1293482,3.2956231678247017,1.5944570197874164,0.8220556032741638,1.3333328680758522E-6
21142246,4.034655402710267,1.7551276250587713,2.506867850903262,1.3333422672981597E-6
1175253,5.866368491802802,3.590311854720469,1.3333199922036393E-6,0.029137361491289572
29574323,5.841589238470674,1.3333157421877632E-6,0.5786705735876144,0.3705220953955595
1677872605,4.597684629458303,1.1367310751887445,1.8227951050081066,1.3333297172741483E-6
315420407,1.7139768861099425,1.3339892022077182E-6,4.120631512041707,0.009549516068479952
367792890,1.3333260739173107E-6,1.8597198873347953,4.45448883418975,0.06615089483451812
18382607,2.7385902618236093,2.858656498742981,1.3333622434079835E-6,0.0243353559987204
252220691,3.896721245493013,1.9250263141980777,0.7494425487771789,1.3333234961991075E-6
1720320675,0.49858383857962213,1.3333332166573088E-6,4.799859183273523,0.037672333017747264
596888605,4.385953795583557,1.3332205098981941E-6,0.005436936291528635,1.8871376551070582
356916851,2.8079663663534555,2.006133165996206,1.7008434565739574,1.3333290125204524E-6
3398876,2.5905400302562045,1.1721604363090021,1.6226643796746332,1.3333264441821688E-6
13889052,1.056121990989346,5.4352571190914665,0.3641343362854583,1.3333177393189213E-6
1522963042,0.8633489101654849,0.9625546766982,1.498904386348842,1.3333344498330778E-6
536515954,1.3333911634286478E-6,4.560659052691438,2.9082733602266413,0.008645935039710602
1239547647,1.3333291618899828E-6,4.4735388212699965,0.04715314987707654,0.06250729227304726
660530792,5.067532295102047,1.3333082216341798E-6,3.016921228823314,0.014864410735884659
13114092,2.8653412112434458,3.2789450454560596,0.6054311153319343,1.3333333716537458E-6
227342221,4.473871357871491,2.15783733872012,1.333333935727006E-6,0.04853533311631539
490407155,4.853654162109666,1.3333475619677329E-6,0.357563410130803,0.044155574409875525
1964604447,1.3332691027913439E-6,4.795401011790605,0.04090713130305039,0.03379201416452892
145795748,2.8280717770055483,2.4729351719680226,1.3333936325604336E-6,0.5154320656937553
216469060,2.527697281541158,4.567025670679174,1.333313887618507E-6,0.2329161529822418
1293951323,6.410069905368619,4.514163746184821,1.333564661111129E-6,0.030150474491642525
234623250,3.842423801465003,3.5946024596970454,1.3333348195746797E-6,0.16415966990715106
558684145,3.1936374819733464,5.313090497027416,1.3333166604305205E-6,0.75227399708633
4623497,3.808075232140111,4.773211319787816,0.03394332775734639,1.3332676992570879E-6
249061491,4.438671536168577,5.236444351831535,1.3333341970484317E-6,0.3507014252597325
1702552003,0.1530654191547667,6.464198305661125,1.3333300816639116E-6,0.23290135162641146
47525,1.3333334445191096E-6,4.4126937773299195,3.2488094263710576,2.3905840136602206
53960967,1.5442537684214053,4.209971002254265,1.333335022276395E-6,0.05203125167471128
183636049,2.3981894927245717,3.338585316499082,1.49024153691971,1.3333283778376317E-6
1543676122,2.692861120850088,2.357321585530167,2.2115882142541907,1.3333355558752325E-6
196778200,4.836890411550097,1.333264581248727E-6,1.8257636708553902,0.030950893089593545
400235601,5.1458218647475125,0.01605674732179729,1.2956207390793901,1.3333338109123322E-6
263832221,3.8858645865837125,3.3068925070270625,0.7009359966656689,1.3333242913014573E-6
883349757,1.333339729205988E-6,3.7958661911150817,0.30618772867266136,0.1114579998156634
1265783821,2.9140905100273558,5.001885941523057,1.3333156032044132E-6,0.05380308483813719
449067455,3.5653905169604254,1.3332833186801931E-6,4.3734420627086505,0.04783618432545993
31836700,2.6026250320179107,3.8716985848671506,3.0020146916331507,1.333335707611378E-6
207765407,4.182050732755968,2.093947500639902,1.3333347880548337E-6,1.39658478139303
646795831,2.9460804842866493,0.2570798010399457,0.6068415342682599,1.3333333878282192E-6
1227476,1.9909672180224678,1.3333281525338167E-6,5.636408225033958,0.06566994700127711
466438858,5.164760896328779,1.3332749712710888E-6,0.004889643429196403,0.021927832123576824
303310424,2.2449485429379523,1.3334288240495755E-6,4.692673389935721,0.0037275547950952454
745141012,2.9798681080063,5.7600679751219905,1.333326917595316E-6,0.2866478553057097
459486971,0.029686925190965094,1.3333634365004304E-6,5.516804006910024,0.4132568407611923
1244851794,6.251648833637126,1.3336417063340422E-6,4.557372909636389,0.0030159580709044186
930783860,5.447290373546082,2.2026672306714157,0.0790428053876378,1.333338254215147E-6
726342021,3.181782050370456,5.473159459026326,1.3333234500792937E-6,1.7649311808930994
295032399,2.9683654228362206,3.394485224246727,2.53092554815646,1.3333336402504982E-6
54194045,2.0918540728810737,1.3333572400551104E-6,3.5633367381581595,0.03902353748859756
349509147,0.991726664631674,5.636608901990252,1.3333284263402133E-6,0.16483211475687937
28946283,3.5045360914760812,1.3333377439817392E-6,0.8023777433896364,0.9108116181384468
8615719,4.960621601570263,1.2187670313696435,1.3333291712741226E-6,0.4202462141026007
489759486,2.815127978425204,2.1356410011300686,1.333332548273155E-6,1.286117652577701
213089330,3.3371396726112628,2.652430625619389,1.3333309009563854E-6,0.0780541314934978
316964053,1.6232398780302864,3.755845469909197,2.4962383529482812,1.3333307067682943E-6
1027212419,3.265471261158295,1.3333516484331264E-6,4.194483523933462,0.02599029725878091
2316813039,2.175309139876219,1.3333260342143127E-6,4.154025580756345,0.029658653314889916
205179636,4.299728302300483,3.3362758246366844,1.333348096773596E-6,0.05480998687837861
179649326,4.686393750183583,1.3333285606828903E-6,0.20508669855501047,0.054037513660712674
467702658,6.044170674859357,3.906353335783563,1.2279621889996621,1.3333048855100145E-6
1172289835,6.290684386008518,0.3817076836480118,1.333313932203831E-6,0.3721915962064228
1030664219,5.736776291437319,1.3326976229829229E-6,0.00449324946298447,0.7825725652440526
468098413,6.259788787123164,2.7380296943234046,1.3333285513618003E-6,0.1552037006703801
1466683017,2.8932846611560903,3.3222618755525453,0.839989227821422,1.3333367931203172E-6
1380723642,2.5171417268350287,0.9515093168931557,4.387414849035015,1.3333328412812452E-6
22628170,3.293291719390695,1.406995728790795,4.253938571670536,1.3333401829547784E-6
1435070648,4.223855904988297,1.3333650141593912E-6,1.9395497232127836,0.02459604251350008
357757604,4.537018008111829,1.3939203738364285,0.1086731613575651,1.3333315174759318E-6
749668537,6.45014554926829,1.3333259401547714E-6,0.07851980127821193,0.03193158121377796
905938824,4.867235252555522,1.333723647333732E-6,0.019361077682744872,0.013968083637988456
1473393,4.278492772851567,5.045158477336583,1.333334848462665E-6,1.5269407799376633
1460711082,0.003420994477744875,1.3334294873740848E-6,6.133495167525819,0.4323632968854456
238380518,2.8659287240366806,2.982060304417484,1.333345244938435E-6,1.2373851379274068
11743588,4.24597535437092,1.3332249153356076E-6,5.124437890861054,0.01734363939490034
276603658,5.523926076173487,1.3333140594273373E-6,0.004298859680883554,0.511335896829659
1557895756,6.134076299670062,1.3333324900485832E-6,4.0305536817870555,2.1528367795059693
202670502,3.6554047964131224,2.9061440608781357,1.5559437053655023,1.3333325192834258E-6
198854466,1.3333441596331654E-6,5.23736663999515,0.960278961569296,0.04782093235738526
1929380441,0.307269632806767,1.5747177966285715,4.129625603093496,1.333312161087048E-6
572377614,1.3332997720208773E-6,0.5011641998191679,4.340430143328437,0.013200495285327919
1359231784,3.975206969605869,1.3333287925495199E-6,0.8071439290936662,0.07160557950689134
495379863,4.403365082213385,1.333370346339157E-6,3.246339659464414,0.015946152333460365
40366309,3.246082563043686,3.984261650477973,1.3333215193650937E-6,0.052922427459055406
8907823,5.5158228476147215,1.2475544205981288,0.49875835317031714,1.333331168333967E-6
564835471,4.800576028503414,3.811542350927508,1.333332879768342E-6,0.0406419807382402
1988504894,4.949082447420158,1.3333364429204365E-6,0.4397387469833598,0.11103664811638574
643911676,0.029340526000440043,1.3333075129547617E-6,6.244419716670117,0.05538293081648743
425194107,1.3409624058451306,2.7969174521382207,2.829005714302934,1.3333311795331174E-6
253454704,2.0168709515769123,1.5801639432914147,4.762929079838875,1.3333259531447376E-6
963680216,3.7404738382290543,1.3610945649331632,2.145917919674178,1.3333331478029782E-6
526751220,1.8978602464311842,1.007126325285963,0.0738508687354021,0.1372095267773654
362614946,1.452688503788798,3.7451449292479464,1.3333360215375075E-6,0.11610424420209321
605276364,5.019992407474261,1.7242612666703026,0.43781851660709614,1.3333292870723697E-6
1523737196,2.259539244486134,1.468346786149584,4.898842017065605,1.3333286012638276E-6
1499566990,6.811259951843315,1.3333887697303415E-6,0.002474341049052233,0.029423493220024615
201037829,0.40256390256650304,3.8904667290687835,3.762724505488838,1.3333367553677557E-6
256497809,3.1180424573883934,3.6447157383758215,0.037925384771484286,1.333242268950249E-6
6091652,2.6570806350781386,6.760052318081227E-6,0.04830931916649755,0.10252649454612958
216662596,5.820224007165903,1.3763289395264888,1.3333214178102502E-6,0.8066862678239404
211895754,3.291285290469264,6.990544399880423,1.333336282005326E-6,0.09141795071294297
218139189,5.71720858169789,2.207901384277112,6.888644312399397,1.3333330204961529E-6
2077774514,4.914977983830592,1.5198348919600217,1.47376001477501,1.333333254186648E-6
55995087,1.333330765626761E-6,4.105470623186443,2.0388827926608815,1.2765992730254505
222066767,2.9563643898178555,1.753900691978372,2.492623676491394,1.3333276396953152E-6
267621951,2.7374277289957716,2.370686064263754,1.7709603597680739,1.3333311220072614E-6
177795215,3.6847461319649013,1.5576885033453285,1.3333308249248183E-6,0.6433596142500787
4562165,3.441304226583226,0.48292219428600597,0.5835230828975306,1.3333342837444045E-6
332326823,1.3333052622650775E-6,0.00557788440458146,5.279692314614806,0.04548319656373975
1512211528,1.333310369289012E-6,3.1635737164073694,4.285060827035423,0.04465989621777304
228667981,7.408685213212396E-6,1.813348529303368,0.05723610543109498,0.07014848144414103
271239922,1.6709095700749326,1.861461385276321,0.05594717608326586,1.3332668366650333E-6
1501539660,2.3208141605040775,3.6348017541323503,1.3333574311800354E-6,0.03786508559724207
1513088920,3.388964263049522,3.338659423152402,0.04760368185827006,1.3333252765700521E-6
1360848222,1.189965599889062,1.3333493712307818E-6,4.271790520113142,0.03502280779067847
1538102375,1.33334601033715E-6,5.096474044882704,0.038005379611451916,0.04402362800426639
864453698,3.9638097133192884,1.3333083730455884E-6,4.199218004945721,0.021180566080752323
1178456903,4.979847131139888,0.3005682683953323,0.023215162239269074,1.3334055155838003E-6
199158775,4.627986804305506,2.199415679313935,6.962657115267743,1.3333305775009714E-6
870166,3.6436000989688493,2.71804253847535,1.1269854785719344,1.333332964132682E-6
741575740,5.0054770704585305,1.4279418664521863,1.341648705039608E-5,0.06660896038444812
2869768,2.563870683422884,4.213442090984252,2.73566707905489,1.3333318373869418E-6
864009,1.5342426929201651,3.9250713029814652,0.3872201485552742,1.3333139890837523E-6
1320005854,5.017858645980288,1.5746498327008127,0.331938892927803,1.3333280139774492E-6
240383262,5.552199576631721,1.2544004146068448E-5,0.07376623405337084,0.08909464079047401
20362787,3.690362754465044,1.0135824568673035,1.8492265238754189,1.3333256576361182E-6
3384273,2.9280854995429224,2.2110142574820655,3.7120763478020717,1.3333350713816843E-6
1297589,3.2524717349287116,3.0634194984721033,2.1907355545719764,1.3333374879611443E-6
3868576,3.746398918421355,4.217509819778051,4.449011784037581,1.3333258423431184E-6
1505821325,2.7317526430432513,1.3333239456634736E-6,2.9496082707891222,0.04321692022856766
869170233,1.8852761136989564,2.2593765728744017,2.1333565342989473,1.3333308536817995E-6
478494954,0.9193106221836599,4.1543005173896566,0.08655893859775078,0.0292793550044123
1056489708,2.4289861208920436,0.9186604382192625,1.333347092221874E-6,0.1508319394682366
2805685,1.3333167869738707E-6,2.18170766061979,0.06415351089587197,0.13379208939112802
457726539,4.793311946357371,1.3333397864132745E-6,0.2426479309964353,0.05480122128933442
10792760,4.296518016131452,6.348092235261991,1.333333476224289E-6,0.042933741362324584
237513364,5.818815571387956,1.3333971228773251E-6,0.023920217838417936,0.6133044228619382
476132155,1.7334834547569584,1.3333070637882244E-6,0.4182039962665885,0.06611403504497554
1430565170,0.08838017042314028,0.7509299971191344,4.493723477535309,1.3333470986273517E-6
1198017,3.6219005874666776,2.9403357699743937,2.5874091030711397,1.3333272940755675E-6
247538574,4.1861427043017425,0.7543291753296473,1.3333291003856934E-6,0.05336621884782951
561748977,2.1556011550555887,2.2622518152832947,3.119811703774971,1.3333309323861015E-6
25485637,3.9233052712212224,0.9827872341245042,1.333325124555282E-6,0.041065472905445585
507532621,3.6015034415671936,1.726608497938168,1.3333367635624E-6,0.025326581578237237
188531337,3.7944218179571623,0.887435582018478,0.06547664437481338,1.3333217895726398E-6
538891745,4.592081778298355,1.333342272085002E-6,2.361839625928728,0.018161387639503833
309256667,4.073746471940066,2.9216521149631323,1.3333177053274038E-6,0.04788595904717395
1268586529,3.5909231159528283,0.6350578026722968,0.06753014862127374,1.3333629513054852E-6
205697930,3.349525707232272,6.345084081995039,1.3333341513526697E-6,2.6400254527417872
2493785,5.403230474474287,0.24256289924171506,1.3333651782352205E-6,0.31753463171232127
1637893417,7.796670405444744,2.527844141723369,3.0599931607675774,1.333328482874108E-6
1225970901,1.971120038372227,1.3333325235519596E-6,3.9725998333532186,1.839540613316599
42374887,5.5969817980375565,1.3333308665311898E-6,5.097677195778636,3.566351885022032
1217669213,1.9534206064451498,4.815500770226552,1.2955814093517697,1.3333333445781263E-6
249463098,1.271506092866139,2.9119534079229688,1.9402143384253845,1.3333205981552556E-6
186892618,4.573326293643188,1.3333222080887982E-6,1.5771429694474277,0.15030413855622984
3014331,4.4030305432337045,1.2136628875351791,1.3333207433346737E-6,0.07959739302252698
303982408,1.333011135108006E-6,2.0568767861568364,0.07622779563512694,0.1959650896159082
1325596464,3.3891117624237057,1.5977599272921814,2.173529146556173,1.3333294876073111E-6
1351903609,3.84567684940608,1.3332710423801499E-6,0.0235604629926492,0.011592529589902725
48805145,4.226681307676839,1.3332170428843812E-6,0.31608991445055445,0.02722381447598211
373615074,2.892139343549255,4.645610321669885,1.3333327056636996E-6,0.045226927030998704
179192602,5.242794630834399,1.5571596510874026,1.3333697342246553E-6,0.04855612100499449
1585494956,5.200190016589316,1.3333168768143292E-6,0.04822444573332808,0.0328777080280575
178448614,2.6668032595181335,3.0335956951593475,1.3332897577410895E-6,0.10971199417295854
11936494,2.68115024558908,3.113126697331906,1.3333309707744699E-6,1.4591324899142877
361863289,5.575271166252203,0.0397682064815734,1.3332998919348012E-6,0.5516962559522177
310091193,1.3331744765708483E-6,0.7527638205865318,4.340880481470639,0.014894191767906276
1198417,2.04890926133514,1.8550469656600121,2.5998969943100407,1.3333236616259334E-6
794087,1.495563704854551,1.7739937421754912,1.6820191307768453,1.3333328407203553E-6
530770006,3.4232211916816584,1.3334042056941917E-6,3.8373402911545536,0.044418432222701025
530899937,5.966212734271606,0.006594792587247324,1.3331386732741426E-6,0.6374884131290475
353020539,3.111855233032015,0.041303519874432384,2.0373430819980327,1.3333287769483326E-6
1515197396,3.2367422609843715,2.0206610026135694,3.1419895208034574,1.3333309208443425E-6
1217807468,3.5990611713869805,1.3333422054533817E-6,2.505507686289698,0.0637866878841001
812059436,4.527922124330428,3.405684312912075,0.31299372837993744,1.3333270482059703E-6
711882506,3.5845009932298764,3.404597942070862,0.5277389906435039,1.3333321802318328E-6
233379621,1.3333279426784619E-6,4.984511451290122,0.038125176843701904,0.036768644603111925
642020385,0.6127577050551565,0.20562595596827182,0.62109541381835,1.3333321736073156E-6
21413848,4.704382445032583,4.47205480500234,1.333322886616414E-6,0.2885461863198136
1517665571,1.3333327191697276E-6,4.136784530147193,1.221654112856693,0.49037474497913763
250649733,3.2569691798552953,1.9475351446723388,3.590956137375357,1.3333355796395296E-6
1513962184,1.3332805804893098E-6,4.295639299177895,0.16888676789966162,0.03761120529661185
1080490214,2.409929529005672,0.9877269278223986,2.5543023662044106,1.3333308482594696E-6
342135320,3.2784284074529224,0.1814682410547541,4.1676105943829125,1.3333473050692644E-6
406131785,2.8797581005039103,1.6742275149273633,4.63039567104085,1.3333364870761041E-6
415340009,5.038817791488143,1.3331359151180967E-6,0.09651186011782768,0.020972346743171746
23640688,3.0351635182315646,3.738623883997197,1.333340428725576E-6,0.044932751458069166
1557097025,2.3770552636315054,4.824081928885426,1.3333282327409536E-6,0.06517552783052268
300551308,2.2924864167840155,2.7517545921611655,0.20407218490277532,1.333345865519501E-6
1676477,6.330310074535467,1.1675073454114642,1.3333450871683042E-6,0.23275264997066436
185524037,2.190727147735192,1.3333343459184651E-6,3.2823325974058997,0.07130132741181529
197868268,6.069592203596741,1.3332392441075735E-6,0.07273005938265159,0.029288907295391943
637296152,1.333383101112636E-6,0.1439001310288378,4.914258560011219,0.1573112245117886
1530338851,1.739134754735135,0.012587987456583967,3.619227458946892,1.333419273860272E-6
2382136,2.118486008241833,0.22369875222592644,3.297318478888146,1.3333340301982061E-6
1068757954,4.749613224649116,1.4255597453991289,1.3179292113373053,1.3333179547517476E-6
259362248,2.991228762165706,2.794144549800466,1.3333239663603006E-6,0.056715541534714836
1968021964,5.7585300318448,1.3353400725795933E-6,4.746835531887876,1.5497182595742377E-4
257610297,1.8963586383243851,2.0569118934273245,1.333332713856465E-6,3.4014129223549983
1347197698,4.963922153149288,1.3333294703533542E-6,1.9409522544307425,0.7828315522020303
9539073,3.777760185377023,1.8114420675657763,1.3333308723865062E-6,0.07721813442968256
1381400840,2.8651749420763215,2.8778348187744927,0.8702006504372417,1.3333336901928292E-6
744313691,5.694282875935691,3.373257165151719,6.153727781012621,1.3333328935741257E-6
376424344,3.788757854062215,1.3333342139725644E-6,0.8413158127502338,0.05510024692869811
342018260,6.533803303396307,1.333333724900906E-6,0.5919867447407319,0.13043445885100155
208265659,2.645933119852285,1.3333144812238745E-6,1.7751497363332391,0.2725091955401623
845519,3.0728527345957746,0.21813994923716856,1.3333621521190333E-6,3.06490500645163
16262285,2.7482878626526475,3.549449363529498,1.333329832675909E-6,0.07141816457822887
1567992975,3.918011314683832,1.3333328352018592E-6,3.1545143364869785,1.2650187119766692
12906914,1.8450029104819488,1.5890890712162167,1.3333236391614916E-6,2.5501071022458284
407092217,1.3333273808683377E-6,6.168265603815732,1.3301282110945476,0.0628413620733744
979633571,1.8433413357528319,3.167382387807251,1.4144546028793012,1.333332719277185E-6
523025192,3.331308508612631,5.113534023265371,6.6075450663256845,1.3333250934421337E-6
752099318,1.0623601528650672,0.2574986778522757,3.887385871089512,1.3333344581676126E-6
322100534,5.080815462441053,1.333347142165636E-6,0.6052136664222808,0.07822666525559002
1661597304,5.000016409145726,1.3333585243764565E-6,1.9215192398651086,0.041403876785590335
1721619967,3.495588079827922,3.4728786378085426,1.3333286126659301E-6,5.076683358130202
1788508,2.8156470976405905,1.888962007305671,2.5039844324089406,1.3333337686331793E-6
33747063,1.7248621505378483,3.100580809118188,1.3333415797951242E-6,0.1538099030898897
208808122,0.06445750116558269,4.607807663132803,0.47917258353626135,1.3333075190986042E-6
26795042,1.3333755671555136E-6,1.4920532760266045,0.07329783573488806,0.08514400677039718
192231307,1.708145329523219,6.2914188153793935,1.333245332720096E-6,0.03448188459706445
535887615,3.820570984824082,1.2505341224176176,4.400504631996848,1.3333345935838912E-6
241421428,3.1773906984112688,1.5362299532960102,1.0249981851939254,1.3333265094884902E-6
235476465,5.471784576986834,4.200394655205008,1.3333311076543847E-6,4.035891374122619
271156627,6.413500019954219,0.047269641288659875,1.3329691919572452E-6,0.06896578583710325
582416280,1.3333292469379043E-6,2.8176991962873426,1.3088275212643055,0.18894008386491498
382170702,2.6632126967430425,1.3333225403221745E-6,2.6842586139804485,0.04425079026002952
175485485,4.726112962897654,1.3333718489382194E-6,2.5272005492965577,0.031113743418683695
1484014000,2.6639856808529645,4.464377100849999,1.3333264638431112E-6,0.042554274986149256
1119840252,1.3333290268989443E-6,0.035532170034505366,4.807900432799536,0.0376789995202054
200888797,5.3806701867169995,1.3333634714661252E-6,0.0590062929982435,0.2622990445243471
831038,2.614621114049146E-5,2.940743387911729,3.484219417787859,4.542295772862635
37077380,3.737030577562792,1.4657262460845801,1.6070103530853048,1.3333326418747565E-6
467481116,6.003530137065947,1.3333334397231892E-6,3.0026546224813995,0.14274765020626598
224888618,3.2482426095503216,3.367547693568891,1.333332248429116E-6,0.0692521426271452
266084535,1.3333212398220386E-6,2.00888868086398,0.7922008066169243,0.102681160079613
363087494,5.516536528821967,0.8446911486505705,1.333320892988238E-6,0.03307401192830259
335036925,4.45074742407205,0.03644702107228491,0.8499545300397777,1.3332567655687826E-6
1528450183,6.7957066025977735,1.3330561976956023E-6,0.06240616584436304,0.07667760563574032
1038393,5.765476808928428,0.04938965866865442,1.3334599848370764E-6,0.7421356937806493
460386136,3.35405382120196,4.147030824767174,1.4689888750685915,1.333332680691689E-6
471877964,1.9604131586351425,4.059558073981702,1.850669565274942,1.3333415521314862E-6
267653965,4.2937589114102845,1.8237434944100939,2.7936570255722293,1.333331254452122E-6
50844490,3.0170652275178,3.039238354731229,0.32377402517513326,1.3333303396539205E-6
26926343,4.6895234346892645,2.8988953853172923,0.11314283262420556,1.3333348586111593E-6
1991366,2.9230751616726796,5.71430593225233,1.3333354956258416E-6,0.11354338691766876
372958001,4.10874961142342,3.8781789619992826,2.0344626846305927,1.8506381858845903E-5
224984506,2.989540116634883,2.925710596030579,1.3333347071187578E-6,0.09955006355152678
30412871,2.3941716103821635,1.0968612819696273,0.22508680456161692,0.021668462849299124
239380550,1.3380523879856771E-6,7.762072732498392E-4,0.9184433545125669,1.406923607593039
23732334,3.7391622799082316,2.2208879579640324,5.807135871850494,1.3333309599652343E-6
976262961,2.3174821796332723,4.253753196710642,2.8336597531018537,1.3333315770079368E-6
44272785,3.0854401833364897,1.988150509350456,1.7220126412948715,1.3333308267403096E-6
5175130,3.9483153840306846,1.9617242136402802,1.3333316915303672E-6,0.08526408792697156
1465001512,3.7284545644302787,1.1565802147538138,0.05875793067144689,1.3332989873800445E-6
359509471,1.3333336932153386E-6,0.5160087423368305,0.8936885984040853,2.8972935924331678
43373288,1.9253311063325647,3.9281519453799243,0.2963865057542167,1.333329526883974E-6
769582,2.452835236148385,4.390457903392021,1.8699345802234693,1.3333309916591328E-6
1484212212,1.7470400372752837,1.3333294584995308E-6,3.6365318457834634,1.0162851032862403
16838282,1.95598898423372,4.213006070991455,0.01444422185330252,1.3333334870610806E-6
366564420,5.300325724693989,3.558107578026461,1.8725989732507007,1.3333327777554344E-6
856125062,2.260077446048834,3.461255799517347,0.7753280835955649,1.3333307828831304E-6
1477732293,4.8592273419964815,1.7123946598263828,0.705441256776132,1.333333870169784E-6
778228762,2.232083806350726,1.3333423315977653E-6,2.576645355652046,5.232940411547245
495410610,2.0832714985402827,2.9829138509252235,1.8376330930073288,1.333324645209068E-6
2061161,2.624599235134393,3.8162498893015218,1.695729073193742,1.3333268543995984E-6
635537849,2.0761627239069065,0.6167917302932436,3.0164771124867564,1.333324392400983E-6
9688438,3.254418077859343,3.2888428916257575,1.333330910013678E-6,0.11673036264518141
2076190,2.631701016110246,2.7312572113374323,1.3421284307486243,1.3333291710213317E-6
387804605,3.5902666315912417,1.3333295045316272E-6,1.6054072473247771,0.12424809619096505
299889819,2.1862216749608554,1.3333289851872208E-6,3.8348706428906874,0.07155603262274916
526363172,5.187735803723445,0.7473051560378166,1.333324217150152E-6,0.0659888271515395
341934645,2.1122381019081176,1.3333123996473894E-6,3.300063769358191,0.020307507334203886
12462327,4.310036201137017,1.1545437459302457,1.0965310214687565,1.3333264022559478E-6
1392836448,2.7353599553560306,1.8820910733331166,2.4613286721270504,1.333341809614555E-6
1066901,1.5098279175325826,3.202607199413001,1.3765868362206057,1.3333311894705263E-6
527909974,2.048271527758467,3.8721600682368367,3.3842682280089766,1.3333382252768782E-6
781876,3.933173807597028,1.3526440290324646,1.3964936346138093,1.3333208917800776E-6
242343983,1.3333232258823109E-6,3.9277210939259235,0.14187249196125876,0.011979101600551746
42050086,3.3319307939127274,2.8963569804650726,0.07253852983922034,1.333457476700449E-6
208695603,3.6649790482518547,3.05464240617109,0.05792879027578858,1.333337284509973E-6
1603709979,5.99172956195909,1.333310693044482E-6,0.10114759394488311,0.04538209766077286
12823531,1.912034327335191,2.8963794167751646,3.22620297779251,1.333334931471938E-6
2479803,4.5156661218870235,1.6474685921150634,1.5497786170794594,1.3333331592065256E-6
240442515,3.3428609448073323,3.8207562866439404,0.4886452179201857,1.3333313384962755E-6
269922335,1.3333937349160705E-6,5.048159595499903,0.0575132335552799,0.012444337594683028
1215437540,3.899745208026053,1.3333590541059932E-6,3.9094013935546923,0.02988492181612704
196677619,6.027404199399157,1.3333226604081573E-6,0.09837615833600208,0.4145954102827424
211739830,6.2007941135540845,6.003285798661204,2.850627049689712,1.3333316449116406E-6
309194749,0.6365003717887946,0.09739052740697647,0.0887461070887356,1.333247932504703E-6
1424701184,2.8649524297753683,1.8804313811837807,2.937706458176984,1.3333281530038425E-6
78648,1.5778390553628554,3.667392106552843,0.8197296645249571,1.3333347818927495E-6
343614888,1.3335895409359466E-6,0.008615215349095628,4.580630691977281,0.0546930067944016
206367606,4.007861235886298,0.2835340146709243,0.898916475434111,1.3333216315914435E-6
329678610,1.7633678679082272,2.8541223993465823,2.9674835346166506,1.333306361964014E-6
22440645,1.0033024564742847,3.9991598110250886,1.8912094291196624,1.333333442666961E-6
29859151,2.204635622358339,2.5136718007631558,1.4163881200687651,1.333332954702971E-6
788005,5.669235615339882,3.105495594115651,1.3333310753080216E-6,0.28245277990969897
23461186,2.4378128255553753,4.5609318780197246,2.2251501982442368,1.3333462065475625E-6
13059005,1.333252801366649E-6,2.3841051351303304,4.26665083562423,0.012765817968083898
251584954,0.4141313213828409,5.387892460736206,0.10216188695260389,1.3333246277374744E-6
248522344,5.564043121338005,1.2995245556879866,0.11150306147767444,1.3333561278291163E-6
544012526,3.3141998020196013,1.3333347051299226E-6,8.883861971643482,1.3333347051452191E-6
345586825,4.196567435259508,0.42196314680957187,2.8543453715564815,1.9952617340293055
18854090,2.300642672336416,1.0369387804153474,3.6505752682952077,1.3333705630514463E-6
1449596183,1.3333373208466987E-6,5.946982648732618,0.6236577566472916,0.4884974421396207
526172948,1.3333482223467181E-6,0.42465980533210634,4.4020737922583315,0.02801976218756374
211165873,1.321652854945879,3.9761406688396947,0.3606569632608476,1.3333303502676959E-6
24958698,3.7506710725204657,0.4316206030462515,1.7631952762943337,1.3333358425497562E-6
9456650,2.6632636762338158,4.356972746973062,1.5949773656862987,1.333333401457268E-6
39609231,3.605543885487918,3.9221675518298973,0.089194366553943,1.3332947766329694E-6
47783190,2.266178016639932,5.756655447453599,5.526855085922321,1.3333359207947592E-6
218496931,4.146408415500618,0.0807530805698052,1.021802153952288,1.3333010130861993E-6
2602391,1.3333355669919472E-6,4.388566944701044,1.332830637249315,0.5540566806952653
1340118021,2.05682110501542,3.7572886662639586,3.1202563862231325,1.3333289974467386E-6
297317271,1.3333054362549686E-6,4.249764588499536,0.519396127048277,0.050132041796143945
276862452,3.5103296801937844,0.09983110282739995,5.14660066608332,1.3333412272621456E-6
1105797835,5.838580615979528,1.934470312445677,0.1931931738036204,1.3333310098441617E-6
8829552,2.6440151325677808,4.303047579064744,3.317722332933812,1.3333405336420742E-6
273275256,2.7635416437507163,4.221823303604354,1.372983877700328,1.3333227595493835E-6
4270959,4.175310331032664,0.7055724566971093,2.6751876170604323,1.3333308512322274E-6
23626351,2.4495341745850334,3.059636191724852,1.7124087777184256,1.3333331498910781E-6
2308135,1.6202349137911751,5.854846868982117,0.11428008365331417,1.333323803376325E-6
233986127,2.397096911365812,0.8926273425795361,0.9029240585132251,0.5828139492501132
976963157,2.6651630270403315,4.454516642692558,0.47577109429401626,1.3333307228990008E-6
497665067,2.8333563182088004,1.9677224003155271,1.392511896719049,1.3333291569786181E-6
187634975,2.8272582732256284,1.9350095462112937,4.1389949730346896,1.333332724037986E-6
208367668,1.5514040725547842,0.5728093698720838,3.5312352491759116,1.3333302029776423E-6
258102864,4.560041015109519,0.02141120601122985,5.93681647916519,1.3329381740332884E-6
3890255,2.2338733467948493,4.278372149377137,0.16574323064406615,1.3333335409373081E-6
1358376686,4.704704551864058,1.3328547240929122E-6,1.4027959912757118,0.004607807980658028
29950685,4.838321947654936,0.007736148910708861,0.25682319928707864,1.3333704674384015E-6
218585478,2.018093054602954,6.920164975524038,0.14018418155340273,1.3333276056116595E-6
1370119083,1.6589872031760484,1.1063106267434692,6.626750052727966,1.3333314847546618E-6
21420093,5.73143901407633,0.36315941181628336,1.8497279526839148,1.3333361534558936E-6
12152779,3.1532354814860204,3.586968198418617,0.14453928522796206,1.3333443516829327E-6
337358922,6.228416931943577,2.177819975554279,0.19120164976726858,1.3333315113821758E-6
447587670,1.357801228657288,5.4081507390346895,0.05791710162775139,1.3333296745993494E-6
178043101,1.3333012949499892E-6,2.2978632757436226,0.18446619079721593,1.2378558370013917
5755715,3.3024689853497335,3.6659391289814653,1.0580444001978562,1.3333356081622716E-6
1387411024,2.551253063454194,1.5122602144965023,4.185007499465728,1.3333329549163998E-6
176016306,3.2264915657471915,2.028886850628466,2.4316788765126076,1.3333248710345066E-6
3044909,1.9978200967106328,2.9650893659053903,1.6190773947688029,1.3333302134130978E-6
204847429,5.328951980187193,0.11314300037797892,0.17391759264649345,1.333293250254186E-6
4360687,0.46543211036346543,0.034943675704504726,5.404048025287161,1.3333153524242305E-6
1271707178,4.533385837299571,2.6758823960442397,0.11675326057176222,1.333329700386568E-6
190439839,3.7663623116397367,1.4412134391391132,1.8780849475018668,1.7525001010415322
187151842,2.7234610741528487,4.0474649789057615,0.8665146837195536,1.3333329704831901E-6
241151788,2.7663301529853417,0.2537221096325486,2.299313683763347,0.899392587724229
4787785,2.5275398613339193,3.234622119893097,1.3747637185316444,1.333335244681532E-6
10185510,1.5240016098516571,5.034270184299388,1.4580762829556826,1.333324506412874E-6
31633728,2.4623233390933827,3.222274870489779,0.1323051919645917,1.333334568781512E-6
10004059,3.7774097522422476,0.28184461336215755,1.574419768280918,1.3333282561510654E-6
3373974,3.1954641988448276,3.4172615408566505,0.10558216298731576,1.333336291867473E-6
273114450,5.265763281558041,0.08899641163672957,0.7143419969966519,1.3333197251643728E-6
3879158,3.8114171521677678,3.2474845773578336,0.1452271932123515,1.333329810349123E-6
628103579,5.02619713187453,1.33332643248443E-6,1.4999687288314902,0.808502733563347
192121043,2.3623848683529745,4.657526549690519,3.7352137622956616,1.3333356300920836E-6
1312221,2.790385531589512,3.793930118968172,0.5687815852181137,1.3333188467512587E-6
145308730,2.1635642377057107,3.7267781498575507,0.9566724250750201,1.3333211902257847E-6
646862038,3.026072466446789,3.906622355189267,0.6601102005753235,1.3333290766268535E-6
294631191,4.8122584983904675,0.09360693852856711,1.0553833085207174,1.3332886734111986E-6
8946560,0.14611736310135542,3.540648404333071,3.708609487048477,1.333317235811976E-6
198762295,1.9251356265000554,1.4591937422834016,0.842690435287496,1.3176500891400635
2007924,3.7477847012166086,1.5197320052904821,0.7772434123624788,1.3333301591520297E-6
1683745,3.48741078186654,2.8276585672918655,1.5186512622963855,1.3333304077866387E-6
230727846,1.3333102888108666E-6,3.943386807557906,0.4978391637342904,0.005628211654269192
217782915,2.368776632505369,4.357850244796092,0.10810814690803518,1.3333456909187323E-6
31768160,5.348559448973787,2.3847608350018947,2.86236728458577,1.3333327089069697E-6
237776406,5.286699340881083,1.3333243985330332E-6,1.3116266071449796,0.034928104533250834
224336487,3.9063790657537867,1.899942945599791,0.2226056692306583,1.3333337489840732E-6
331302998,2.259804937147606,4.1481907647286524,2.123469460928782,1.3333306108099343E-6
407307136,3.1986853834778364,0.7918187291418846,3.0855316874780008,1.3333373990190538E-6
870445759,1.6420717847701065,3.0895373127667316,1.538978607396425,1.333357243357269E-6
2708917,3.115198877053925,2.227038786626251,0.23287577704395165,1.3333243561583853E-6
287869909,1.963841499430185,0.014019798753038278,4.720569269801666,1.3333174128776308E-6
509995308,2.6040332671961917,4.442664158821091,0.09273649335441701,1.333310877493462E-6
367160963,5.832091004867508,3.8879548214137367,0.11213070450912899,1.3333263114553042E-6
5361039,2.61284701249383,4.949524499542788,0.11727556329021424,1.333330065369211E-6
41357433,2.052444600718008,3.1967876852203503,2.8076284744896065,2.4119460578194882
1551389,1.3333358636815415E-6,3.542720192830382,1.510190862498961,1.5739034166510213
5977929,3.226076549317569,4.20941716871259,1.0564627314513366,1.3333309565280453E-6
2537473,2.8390756369678285,3.5378843084861216,2.0599289540189525,1.3333342339110695E-6
16065847,4.844927930980178,1.0192618180107929,2.2705005536646907,1.3333327470318424E-6
326739637,1.3333348075168122E-6,1.143009048557446,0.3885397674645163,0.8393665414770526
27543924,0.5470552900935118,2.9376637865017896,0.23544403360546862,1.3333230557945918E-6
41987900,4.514415162696441,5.032972893340869,0.1476134584807451,1.3333294962572389E-6
856855,1.8929946663591801,0.4381618841382573,4.977515886592979,1.3333305951133005E-6
41373987,2.7838115086069313,3.1039136131938125,0.23471307272811776,1.3333303543592004E-6
1075272,0.9590221473404065,0.01847132177625531,5.1354776098083486,1.3333433632421556E-6
252976899,5.68314455274768,1.831750234620202,0.45668811056062514,1.3333336818657086E-6
1064366,4.308510697364992,1.9067805432808684,2.722370214669134,1.333337707118695E-6
1113090,4.0292456054880965,0.6671371068284321,0.16507247694015023,1.3333323667601455E-6
179360669,3.220856800553808,1.3333307066658655E-6,1.748607373554832,1.1334069546518002
10820607,1.6717260355402055,3.691546256031035,1.394901263220746,1.3333434274781225E-6
583684651,3.0676596556919282,3.1293747479335186,1.4659006116837938,1.3333328249240992E-6
335965077,4.9131102654986245,1.9690264170319844,0.10633872085636795,1.333326329379155E-6
777821651,3.538281936936755,0.35757565422631304,4.487644981790794,1.3333313342701291E-6
320498757,6.4920450613223615,2.866103548063847,0.1378048390755662,1.33334090179341E-6
610571830,1.4052947617424494,4.984189887616326,0.28934289826400394,1.3333327168539196E-6
15977721,2.633284338398834,1.8947210638132865,2.646840470181256,1.3333333024119855E-6
1476954,2.817403183590331,2.148219268845359,1.8597736212626739,1.3333673208384723E-6
35720927,3.289685835935423,2.281748892694938,0.7033212053901062,1.3333341977650345E-6
15597699,1.4545302225920103,3.303793214826834,1.7077322266844897,1.333334387908587E-6
26958503,2.30262313895802,4.728745508388925,1.0007196243076468,1.333321863105129E-6
630230818,5.947823269928739,0.10833299447019948,3.233769673494465,1.333289267712378E-6
2226095,2.78920668097923,3.874517230382079,0.11041189915298039,1.3333258290132118E-6
2188824,4.206527809233789,4.809328419112792,1.2798284190555593,1.3333276470071977E-6
3830537,3.433193190492342,3.8251716163268896,1.7354950690003883,1.3333235719763347E-6
6360082,1.3334012713729965E-6,2.4965571623144953,2.5152215796056065,0.2254872017541379
4130384,1.7549847850144291,2.4826205964067203,3.7613029513084317,1.3333319483476169E-6
248508947,3.37611575544752,1.9243295541138616,0.852253221987071,1.3333306951539614E-6
845529,3.9198010116621935,2.376425112988045,0.20505150020093443,1.3333370644887187E-6
231949310,3.627116819889486,1.202546702754697,3.0793735362332533,1.333336188480112E-6
1445709739,4.864916827730142,0.01640045554561031,0.20585808190904606,1.3332732837062347E-6
54051005,3.2716971724366584,4.071170760337764,0.9135420361382737,1.3333301200863173E-6
363956201,5.44163644773302,1.633076191920931,0.23049129898853893,1.3333403617802831E-6
626589315,5.9323029161301815,0.005755725366264869,0.3232818189308541,1.3328509980859104E-6
217728319,3.372088153143964,2.5063185349989023,0.5035824685848497,1.3333348696246931E-6
174332982,1.3333507718846087E-6,2.1633395469491252,4.853639736922357,0.03640359966768548
43221060,4.3577906807649365,2.3759413188799385,0.9115199074355993,1.3333295186332498E-6
27622521,4.088325156315106,1.8801857421066666,1.5846463182811568,1.3333312551752081E-6
958642,4.135600706702716,0.7075610677160384,0.381759796957219,1.3333336652968434E-6
3112656,3.1984402990606005,2.6748584936136126,2.5632258988417176,1.3333310440758734E-6
247605893,4.29551222446864,0.11286712879973751,2.796189202919869,1.3333238517520825E-6
54815032,4.756381674094168,1.6542912400370187,1.5049324961288617,1.3333253344249209E-6
43958828,4.522600181142228,3.1062762352132403,0.13824962616461117,1.3333515971904078E-6
1649828,0.03723815532240384,1.4917678788903581,4.4932621835589925,1.3333440018660334E-6
22171095,1.7764756756267337,4.04628663374014,1.0624457589597125,1.3333265199865996E-6
316731281,1.9815943090024033,3.595246033607983,0.14611388130553754,1.3333304805705017E-6
1000179911,2.482760929102239,2.0412170915105587,1.646896079222754,1.3333289724179388E-6
25424715,4.392478822646196,1.8461404811665398,2.304070946926891,1.3333332676424547E-6
9685103,2.544628579073428,4.5633027776341315,0.134791825095975,1.3333403736647667E-6
3037457,1.3333407693074355E-6,2.9932379572611665,2.720466390004417,2.7591785099856416
186019852,0.20763318305548276,3.776174950791533,2.679104521746861,1.333326913154934E-6
255457057,2.1683499070053798,1.5242900946863378,3.4009068325483423,1.3333293749449341E-6
348630381,2.664535338384988,2.328183036440207,1.6058107459989475,1.3333336987417E-6
1324153,3.2715094404076264,2.710715134872256,0.18534321790335898,1.333327180151189E-6
52858265,4.936326431387248,3.9405692036751234,0.1311913192715027,1.33329024193145E-6
1371898,4.440351821101086,1.1911184657293485,1.9510637694945363,1.3333346072161006E-6
1097118847,3.5817228099634155,3.8292899143663357,2.972351730741165,2.4479181806607597
3523523,2.567771006805125,2.4551293359706756,1.77157730373776,1.3333431537456668E-6
2064315,2.8247532123778756,4.412590707699432,0.1373345976261303,1.3333341734805864E-6
3300887,3.255916016589916,2.8357015488653423,0.11260061636400626,1.333333314212724E-6
5057456,1.6845741762462956,0.20786756586934774,3.6480097692904074,1.3333335449500655E-6
4587001,2.989222388781804,2.6217330180229688,2.1142932674683057,1.3333341762939476E-6
3117840,4.9342307497628095,0.41515696424483534,2.794961565549661,1.4190966787298782
450292261,3.136262044435,3.979289621562537,1.7325437378079112,1.333333038053942E-6
1508932219,4.333382322125313,1.333312067826644E-6,1.3358453688489278,0.014173165319407894
2196457,1.9053217748905495,3.126933636177003,0.3591637499881734,1.3333185933829728E-6
45966580,4.130244004351741,3.7099628934107587,0.14197087356471202,1.3333263545686622E-6
89692,3.2498360913086137,2.8041981525872113,1.3652091263783999,1.3333338588841832E-6
222815744,4.308591082038138,1.6238355699068006,3.0935024794383548,1.3333305153262424E-6
176925601,2.562823405865141,3.1742963263627297,0.2369761899006285,1.3333353199779465E-6
35127351,3.6913765509597245,4.0425709911771825,0.4350906433985562,1.3333272021039132E-6
781429,2.3890632332749138,2.634982281657703,3.2809867246256914,1.333336517015652E-6
189778250,2.8118804569484603,1.7141532152875114,4.467047844324046,1.3333351798992227E-6
349467985,2.394576009076457,2.7957291490476304,2.9492739950831672,1.3333351017597563E-6
990644,2.231463591100479,0.4138711696430351,3.380048615841509,1.3333300114912439E-6
301613458,2.2888784926856744,2.897203726777611,3.495644017880844,1.333332198124688E-6
868058015,3.8852630399104613,1.471350147173866,5.123674707531715,1.3333314044131842E-6
190136173,2.972655184761697,2.612849039100094,4.303446183657441,1.3333240530982536E-6
27431896,4.021714298759806,4.266137539876731,0.1371928934459383,1.3333515381608481E-6
1333203523,1.4056077250912458,0.09761907269910462,3.775472481823002,1.333325564813086E-6
200449325,2.646910684148666,2.1713099788305317,1.8277680478238911,1.603721218662685E-5
12843885,1.781061170011612,3.6057284520511472,1.9217550753808312,1.3333295455446574E-6
242708369,6.075087732409119,6.423006160550702,0.12627213058703804,1.3333040821419068E-6
389492388,4.072381526798202,4.555952095846787,2.3423441481522804,1.6308051369196181
4268403,2.2585998555857545,1.8150387458564814,3.6350415861807512,1.3333420762301937E-6
20850451,2.955382174624997,3.5323536868205765,2.80030834492935,2.116611497497203
2490353,3.8552923026638153,3.690381327586366,1.4177223990555228,1.3333354995862162E-6
6308389,3.6193960194711536,3.4340329675032772,1.1144012824400988,1.3333376813887038E-6
1898141,4.98009491972527,6.176592428990434,3.82721147708798,1.333345941737411E-6
181896432,4.095816653917386,1.8071992543248925,1.2262218206814128,1.3333318571657792E-6
12752931,3.6811742444320923,2.9799098566338156,0.6558741596533415,1.3333241107126548E-6
1113921,2.90184333860957,0.8468611860666657,3.2570369112721216,1.333335400992574E-6
145714741,2.4523748512359,3.2086369361220743,0.5579429788513616,1.3333307961983115E-6
1676784,4.185920012592157,3.322861583596775,1.280366197847982,1.3333407459274256E-6
1444451,2.9162765645441935,3.239054732414587,2.9804598140497602,1.3333334507546583E-6
1213941,3.8335804312079897,3.0851691145257347,3.22475252458999,1.3333322359240477E-6
1371467,5.470554015608027,6.205189846881999,2.1231234218855155,1.3333379557632107E-6
4487106,2.783141567343104,4.570009582075923,0.21790619094722788,1.333325645415923E-6
289020041,2.0557853576977885,2.261861295306626,5.450777473754408,1.333333090499423E-6
3135225,3.526819660963806,3.1395489595279655,0.31506275482852075,1.3333281344527141E-6
2692900,4.4968354010274245,3.2975684021053397,7.0247449689832315,1.3333137798939877E-6
185416714,3.239753197412937,1.3545762700437434,5.5888716142755355,1.3333315271748193E-6
815942819,3.0966282538365544,1.678871662989659,2.968053248334321,4.369215491049544E-5
23876446,2.3470783961080497,3.3661494381463126,1.3653039898688533,1.3333269133104028E-6
1090055,4.230303368710209,3.1688254645036755,5.6089926889724335,1.3333305353154083E-6
